gid,role,role_score,cluster_id,priority_score,evidence,is_seed,depth,truncated,in_deg,out_deg,in_kzt,out_kzt,in_tx,out_tx,pass_through,hold_median_days,seed_reach,n_seed_payers,betweenness,sync_max_payers,in_cycle,inflow_outside_sample
100000000011452100,peripheral,1.0,3,0.5593,"Признаков роли нет: связи 3 вх./1 исх., оборот 110 тыс. ₸; блокировка отсекает 127 тыс. ₸",False,1,False,3,1,110000.0,16685.0,7,2,0.1517,2.0,7,1,3e-06,1,True,False
100000000018102100,peripheral,1.0,3,0.2268,Граница выборки (4-е колено): исходящие не видны; получено 7 тыс. ₸ от 1 плательщика,False,4,True,1,0,7000.0,0.0,1,0,0.0,,7,0,0.0,1,False,False
100000000031787100,transit,1.0,14,0.6523,"Признаки транзита: пришло 90 тыс. ₸, ушло 100% за ~2 дн.; связи 1→2; блокировка отсекает 180 тыс. ₸",False,2,False,1,2,90000.0,90000.0,2,4,1.0,2.0,1,0,0.0,1,True,False
100000000041368100,peripheral,1.0,8,0.2914,"Признаков роли нет: связи 1 вх./0 исх., оборот 160 тыс. ₸",False,1,False,1,0,160000.0,0.0,1,0,0.0,,10,1,0.0,1,False,False
100000000076451100,peripheral,1.0,2,0.582,"Признаков роли нет: связи 3 вх./4 исх., оборот 88 тыс. ₸; блокировка отсекает 158 тыс. ₸",False,2,False,3,4,87707.0,58000.0,4,4,0.6613,5.0,7,0,9.8e-05,2,True,False
100000000089154100,transit,1.0,1,0.7274,Признаки транзита: ушло 426 тыс. ₸ при видимом входе 10 тыс. ₸ за ~0 дн. — приток вне выборки; в ядре-кольце из 85; блокировка отсекает 436 тыс. ₸,False,1,False,1,15,10000.0,425500.0,1,21,42.55,0.0,7,1,0.000109,1,True,True
100000000190228100,peripheral,1.0,11,0.4407,"Признаков роли нет: связи 1 вх./1 исх., оборот 29 тыс. ₸",False,2,False,1,1,5000.0,28560.0,1,1,5.712,,8,0,2.2e-05,1,False,True
100000000201868100,transit,1.0,2,0.6257,"Признаки транзита: пришло 190 тыс. ₸, ушло 100% за ~1 дн.; связи 1→1; блокировка отсекает 380 тыс. ₸",False,2,False,1,1,190000.0,190000.0,1,1,1.0,1.0,7,0,0.0,1,True,False
100000000254336100,peripheral,1.0,10,0.5538,"Признаков роли нет: связи 2 вх./1 исх., оборот 97 тыс. ₸; блокировка отсекает 157 тыс. ₸",False,3,False,2,1,97177.0,60000.0,2,1,0.6174,0.5,7,0,1.9e-05,1,False,False
100000000267734100,transit,1.0,14,0.7705,Признаки транзита: ушло 282 тыс. ₸ при видимом входе 180 тыс. ₸ за ~1 дн. — приток вне выборки; блокировка отсекает 553 тыс. ₸,False,1,False,2,7,180000.0,282000.0,4,8,1.5667,1.0,1,1,4e-06,1,True,True
100000000274067100,transit,1.0,14,0.8141,"Признаки транзита: ушло 3,0 млн ₸ при видимом входе 518 тыс. ₸ за ~0 дн. — приток вне выборки; блокировка отсекает 4,6 млн ₸",False,1,False,2,3,517704.0,2969000.0,9,9,5.7349,0.0,1,1,1e-06,1,True,True
100000000287768100,peripheral,1.0,3,0.2587,"Признаков роли нет: связи 1 вх./0 исх., оборот 35 тыс. ₸",False,3,False,1,0,35168.0,0.0,1,0,0.0,,7,0,0.0,1,False,False
100000000288317100,peripheral,1.0,3,0.5688,"Признаков роли нет: связи 2 вх./3 исх., оборот 100 тыс. ₸; блокировка отсекает 154 тыс. ₸",False,3,False,2,3,100000.0,53500.0,2,3,0.535,0.0,7,0,5.8e-05,1,False,False
100000000291906100,transit,1.0,39,0.8129,"Признаки транзита: пришло 388 тыс. ₸, ушло 117% за ~0 дн.; связи 2→2; блокировка отсекает 1,2 млн ₸",False,2,False,2,2,388000.0,455854.0,3,6,1.1749,0.0,7,0,7.8e-05,1,True,False
100000000291908100,peripheral,1.0,39,0.5245,"Признаков роли нет: связи 1 вх./1 исх., оборот 296 тыс. ₸; блокировка отсекает 309 тыс. ₸",False,3,False,1,1,295500.0,13300.0,5,1,0.045,4.0,7,0,2e-05,1,False,False
100000000297649100,peripheral,1.0,16,0.4054,"Признаков роли нет: связи 1 вх./1 исх., оборот 71 тыс. ₸; блокировка отсекает 111 тыс. ₸",False,2,False,1,1,40000.0,70600.0,1,2,1.765,8.0,8,0,0.0,1,True,True
100000000299820100,peripheral,1.0,3,0.2304,Граница выборки (4-е колено): исходящие не видны; получено 10 тыс. ₸ от 1 плательщика,False,4,True,1,0,10000.0,0.0,1,0,0.0,,7,0,0.0,1,False,False
100000000307908100,peripheral,1.0,35,0.2236,"Признаков роли нет: связи 1 вх./0 исх., оборот 5 тыс. ₸",False,2,False,1,0,5000.0,0.0,1,0,0.0,,1,0,0.0,1,False,False
100000000331309100,distributor,1.0,7,0.9234,"Признаки веерной раздачи: 99 получателей, отправлено 23,0 млн ₸; в ядре-кольце из 85; синхронный сбор: 3 плат. в 1 день; блокировка отсекает 34,5 млн ₸",False,2,False,5,99,984635.0,23001375.0,8,126,23.3603,0.0,7,0,0.004557,3,True,True
100000000332284100,consolidator,1.0,1,0.9216,"Признаки консолидации: 10 плательщиков (курьеров: 0), вход 107 тыс. ₸, дальше 3 получ., отдал больше, чем видно входящих; синхронный сбор: 3 плат. в 1 день; блокировка отсекает 730 тыс. ₸",False,2,False,10,3,107426.0,289500.0,12,3,2.6949,4.0,7,0,0.000109,3,False,True
100000000343175100,coordinator,0.78,15,0.3965,"Кандидат в координаторы: собирает от 8 плательщиков (179 тыс. ₸) и раздаёт 31 получателю (4,0 млн ₸)",True,0,False,8,31,178712.0,4000039.0,14,33,,0.0,7,1,0.001095,2,False,False
100000000369781100,peripheral,1.0,7,0.2236,Граница выборки (4-е колено): исходящие не видны; получено 5 тыс. ₸ от 1 плательщика,False,4,True,1,0,5000.0,0.0,1,0,0.0,,7,0,0.0,1,False,False
100000000375150100,peripheral,1.0,32,0.3032,Граница выборки (4-е колено): исходящие не видны; получено 300 тыс. ₸ от 1 плательщика,False,4,True,1,0,300000.0,0.0,1,0,0.0,,10,0,0.0,1,False,False
100000000404740100,peripheral,1.0,27,0.2497,Граница выборки (4-е колено): исходящие не видны; получено 25 тыс. ₸ от 1 плательщика,False,4,True,1,0,25000.0,0.0,1,0,0.0,,7,0,0.0,1,False,False
100000000408846100,peripheral,1.0,28,0.2614,"Признаков роли нет: связи 1 вх./0 исх., оборот 40 тыс. ₸",False,3,False,1,0,40500.0,0.0,1,0,0.0,,7,0,0.0,1,False,False
100000000413678100,transit,1.0,17,0.8067,Признаки транзита: ушло 528 тыс. ₸ при видимом входе 306 тыс. ₸ за ~0 дн. — приток вне выборки; блокировка отсекает 835 тыс. ₸,False,3,False,2,3,306500.0,528198.0,2,18,1.7233,0.0,7,0,5.8e-05,2,False,True
100000000424935100,peripheral,1.0,20,0.2366,Граница выборки (4-е колено): исходящие не видны; получено 15 тыс. ₸ от 1 плательщика,False,4,True,1,0,15000.0,0.0,1,0,0.0,,7,0,0.0,1,False,False
100000000425407100,peripheral,1.0,3,0.2437,"Признаков роли нет: связи 1 вх./0 исх., оборот 20 тыс. ₸",False,2,False,1,0,20000.0,0.0,1,0,0.0,,7,0,0.0,1,False,False
100000000437046100,coordinator,1.0,3,0.999,"Кандидат в координаторы: собирает от 9 плательщиков (1,1 млн ₸) и раздаёт 42 получателям (7,6 млн ₸); в ядре-кольце из 85; синхронный сбор: 3 плат. в 1 день; блокировка отсекает 9,2 млн ₸",False,2,False,9,42,1107200.0,7606224.0,20,73,6.8698,0.0,7,0,0.002197,3,True,True
100000000440392100,peripheral,1.0,2,0.2842,"Признаков роли нет: связи 1 вх./0 исх., оборот 106 тыс. ₸",False,1,False,1,0,105705.0,0.0,4,0,0.0,,7,1,0.0,1,False,False
100000000456947100,peripheral,1.0,0,0.0,Нет переводов ≥5 тыс. ₸ внутри банка за июль; курьер из исходного списка,True,0,False,0,0,0.0,0.0,0,0,,,0,0,0.0,0,False,False
100000000470237100,peripheral,1.0,20,0.2571,Граница выборки (4-е колено): исходящие не видны; получено 32 тыс. ₸ от 1 плательщика,False,4,True,1,0,32500.0,0.0,1,0,0.0,,7,0,0.0,1,False,False
100000000481716100,peripheral,1.0,9,0.2275,"Признаков роли нет: связи 1 вх./0 исх., оборот 8 тыс. ₸",False,3,False,1,0,8000.0,0.0,1,0,0.0,,7,0,0.0,1,False,False
100000000489417100,transit,1.0,1,0.7328,"Признаки транзита: пришло 74 тыс. ₸, ушло 109% за ~0 дн.; связи 3→1; блокировка отсекает 154 тыс. ₸",False,2,False,3,1,73504.0,80000.0,3,1,1.0884,0.0,7,0,1.4e-05,2,False,False
100000000490383100,peripheral,1.0,2,0.6367,"Признаков роли нет: связи 3 вх./8 исх., оборот 461 тыс. ₸; блокировка отсекает 644 тыс. ₸",False,2,False,3,8,62600.0,461375.0,3,9,7.3702,8.0,7,0,5.2e-05,1,False,True
100000000500040100,peripheral,1.0,10,0.2437,Граница выборки (4-е колено): исходящие не видны; получено 20 тыс. ₸ от 1 плательщика,False,4,True,1,0,20000.0,0.0,1,0,0.0,,7,0,0.0,1,False,False
100000000507799100,transit,0.96,2,0.6221,Признаки транзита: ушло 8 тыс. ₸ при видимом входе 5 тыс. ₸ за ~3 дн. — приток вне выборки; блокировка отсекает 148 тыс. ₸,False,1,False,1,1,5132.0,8000.0,1,1,1.5588,3.0,7,1,0.000115,1,False,True
100000000533217100,peripheral,1.0,1,0.2696,"Признаков роли нет: связи 1 вх./0 исх., оборот 54 тыс. ₸",False,2,False,1,0,53587.0,0.0,1,0,0.0,,7,0,0.0,1,False,False
100000000534581100,peripheral,1.0,1,0.5336,"Признаков роли нет: связи 2 вх./1 исх., оборот 56 тыс. ₸",False,3,False,2,1,55960.0,40000.0,2,1,0.7148,5.0,7,0,1.9e-05,1,False,False
100000000542087100,peripheral,1.0,7,0.228,Граница выборки (4-е колено): исходящие не видны; получено 9 тыс. ₸ от 1 плательщика,False,4,True,1,0,8506.91,0.0,1,0,0.0,,7,0,0.0,1,False,False
100000000552584100,peripheral,1.0,25,0.5079,"Признаков роли нет: связи 1 вх./1 исх., оборот 2,5 млн ₸; блокировка отсекает 2,6 млн ₸",False,3,False,1,1,2500000.0,57500.0,3,1,0.023,4.0,2,0,0.0,1,True,False
100000000555721100,peripheral,1.0,1,0.3531,"Признаков роли нет: связи 2 вх./0 исх., оборот 113 тыс. ₸",False,1,False,2,0,113000.0,0.0,3,0,0.0,,7,1,0.0,2,False,False
100000000557536100,peripheral,1.0,7,0.2906,Граница выборки (4-е колено): исходящие не видны; получено 153 тыс. ₸ от 1 плательщика,False,4,True,1,0,153000.0,0.0,7,0,0.0,,7,0,0.0,1,False,False
100000000560751100,peripheral,1.0,1,0.2497,"Признаков роли нет: связи 1 вх./0 исх., оборот 25 тыс. ₸",False,3,False,1,0,25000.0,0.0,1,0,0.0,,7,0,0.0,1,False,False
100000000561160100,peripheral,1.0,3,0.2988,Граница выборки (4-е колено): исходящие не видны; получено 240 тыс. ₸ от 1 плательщика,False,4,True,1,0,240000.0,0.0,1,0,0.0,,7,0,0.0,1,False,False
100000000569479100,terminal,1.0,3,0.4294,"Деньги оседают: получено 320 тыс. ₸ от 1 плательщика, исходящих ≥5 тыс. ₸ нет (узел раскрыт обходом)",False,3,False,1,0,320000.0,0.0,1,0,0.0,,7,0,0.0,1,False,False
100000000572276100,peripheral,1.0,6,0.4351,"Признаков роли нет: связи 1 вх./1 исх., оборот 35 тыс. ₸",False,3,False,1,1,13075.0,34547.0,1,1,2.6422,13.0,1,0,1e-06,1,False,True
100000000580561100,peripheral,1.0,36,0.2228,"Признаков роли нет: связи 2 вх./3 исх., оборот 1,5 млн ₸; курьер из исходного списка",True,0,False,2,3,27980.0,1488077.0,3,13,,0.0,0,0,1e-06,1,True,False
100000000581662100,peripheral,1.0,13,0.2457,Граница выборки (4-е колено): исходящие не видны; получено 21 тыс. ₸ от 1 плательщика,False,4,True,1,0,21160.0,0.0,1,0,0.0,,2,0,0.0,1,False,False
100000000581682100,peripheral,1.0,20,0.2236,Граница выборки (4-е колено): исходящие не видны; получено 5 тыс. ₸ от 1 плательщика,False,4,True,1,0,5000.0,0.0,1,0,0.0,,7,0,0.0,1,False,False
100000000583220100,transit,1.0,19,0.7306,Признаки транзита: ушло 761 тыс. ₸ при видимом входе 5 тыс. ₸ за ~2 дн. — приток вне выборки; блокировка отсекает 766 тыс. ₸,False,3,False,1,1,5000.0,761255.0,1,4,152.251,2.0,7,0,2e-05,1,False,True
100000000594783100,peripheral,1.0,25,0.5092,"Признаков роли нет: связи 1 вх./2 исх., оборот 2,6 млн ₸; блокировка отсекает 2,8 млн ₸",False,3,False,1,2,2635000.0,152500.0,10,2,0.0579,1.0,2,0,0.0,1,True,False
100000000596954100,peripheral,1.0,8,0.5088,"Признаков роли нет: связи 1 вх./2 исх., оборот 120 тыс. ₸; блокировка отсекает 190 тыс. ₸",False,2,False,1,2,120000.0,48100.0,1,2,0.4008,2.0,10,0,4.8e-05,1,False,False
100000000600707100,peripheral,1.0,34,0.2793,Граница выборки (4-е колено): исходящие не видны; получено 89 тыс. ₸ от 1 плательщика,False,4,True,1,0,89000.0,0.0,2,0,0.0,,1,0,0.0,1,False,False
100000000607731100,peripheral,1.0,29,0.4573,"Признаков роли нет: связи 1 вх./1 исх., оборот 67 тыс. ₸",False,1,False,1,1,20000.0,66666.0,1,1,3.3333,,1,1,1e-06,1,False,True
100000000607941100,transit,1.0,2,0.7338,Признаки транзита: ушло 70 тыс. ₸ при видимом входе 50 тыс. ₸ за ~0 дн. — приток вне выборки; блокировка отсекает 147 тыс. ₸,False,2,False,2,1,50000.0,70000.0,3,4,1.4,0.0,7,0,5.8e-05,1,True,True
100000000608031100,peripheral,1.0,18,0.2549,Граница выборки (4-е колено): исходящие не видны; получено 30 тыс. ₸ от 1 плательщика,False,4,True,1,0,30000.0,0.0,1,0,0.0,,7,0,0.0,1,False,False
100000000611474100,peripheral,1.0,24,0.2568,"Признаков роли нет: связи 1 вх./0 исх., оборот 32 тыс. ₸",False,3,False,1,0,32000.0,0.0,1,0,0.0,,7,0,0.0,1,False,False
100000000625169100,peripheral,1.0,5,0.2304,"Признаков роли нет: связи 1 вх./0 исх., оборот 10 тыс. ₸",False,2,False,1,0,10000.0,0.0,1,0,0.0,,1,0,0.0,1,False,False
100000000627521100,peripheral,1.0,7,0.2263,Граница выборки (4-е колено): исходящие не видны; получено 6 тыс. ₸ от 1 плательщика,False,4,True,1,0,6500.0,0.0,1,0,0.0,,7,0,0.0,1,False,False
100000000629812100,peripheral,1.0,8,0.3137,"Признаков роли нет: связи 2 вх./0 исх., оборот 22 тыс. ₸",False,2,False,2,0,22000.0,0.0,2,0,0.0,,10,0,0.0,1,False,False
100000000634341100,peripheral,1.0,3,0.2483,Граница выборки (4-е колено): исходящие не видны; получено 24 тыс. ₸ от 1 плательщика,False,4,True,1,0,24000.0,0.0,2,0,0.0,,7,0,0.0,1,False,False
100000000640800100,transit,1.0,17,0.7394,Признаки транзита: ушло 518 тыс. ₸ при видимом входе 80 тыс. ₸ за ~0 дн. — приток вне выборки; блокировка отсекает 598 тыс. ₸,False,3,False,1,4,80000.0,518135.0,1,6,6.4767,0.0,7,0,0.000145,1,False,True
100000000646541100,peripheral,1.0,1,0.3303,"Признаков роли нет: связи 3 вх./0 исх., оборот 25 тыс. ₸",False,2,False,3,0,25300.0,0.0,4,0,0.0,,7,0,0.0,1,False,False
100000000655469100,peripheral,1.0,21,0.2437,Граница выборки (4-е колено): исходящие не видны; получено 20 тыс. ₸ от 1 плательщика,False,4,True,1,0,20000.0,0.0,2,0,0.0,,7,0,0.0,1,False,False
100000000656682100,peripheral,1.0,10,0.4906,"Признаков роли нет: связи 1 вх./2 исх., оборот 80 тыс. ₸; блокировка отсекает 151 тыс. ₸",False,3,False,1,2,71000.0,80000.0,1,3,1.1268,5.0,7,0,3.8e-05,1,False,False
100000000661131100,peripheral,1.0,6,0.2379,"Признаков роли нет: связи 1 вх./0 исх., оборот 16 тыс. ₸",False,3,False,1,0,15600.0,0.0,1,0,0.0,,1,0,0.0,1,False,False
100000000661912100,transit,0.8,3,0.8251,"Признаки транзита: пришло 393 тыс. ₸, ушло 110% за ~0 дн.; связи 5→2; в ядре-кольце из 85; блокировка отсекает 856 тыс. ₸",False,1,False,5,2,393036.0,430700.0,9,8,1.0958,0.0,7,1,0.001334,2,True,False
100000000667713100,peripheral,1.0,2,0.5839,"Признаков роли нет: связи 2 вх./6 исх., оборот 119 тыс. ₸; в ядре-кольце из 85; блокировка отсекает 199 тыс. ₸",False,1,False,2,6,119495.0,79236.0,10,7,0.6631,9.0,7,1,0.00014,1,True,False
100000000673868100,peripheral,1.0,13,0.5852,"Признаков роли нет: связи 1 вх./5 исх., оборот 2,0 млн ₸; блокировка отсекает 2,4 млн ₸",False,3,False,1,5,2030650.0,383000.0,5,19,0.1886,0.0,7,0,4.1e-05,1,True,False
100000000673915100,peripheral,1.0,7,0.2449,Граница выборки (4-е колено): исходящие не видны; получено 20 тыс. ₸ от 1 плательщика,False,4,True,1,0,20200.0,0.0,1,0,0.0,,7,0,0.0,1,False,False
100000000703894100,peripheral,1.0,29,0.4809,"Признаков роли нет: связи 1 вх./1 исх., оборот 120 тыс. ₸; блокировка отсекает 155 тыс. ₸",False,1,False,1,1,120000.0,35000.0,1,1,0.2917,,1,1,1e-06,1,False,False
100000000703902100,peripheral,1.0,5,0.2508,"Признаков роли нет: связи 1 вх./0 исх., оборот 25 тыс. ₸",False,1,False,1,0,25499.0,0.0,1,0,0.0,,1,1,0.0,1,False,False
100000000704700100,peripheral,1.0,26,0.2304,Граница выборки (4-е колено): исходящие не видны; получено 10 тыс. ₸ от 1 плательщика,False,4,True,1,0,10000.0,0.0,1,0,0.0,,1,0,0.0,1,False,False
100000000706545100,peripheral,1.0,2,0.6433,"Признаков роли нет: связи 3 вх./1 исх., оборот 1,1 млн ₸; блокировка отсекает 1,1 млн ₸",False,1,False,3,1,1070300.0,75800.0,8,3,0.0708,11.0,7,1,2e-05,1,True,False
100000000718427100,peripheral,1.0,5,0.2257,"Признаков роли нет: связи 1 вх./0 исх., оборот 6 тыс. ₸",False,2,False,1,0,6000.0,0.0,1,0,0.0,,1,0,0.0,1,False,False
100000000723383100,peripheral,1.0,21,0.5261,"Признаков роли нет: связи 1 вх./2 исх., оборот 75 тыс. ₸; блокировка отсекает 475 тыс. ₸",False,2,False,1,2,6800.0,75000.0,1,2,11.0294,,7,0,0.000239,1,False,True
100000000724540100,peripheral,1.0,4,0.49,"Признаков роли нет: связи 1 вх./1 исх., оборот 100 тыс. ₸; блокировка отсекает 150 тыс. ₸",False,2,False,1,1,50000.0,100000.0,1,1,2.0,,8,0,2e-05,1,False,True
100000000733373100,peripheral,1.0,2,0.2321,"Признаков роли нет: связи 1 вх./0 исх., оборот 11 тыс. ₸",False,2,False,1,0,10710.0,0.0,1,0,0.0,,7,0,0.0,1,False,False
100000000733451100,peripheral,1.0,32,0.5338,"Признаков роли нет: связи 1 вх./1 исх., оборот 300 тыс. ₸; блокировка отсекает 370 тыс. ₸",False,3,False,1,1,70000.0,300000.0,2,1,4.2857,,10,0,2.5e-05,1,False,True
100000000733940100,peripheral,1.0,30,0.3147,Граница выборки (4-е колено): исходящие не видны; получено 752 тыс. ₸ от 1 плательщика,False,4,True,1,0,752000.0,0.0,2,0,0.0,,7,0,0.0,1,False,False
100000000737152100,peripheral,1.0,3,0.2584,Граница выборки (4-е колено): исходящие не видны; получено 35 тыс. ₸ от 1 плательщика,False,4,True,1,0,35000.0,0.0,1,0,0.0,,7,0,0.0,1,False,False
100000000749118100,peripheral,1.0,10,0.4164,"Признаков роли нет: связи 1 вх./1 исх., оборот 16 тыс. ₸",False,3,False,1,1,10330.0,16500.0,1,1,1.5973,19.0,7,0,1.9e-05,1,False,True
100000000764836100,peripheral,1.0,3,0.527,"Признаков роли нет: связи 1 вх./2 исх., оборот 252 тыс. ₸; блокировка отсекает 302 тыс. ₸",False,3,False,1,2,251716.0,50000.0,1,2,0.1986,0.0,7,0,3.8e-05,1,False,False
100000000765628100,peripheral,1.0,2,0.2236,"Признаков роли нет: связи 1 вх./0 исх., оборот 5 тыс. ₸",False,2,False,1,0,5000.0,0.0,1,0,0.0,,7,0,0.0,1,False,False
100000000769919100,terminal,1.0,44,0.4248,"Деньги оседают: получено 250 тыс. ₸ от 1 плательщика, исходящих ≥5 тыс. ₸ нет (узел раскрыт обходом)",False,2,False,1,0,250000.0,0.0,1,0,0.0,,1,0,0.0,1,False,False
100000000782285100,peripheral,1.0,19,0.2261,"Признаков роли нет: связи 1 вх./0 исх., оборот 6 тыс. ₸",False,3,False,1,0,6151.0,0.0,1,0,0.0,,7,0,0.0,1,False,False
100000000783406100,peripheral,1.0,33,0.226,"Признаков роли нет: связи 1 вх./0 исх., оборот 6 тыс. ₸",False,3,False,1,0,6066.0,0.0,1,0,0.0,,7,0,0.0,1,False,False
100000000785800100,transit,1.0,42,0.5327,"Признаки транзита: пришло 19 тыс. ₸, ушло 100% за ~0 дн.; связи 1→1",False,2,False,1,1,19000.0,19000.0,1,1,1.0,0.0,1,0,0.0,1,True,False
100000000790311100,peripheral,1.0,2,0.2641,"Признаков роли нет: связи 1 вх./0 исх., оборот 46 тыс. ₸",False,2,False,1,0,46300.0,0.0,1,0,0.0,,7,0,0.0,1,False,False
100000000791285100,peripheral,1.0,28,0.5767,"Признаков роли нет: связи 1 вх./3 исх., оборот 1,1 млн ₸; блокировка отсекает 1,8 млн ₸",False,3,False,1,3,1120000.0,650000.0,2,3,0.5804,0.0,7,0,3.9e-05,1,True,False
100000000795033100,peripheral,1.0,10,0.2418,"Признаков роли нет: связи 1 вх./0 исх., оборот 18 тыс. ₸",False,2,False,1,0,18200.0,0.0,1,0,0.0,,7,0,0.0,1,False,False
100000000795129100,terminal,1.0,2,0.4297,"Деньги оседают: получено 332 тыс. ₸ от 1 плательщика, исходящих ≥5 тыс. ₸ нет (узел раскрыт обходом)",False,2,False,1,0,332000.0,0.0,1,0,0.0,,7,0,0.0,1,False,False
100000000795374100,peripheral,1.0,3,0.2672,"Признаков роли нет: связи 1 вх./0 исх., оборот 50 тыс. ₸",False,3,False,1,0,50000.0,0.0,1,0,0.0,,7,0,0.0,1,False,False
100000000802149100,peripheral,1.0,3,0.2839,"Признаков роли нет: связи 1 вх./0 исх., оборот 104 тыс. ₸",False,3,False,1,0,104128.0,0.0,1,0,0.0,,7,0,0.0,1,False,False
100000000803368100,peripheral,1.0,12,0.2884,Граница выборки (4-е колено): исходящие не видны; получено 140 тыс. ₸ от 1 плательщика,False,4,True,1,0,139503.0,0.0,1,0,0.0,,7,0,0.0,1,False,False
100000000806727100,peripheral,1.0,17,0.3816,"Признаков роли нет: связи 1 вх./1 исх., оборот 45 тыс. ₸",False,2,False,1,1,45000.0,5000.0,1,1,0.1111,21.0,11,0,0.0,1,False,False
100000000810551100,peripheral,1.0,8,0.5326,"Признаков роли нет: связи 1 вх./1 исх., оборот 100 тыс. ₸; блокировка отсекает 625 тыс. ₸",False,1,False,1,1,100000.0,7100.0,1,1,0.071,,10,1,7.8e-05,1,False,False
100000000817146100,peripheral,1.0,2,0.275,"Признаков роли нет: связи 1 вх./0 исх., оборот 70 тыс. ₸",False,1,False,1,0,70020.0,0.0,1,0,0.0,,9,1,0.0,1,False,False
100000000821507100,terminal,1.0,13,0.4325,"Деньги оседают: получено 400 тыс. ₸ от 1 плательщика, исходящих ≥5 тыс. ₸ нет (узел раскрыт обходом)",False,2,False,1,0,400000.0,0.0,1,0,0.0,,7,0,0.0,1,False,False
100000000831684100,transit,1.0,16,0.5643,Признаки транзита: ушло 50 тыс. ₸ при видимом входе 15 тыс. ₸ за ~0 дн. — приток вне выборки,False,2,False,1,1,15000.0,50000.0,2,3,3.3333,0.0,1,0,0.0,1,True,True
100000000838385100,peripheral,1.0,20,0.5479,"Признаков роли нет: связи 1 вх./2 исх., оборот 437 тыс. ₸; блокировка отсекает 614 тыс. ₸",False,3,False,1,2,436900.0,177500.0,8,6,0.4063,1.0,7,0,2.2e-05,1,True,False
100000000850297100,transit,1.0,11,0.5295,"Признаки транзита: пришло 18 тыс. ₸, ушло 100% за ~0 дн.; связи 1→1",False,2,False,1,1,17520.0,17520.0,1,1,1.0,0.0,1,0,0.0,1,True,False
100000000860514100,peripheral,1.0,27,0.4602,"Признаков роли нет: связи 1 вх./1 исх., оборот 50 тыс. ₸",False,3,False,1,1,12000.0,50000.0,1,1,4.1667,11.0,7,0,2e-05,1,False,True
100000000861294100,peripheral,1.0,9,0.29,"Признаков роли нет: связи 1 вх./0 исх., оборот 150 тыс. ₸",False,2,False,1,0,150000.0,0.0,1,0,0.0,,1,0,0.0,1,False,False
100000000870121100,peripheral,1.0,19,0.2331,"Признаков роли нет: связи 1 вх./0 исх., оборот 12 тыс. ₸",False,3,False,1,0,12000.0,0.0,1,0,0.0,,7,0,0.0,1,False,False
100000000878006100,peripheral,1.0,7,0.2648,"Признаков роли нет: связи 1 вх./0 исх., оборот 47 тыс. ₸",False,3,False,1,0,47003.0,0.0,1,0,0.0,,7,0,0.0,1,False,False
100000000896111100,terminal,1.0,25,0.4274,"Деньги оседают: получено 287 тыс. ₸ от 1 плательщика, исходящих ≥5 тыс. ₸ нет (узел раскрыт обходом)",False,3,False,1,0,287100.0,0.0,1,0,0.0,,1,0,0.0,1,False,False
100000000907277100,peripheral,1.0,5,0.2404,"Признаков роли нет: связи 1 вх./0 исх., оборот 18 тыс. ₸",False,1,False,1,0,17534.0,0.0,1,0,0.0,,1,1,0.0,1,False,False
100000000910216100,peripheral,1.0,1,0.4989,"Признаков роли нет: связи 1 вх./1 исх., оборот 71 тыс. ₸; блокировка отсекает 123 тыс. ₸",False,2,False,1,1,71000.0,52010.0,3,1,0.7325,8.0,7,0,0.00048,1,False,False
100000000912487100,peripheral,1.0,1,0.2304,"Признаков роли нет: связи 1 вх./0 исх., оборот 10 тыс. ₸",False,2,False,1,0,10000.0,0.0,1,0,0.0,,9,0,0.0,1,False,False
100000000913911100,transit,0.96,8,0.7986,"Признаки транзита: ушло 600 тыс. ₸ при видимом входе 467 тыс. ₸ за ~3 дн. — приток вне выборки; блокировка отсекает 1,1 млн ₸",False,2,False,2,1,467000.0,600000.0,2,1,1.2848,3.0,7,0,1.9e-05,2,False,True
100000000917179100,peripheral,1.0,12,0.2807,"Признаков роли нет: связи 1 вх./0 исх., оборот 94 тыс. ₸",False,2,False,1,0,94465.0,0.0,2,0,0.0,,7,0,0.0,1,False,False
100000000922570100,peripheral,1.0,16,0.4514,"Признаков роли нет: связи 1 вх./1 исх., оборот 50 тыс. ₸",False,1,False,1,1,47101.0,50000.0,1,1,1.0615,,1,1,0.0,1,False,False
100000000926078100,peripheral,1.0,3,0.2996,Граница выборки (4-е колено): исходящие не видны; получено 250 тыс. ₸ от 1 плательщика,False,4,True,1,0,250000.0,0.0,1,0,0.0,,7,0,0.0,1,False,False
100000000926766100,peripheral,1.0,27,0.3521,"Признаков роли нет: связи 1 вх./1 исх., оборот 19 тыс. ₸",False,3,False,1,1,18750.0,6000.0,1,1,0.32,0.0,7,0,0.0,1,True,False
100000000933075100,transit,1.0,16,0.6474,Признаки транзита: ушло 55 тыс. ₸ при видимом входе 40 тыс. ₸ за ~0 дн. — приток вне выборки,False,3,False,1,2,40000.0,55000.0,1,2,1.375,0.0,8,0,2.1e-05,1,True,True
100000000941942100,peripheral,1.0,8,0.2873,"Признаков роли нет: связи 1 вх./0 исх., оборот 130 тыс. ₸",False,1,False,1,0,130000.0,0.0,1,0,0.0,,10,1,0.0,1,False,False
100000000942301100,peripheral,1.0,3,0.2713,"Признаков роли нет: связи 1 вх./0 исх., оборот 58 тыс. ₸",False,3,False,1,0,57580.0,0.0,2,0,0.0,,7,0,0.0,1,False,False
100000000943371100,peripheral,1.0,32,0.2375,"Признаков роли нет: связи 1 вх./0 исх., оборот 16 тыс. ₸",False,2,False,1,0,15500.0,0.0,1,0,0.0,,10,0,0.0,1,False,False
100000000945428100,peripheral,1.0,1,0.2794,"Признаков роли нет: связи 1 вх./0 исх., оборот 90 тыс. ₸",False,1,False,1,0,89629.0,0.0,1,0,0.0,,7,1,0.0,1,False,False
100000000954884100,peripheral,1.0,33,0.2577,"Признаков роли нет: связи 1 вх./0 исх., оборот 34 тыс. ₸",False,3,False,1,0,34000.0,0.0,1,0,0.0,,7,0,0.0,1,False,False
100000000955444100,peripheral,1.0,36,0.2266,"Признаков роли нет: связи 1 вх./0 исх., оборот 7 тыс. ₸",False,2,False,1,0,6910.0,0.0,1,0,0.0,,1,0,0.0,1,False,False
100000000955529100,peripheral,1.0,8,0.4624,"Признаков роли нет: связи 1 вх./1 исх., оборот 64 тыс. ₸",False,3,False,1,1,27000.0,63500.0,1,1,2.3519,7.0,7,0,3e-06,1,False,True
100000000957746100,peripheral,1.0,18,0.2248,Граница выборки (4-е колено): исходящие не видны; получено 5 тыс. ₸ от 1 плательщика,False,4,True,1,0,5300.0,0.0,1,0,0.0,,7,0,0.0,1,False,False
100000000961900100,peripheral,1.0,1,0.3267,"Признаков роли нет: связи 2 вх./0 исх., оборот 36 тыс. ₸",False,1,False,2,0,36000.0,0.0,3,0,0.0,,7,1,0.0,1,False,False
100000000967918100,peripheral,1.0,10,0.2457,"Признаков роли нет: связи 1 вх./0 исх., оборот 21 тыс. ₸",False,2,False,1,0,21200.0,0.0,3,0,0.0,,7,0,0.0,1,False,False
100000000968253100,peripheral,1.0,5,0.2366,"Признаков роли нет: связи 1 вх./0 исх., оборот 15 тыс. ₸",False,1,False,1,0,15000.0,0.0,1,0,0.0,,1,1,0.0,1,False,False
100000000971908100,peripheral,1.0,9,0.2793,"Признаков роли нет: связи 1 вх./0 исх., оборот 89 тыс. ₸",False,2,False,1,0,89000.0,0.0,1,0,0.0,,1,0,0.0,1,False,False
100000000976943100,transit,1.0,1,0.6647,"Признаки транзита: пришло 70 тыс. ₸, ушло 120% за ~0 дн.; связи 1→1; блокировка отсекает 154 тыс. ₸",False,3,False,1,1,70000.0,84000.0,1,3,1.2,0.0,8,0,2.2e-05,1,False,False
100000000978041100,peripheral,1.0,5,0.2627,"Признаков роли нет: связи 1 вх./0 исх., оборот 44 тыс. ₸",False,1,False,1,0,44445.0,0.0,1,0,0.0,,1,1,0.0,1,False,False
100000000979567100,peripheral,1.0,5,0.2304,"Признаков роли нет: связи 1 вх./0 исх., оборот 10 тыс. ₸",False,2,False,1,0,10000.0,0.0,1,0,0.0,,1,0,0.0,1,False,False
100000000979923100,peripheral,1.0,15,0.2816,"Признаков роли нет: связи 1 вх./0 исх., оборот 98 тыс. ₸",False,1,False,1,0,97900.0,0.0,1,0,0.0,,8,1,0.0,1,False,False
100000000981693100,peripheral,1.0,10,0.2391,Граница выборки (4-е колено): исходящие не видны; получено 16 тыс. ₸ от 1 плательщика,False,4,True,1,0,16500.0,0.0,1,0,0.0,,7,0,0.0,1,False,False
100000000993112100,peripheral,1.0,9,0.2889,"Признаков роли нет: связи 1 вх./0 исх., оборот 141 тыс. ₸",False,2,False,1,0,141000.0,0.0,1,0,0.0,,8,0,0.0,1,False,False
100000000998559100,peripheral,1.0,8,0.2826,"Признаков роли нет: связи 1 вх./0 исх., оборот 100 тыс. ₸",False,1,False,1,0,100000.0,0.0,1,0,0.0,,10,1,0.0,1,False,False
100000001009583100,terminal,1.0,7,0.4323,"Деньги оседают: получено 394 тыс. ₸ от 1 плательщика, исходящих ≥5 тыс. ₸ нет (узел раскрыт обходом)",False,3,False,1,0,393740.0,0.0,1,0,0.0,,7,0,0.0,1,False,False
100000001046057100,peripheral,1.0,31,0.2782,"Признаков роли нет: связи 1 вх./0 исх., оборот 83 тыс. ₸",False,3,False,1,0,83420.0,0.0,1,0,0.0,,7,0,0.0,1,False,False
100000001046626100,peripheral,1.0,7,0.29,"Признаков роли нет: связи 1 вх./0 исх., оборот 150 тыс. ₸",False,3,False,1,0,150000.0,0.0,1,0,0.0,,7,0,0.0,1,False,False
100000001049200100,peripheral,1.0,2,0.5687,"Признаков роли нет: связи 2 вх./4 исх., оборот 77 тыс. ₸; в ядре-кольце из 85; блокировка отсекает 118 тыс. ₸",False,1,False,2,4,76624.0,36000.0,2,5,0.4698,6.5,7,1,0.00116,1,True,False
100000001052789100,peripheral,1.0,23,0.2752,"Признаков роли нет: связи 1 вх./0 исх., оборот 71 тыс. ₸",False,3,False,1,0,70975.0,0.0,1,0,0.0,,7,0,0.0,1,False,False
100000001052945100,peripheral,1.0,12,0.5815,"Признаков роли нет: связи 1 вх./3 исх., оборот 1,6 млн ₸; блокировка отсекает 1,7 млн ₸",False,3,False,1,3,56520.0,1595700.0,1,6,28.2325,17.0,7,0,5.8e-05,1,False,True
100000001053894100,peripheral,1.0,7,0.3205,"Граница выборки (4-е колено): исходящие не видны; получено 2,0 млн ₸ от 1 плательщика",False,4,True,1,0,2000000.0,0.0,7,0,0.0,,7,0,0.0,1,False,False
100000001056414100,terminal,1.0,13,0.4248,"Деньги оседают: получено 250 тыс. ₸ от 1 плательщика, исходящих ≥5 тыс. ₸ нет (узел раскрыт обходом)",False,3,False,1,0,250000.0,0.0,1,0,0.0,,2,0,0.0,1,False,False
100000001063678100,transit,1.0,24,0.6664,Признаки транзита: ушло 90 тыс. ₸ при видимом входе 35 тыс. ₸ за ~2 дн. — приток вне выборки; блокировка отсекает 125 тыс. ₸,False,3,False,1,2,35000.0,90000.0,1,2,2.5714,2.0,7,0,4e-05,1,False,True
100000001065234100,peripheral,1.0,2,0.3058,Граница выборки (4-е колено): исходящие не видны; получено 360 тыс. ₸ от 1 плательщика,False,4,True,1,0,360000.0,0.0,1,0,0.0,,7,0,0.0,1,False,False
100000001065481100,peripheral,1.0,19,0.2385,Граница выборки (4-е колено): исходящие не видны; получено 16 тыс. ₸ от 1 плательщика,False,4,True,1,0,16000.0,0.0,2,0,0.0,,7,0,0.0,1,False,False
100000001066017100,peripheral,1.0,10,0.5831,"Признаков роли нет: связи 2 вх./4 исх., оборот 136 тыс. ₸; блокировка отсекает 219 тыс. ₸",False,3,False,2,4,136123.0,82500.0,3,4,0.6061,13.0,7,0,7.7e-05,1,False,False
100000001072022100,terminal,1.0,8,0.5244,"Деньги оседают: получено 1,7 млн ₸ от 3 плательщиков, исходящих ≥5 тыс. ₸ нет (узел раскрыт обходом)",False,1,False,3,0,1684000.0,0.0,6,0,0.0,,10,1,0.0,2,False,False
100000001073568100,peripheral,1.0,12,0.5539,"Признаков роли нет: связи 1 вх./2 исх., оборот 707 тыс. ₸; блокировка отсекает 927 тыс. ₸",False,3,False,1,2,707465.0,219503.0,4,3,0.3103,0.0,7,0,1.9e-05,1,False,False
100000001074553100,peripheral,1.0,11,0.3212,"Признаков роли нет: связи 2 вх./0 исх., оборот 29 тыс. ₸",False,1,False,2,0,28971.0,0.0,2,0,0.0,,2,2,0.0,1,False,False
100000001083990100,peripheral,1.0,16,0.2664,"Признаков роли нет: связи 1 вх./0 исх., оборот 50 тыс. ₸",False,2,False,1,0,49900.0,0.0,2,0,0.0,,8,0,0.0,1,False,False
100000001089055100,peripheral,1.0,18,0.2343,Граница выборки (4-е колено): исходящие не видны; получено 13 тыс. ₸ от 1 плательщика,False,4,True,1,0,13000.0,0.0,1,0,0.0,,7,0,0.0,1,False,False
100000001102676100,transit,1.0,1,0.6467,"Признаки транзита: пришло 50 тыс. ₸, ушло 100% за ~0 дн.; связи 1→1; блокировка отсекает 100 тыс. ₸",False,2,False,1,1,50000.0,50000.0,1,1,1.0,0.0,8,0,2.4e-05,1,False,False
100000001103905100,peripheral,1.0,5,0.2414,"Признаков роли нет: связи 1 вх./0 исх., оборот 18 тыс. ₸",False,1,False,1,0,18000.0,0.0,1,0,0.0,,1,1,0.0,1,False,False
100000001110358100,peripheral,1.0,3,0.3245,"Признаков роли нет: связи 2 вх./0 исх., оборот 32 тыс. ₸",False,3,False,2,0,32000.0,0.0,2,0,0.0,,7,0,0.0,2,False,False
100000001111763100,peripheral,1.0,5,0.2397,"Признаков роли нет: связи 1 вх./0 исх., оборот 17 тыс. ₸",False,1,False,1,0,17144.0,0.0,1,0,0.0,,1,1,0.0,1,False,False
100000001114385100,peripheral,1.0,19,0.254,"Признаков роли нет: связи 1 вх./0 исх., оборот 30 тыс. ₸",False,2,False,1,0,29500.0,0.0,1,0,0.0,,7,0,0.0,1,False,False
100000001126374100,peripheral,1.0,10,0.6001,"Признаков роли нет: связи 4 вх./2 исх., оборот 182 тыс. ₸; блокировка отсекает 212 тыс. ₸",False,1,False,4,2,182500.0,29200.0,7,4,0.16,6.0,7,1,3.9e-05,1,False,False
100000001130176100,peripheral,1.0,9,0.2497,"Признаков роли нет: связи 1 вх./0 исх., оборот 25 тыс. ₸",False,3,False,1,0,25000.0,0.0,2,0,0.0,,7,0,0.0,1,False,False
100000001130553100,peripheral,1.0,18,0.2414,Граница выборки (4-е колено): исходящие не видны; получено 18 тыс. ₸ от 1 плательщика,False,4,True,1,0,18000.0,0.0,2,0,0.0,,7,0,0.0,1,False,False
100000001131403100,peripheral,1.0,12,0.3194,"Граница выборки (4-е колено): исходящие не видны; получено 1,6 млн ₸ от 1 плательщика",False,4,True,1,0,1570000.0,0.0,3,0,0.0,,7,0,0.0,1,False,False
100000001138283100,peripheral,1.0,3,0.475,"Признаков роли нет: связи 1 вх./2 исх., оборот 82 тыс. ₸; в ядре-кольце из 85; блокировка отсекает 132 тыс. ₸",False,3,False,1,2,81805.0,50000.0,1,2,0.6112,0.0,7,0,1.9e-05,1,True,False
100000001138376100,peripheral,1.0,2,0.2374,"Признаков роли нет: связи 1 вх./0 исх., оборот 15 тыс. ₸",False,2,False,1,0,15300.0,0.0,1,0,0.0,,7,0,0.0,1,False,False
100000001140785100,terminal,0.7,4,0.4746,"Деньги оседают: получено 215 тыс. ₸ от 2 плательщиков, исходящих ≥5 тыс. ₸ нет (узел раскрыт обходом)",False,3,False,2,0,215000.0,0.0,2,0,0.0,,8,0,0.0,2,False,False
100000001141268100,peripheral,1.0,4,0.6131,"Признаков роли нет: связи 2 вх./1 исх., оборот 480 тыс. ₸; блокировка отсекает 490 тыс. ₸",False,3,False,2,1,480000.0,10000.0,2,1,0.0208,1.0,9,0,2.2e-05,2,False,False
100000001145749100,peripheral,1.0,8,0.2304,"Признаков роли нет: связи 1 вх./0 исх., оборот 10 тыс. ₸",False,3,False,1,0,10000.0,0.0,1,0,0.0,,10,0,0.0,1,False,False
100000001149815100,peripheral,1.0,6,0.2331,"Признаков роли нет: связи 1 вх./0 исх., оборот 12 тыс. ₸",False,3,False,1,0,12000.0,0.0,1,0,0.0,,1,0,0.0,1,False,False
100000001155773100,peripheral,1.0,6,0.2459,"Признаков роли нет: связи 1 вх./0 исх., оборот 22 тыс. ₸",False,3,False,1,0,21500.0,0.0,1,0,0.0,,1,0,0.0,1,False,False
100000001160401100,peripheral,1.0,1,0.265,"Признаков роли нет: связи 1 вх./0 исх., оборот 47 тыс. ₸",False,3,False,1,0,47190.0,0.0,2,0,0.0,,7,0,0.0,1,False,False
100000001162560100,transit,0.96,12,0.7453,"Признаки транзита: ушло 2,9 млн ₸ при видимом входе 331 тыс. ₸ за ~2,5 дн. — приток вне выборки; блокировка отсекает 3,3 млн ₸",False,1,False,1,12,331300.0,2904398.0,2,14,8.7667,2.5,1,1,3e-06,1,False,True
100000001164648100,peripheral,1.0,13,0.3024,"Признаков роли нет: связи 2 вх./0 исх., оборот 14 тыс. ₸",False,1,False,2,0,13660.0,0.0,2,0,0.0,,7,1,0.0,1,False,False
100000001166289100,peripheral,1.0,5,0.5516,"Признаков роли нет: связи 2 вх./1 исх., оборот 721 тыс. ₸; блокировка отсекает 746 тыс. ₸",False,2,False,2,1,721039.0,25000.0,10,1,0.0347,9.0,1,0,0.0,1,True,False
100000001169666100,peripheral,1.0,14,0.518,"Признаков роли нет: связи 1 вх./1 исх., оборот 220 тыс. ₸; блокировка отсекает 244 тыс. ₸",False,3,False,1,1,220000.0,24000.0,2,1,0.1091,10.0,9,0,2.2e-05,1,False,False
100000001184915100,terminal,0.54,2,0.3983,"Деньги оседают: получено 201 тыс. ₸ от 1 плательщика, исходящих ≥5 тыс. ₸ нет (узел раскрыт обходом)",False,2,False,1,0,201000.0,0.0,2,0,0.0,,7,0,0.0,1,False,False
100000001194266100,peripheral,1.0,8,0.2672,"Признаков роли нет: связи 1 вх./0 исх., оборот 50 тыс. ₸",False,1,False,1,0,50000.0,0.0,1,0,0.0,,10,1,0.0,1,False,False
100000001202637100,peripheral,1.0,14,0.2304,Граница выборки (4-е колено): исходящие не видны; получено 10 тыс. ₸ от 1 плательщика,False,4,True,1,0,10000.0,0.0,1,0,0.0,,9,0,0.0,1,False,False
100000001202787100,peripheral,1.0,11,0.3035,Граница выборки (4-е колено): исходящие не видны; получено 15 тыс. ₸ от 2 плательщиков,False,4,True,2,0,14850.0,0.0,2,0,0.0,,7,0,0.0,1,False,False
100000001220124100,peripheral,1.0,1,0.2608,Граница выборки (4-е колено): исходящие не видны; получено 40 тыс. ₸ от 1 плательщика,False,4,True,1,0,40000.0,0.0,1,0,0.0,,7,0,0.0,1,False,False
100000001222245100,peripheral,1.0,7,0.3078,Граница выборки (4-е колено): исходящие не видны; получено 420 тыс. ₸ от 1 плательщика,False,4,True,1,0,420000.0,0.0,5,0,0.0,,7,0,0.0,1,False,False
100000001222263100,peripheral,1.0,7,0.5576,"Признаков роли нет: связи 1 вх./1 исх., оборот 746 тыс. ₸; блокировка отсекает 1,2 млн ₸",False,3,False,1,1,745570.0,420000.0,1,5,0.5633,0.0,7,0,1.9e-05,1,False,False
100000001223977100,peripheral,1.0,8,0.4263,"Признаков роли нет: связи 1 вх./1 исх., оборот 18 тыс. ₸",False,3,False,1,1,5000.0,18000.0,1,1,3.6,19.0,10,0,2.4e-05,1,False,True
100000001227106100,peripheral,0.94,7,0.2918,"Признаков роли нет: связи 1 вх./0 исх., оборот 165 тыс. ₸",False,3,False,1,0,164765.0,0.0,1,0,0.0,,7,0,0.0,1,False,False
100000001229743100,peripheral,1.0,1,0.4032,"Признаков роли нет: связи 1 вх./1 исх., оборот 9 тыс. ₸",False,3,False,1,1,7000.0,9000.0,1,1,1.2857,6.0,7,0,1.9e-05,1,False,True
100000001232297100,transit,0.96,32,0.5549,Признаки транзита: ушло 45 тыс. ₸ при видимом входе 5 тыс. ₸ за ~3 дн. — приток вне выборки,False,2,False,1,2,5000.0,45000.0,1,2,9.0,3.0,10,0,0.0,1,True,True
100000001236706100,peripheral,1.0,1,0.5881,"Признаков роли нет: связи 3 вх./2 исх., оборот 143 тыс. ₸; блокировка отсекает 179 тыс. ₸",False,3,False,3,2,142700.0,36000.0,3,2,0.2523,4.0,7,0,3.9e-05,2,False,False
100000001241318100,peripheral,1.0,1,0.2692,"Признаков роли нет: связи 1 вх./0 исх., оборот 53 тыс. ₸",False,2,False,1,0,53000.0,0.0,1,0,0.0,,7,0,0.0,1,False,False
100000001246806100,peripheral,1.0,4,0.2873,Граница выборки (4-е колено): исходящие не видны; получено 130 тыс. ₸ от 1 плательщика,False,4,True,1,0,130000.0,0.0,1,0,0.0,,9,0,0.0,1,False,False
100000001248999100,peripheral,1.0,18,0.2472,"Признаков роли нет: связи 1 вх./0 исх., оборот 23 тыс. ₸",False,3,False,1,0,23425.0,0.0,1,0,0.0,,7,0,0.0,1,False,False
100000001249054100,peripheral,1.0,11,0.2401,Граница выборки (4-е колено): исходящие не видны; получено 17 тыс. ₸ от 1 плательщика,False,4,True,1,0,17375.0,0.0,1,0,0.0,,7,0,0.0,1,False,False
100000001250022100,peripheral,1.0,9,0.2672,"Признаков роли нет: связи 1 вх./0 исх., оборот 50 тыс. ₸",False,2,False,1,0,50000.0,0.0,1,0,0.0,,1,0,0.0,1,False,False
100000001251686100,peripheral,1.0,1,0.2414,"Признаков роли нет: связи 1 вх./0 исх., оборот 18 тыс. ₸",False,2,False,1,0,18000.0,0.0,1,0,0.0,,9,0,0.0,1,False,False
100000001252290100,peripheral,1.0,7,0.4905,"Признаков роли нет: связи 1 вх./1 исх., оборот 141 тыс. ₸; блокировка отсекает 146 тыс. ₸",False,3,False,1,1,141005.0,5000.0,1,1,0.0355,,7,0,1.9e-05,1,False,False
100000001253557100,terminal,0.48,4,0.4822,"Деньги оседают: получено 210 тыс. ₸ от 5 плательщиков, исходящих ≥5 тыс. ₸ нет (узел раскрыт обходом)",False,1,False,5,0,210200.0,0.0,5,0,0.0,,10,1,0.0,1,False,False
100000001256409100,peripheral,1.0,22,0.2275,Граница выборки (4-е колено): исходящие не видны; получено 8 тыс. ₸ от 1 плательщика,False,4,True,1,0,8000.0,0.0,1,0,0.0,,1,0,0.0,1,False,False
100000001262647100,peripheral,1.0,2,0.2476,"Признаков роли нет: связи 1 вх./0 исх., оборот 24 тыс. ₸",False,2,False,1,0,23650.0,0.0,1,0,0.0,,7,0,0.0,1,False,False
100000001270349100,terminal,0.5,9,0.3959,"Деньги оседают: получено 200 тыс. ₸ от 1 плательщика, исходящих ≥5 тыс. ₸ нет (узел раскрыт обходом)",False,3,False,1,0,200000.0,0.0,1,0,0.0,,1,0,0.0,1,False,False
100000001270470100,peripheral,1.0,3,0.2532,Граница выборки (4-е колено): исходящие не видны; получено 28 тыс. ₸ от 1 плательщика,False,4,True,1,0,28300.0,0.0,2,0,0.0,,7,0,0.0,1,False,False
100000001273783100,peripheral,1.0,11,0.2471,"Признаков роли нет: связи 1 вх./0 исх., оборот 23 тыс. ₸",False,2,False,1,0,23200.0,0.0,1,0,0.0,,1,0,0.0,1,False,False
100000001275557100,peripheral,1.0,24,0.2437,Граница выборки (4-е колено): исходящие не видны; получено 20 тыс. ₸ от 1 плательщика,False,4,True,1,0,20000.0,0.0,1,0,0.0,,7,0,0.0,1,False,False
100000001275752100,peripheral,1.0,4,0.2905,"Признаков роли нет: связи 1 вх./0 исх., оборот 152 тыс. ₸",False,3,False,1,0,151500.0,0.0,1,0,0.0,,9,0,0.0,1,False,False
100000001276409100,peripheral,1.0,11,0.2809,Граница выборки (4-е колено): исходящие не видны; получено 95 тыс. ₸ от 1 плательщика,False,4,True,1,0,94760.0,0.0,1,0,0.0,,7,0,0.0,1,False,False
100000001279272100,peripheral,1.0,3,0.5459,"Признаков роли нет: связи 1 вх./2 исх., оборот 250 тыс. ₸; в ядре-кольце из 85; блокировка отсекает 387 тыс. ₸",False,3,False,1,2,250000.0,136758.0,1,2,0.547,2.0,7,0,0.000299,1,True,False
100000001279875100,peripheral,1.0,9,0.2662,"Признаков роли нет: связи 1 вх./0 исх., оборот 49 тыс. ₸",False,2,False,1,0,49235.0,0.0,1,0,0.0,,1,0,0.0,1,False,False
100000001280798100,peripheral,1.0,11,0.2481,"Признаков роли нет: связи 1 вх./0 исх., оборот 24 тыс. ₸",False,3,False,1,0,23785.0,0.0,1,0,0.0,,7,0,0.0,1,False,False
100000001282143100,terminal,0.8,4,0.5214,"Деньги оседают: получено 1,7 млн ₸ от 5 плательщиков, исходящих ≥5 тыс. ₸ нет (узел раскрыт обходом); синхронный сбор: 4 плат. в 1 день",False,3,False,5,0,1700000.0,0.0,6,0,0.0,,10,0,0.0,4,False,False
100000001285440100,terminal,1.0,4,0.4918,"Деньги оседают: получено 243 тыс. ₸ от 2 плательщиков, исходящих ≥5 тыс. ₸ нет (узел раскрыт обходом)",False,3,False,2,0,243000.0,0.0,2,0,0.0,,9,0,0.0,2,False,False
100000001286703100,peripheral,1.0,7,0.2451,Граница выборки (4-е колено): исходящие не видны; получено 20 тыс. ₸ от 1 плательщика,False,4,True,1,0,20500.0,0.0,1,0,0.0,,7,0,0.0,1,False,False
100000001287955100,transit,1.0,13,0.7426,Признаки транзита: ушло 310 тыс. ₸ при видимом входе 18 тыс. ₸ за ~1 дн. — приток вне выборки; блокировка отсекает 839 тыс. ₸,False,2,False,1,4,17520.0,310000.0,1,5,17.6941,1.0,1,0,0.00068,1,False,True
100000001290243100,peripheral,1.0,2,0.2304,"Признаков роли нет: связи 1 вх./0 исх., оборот 10 тыс. ₸",False,2,False,1,0,10000.0,0.0,1,0,0.0,,7,0,0.0,1,False,False
100000001297206100,peripheral,1.0,3,0.2265,Граница выборки (4-е колено): исходящие не видны; получено 7 тыс. ₸ от 1 плательщика,False,4,True,1,0,6758.0,0.0,1,0,0.0,,7,0,0.0,1,False,False
100000001298099100,peripheral,1.0,11,0.2422,"Признаков роли нет: связи 1 вх./0 исх., оборот 19 тыс. ₸",False,3,False,1,0,19000.0,0.0,1,0,0.0,,7,0,0.0,1,False,False
100000001299323100,peripheral,1.0,4,0.2846,Граница выборки (4-е колено): исходящие не видны; получено 109 тыс. ₸ от 1 плательщика,False,4,True,1,0,109000.0,0.0,1,0,0.0,,8,0,0.0,1,False,False
100000001299443100,peripheral,1.0,13,0.2275,Граница выборки (4-е колено): исходящие не видны; получено 8 тыс. ₸ от 1 плательщика,False,4,True,1,0,8000.0,0.0,1,0,0.0,,1,0,0.0,1,False,False
100000001299828100,peripheral,1.0,3,0.2826,Граница выборки (4-е колено): исходящие не видны; получено 100 тыс. ₸ от 1 плательщика,False,4,True,1,0,100000.0,0.0,1,0,0.0,,7,0,0.0,1,False,False
100000001303311100,terminal,0.8,4,0.5201,"Деньги оседают: получено 1,3 млн ₸ от 5 плательщиков, исходящих ≥5 тыс. ₸ нет (узел раскрыт обходом); синхронный сбор: 4 плат. в 1 день",False,3,False,5,0,1324000.0,0.0,5,0,0.0,,9,0,0.0,4,False,False
100000001307612100,peripheral,1.0,5,0.26,"Признаков роли нет: связи 1 вх./0 исх., оборот 38 тыс. ₸",False,1,False,1,0,38483.0,0.0,1,0,0.0,,1,1,0.0,1,False,False
100000001308856100,peripheral,1.0,5,0.2525,"Признаков роли нет: связи 1 вх./0 исх., оборот 27 тыс. ₸",False,2,False,1,0,27000.0,0.0,1,0,0.0,,1,0,0.0,1,False,False
100000001311175100,peripheral,1.0,13,0.3032,Граница выборки (4-е колено): исходящие не видны; получено 300 тыс. ₸ от 1 плательщика,False,4,True,1,0,300000.0,0.0,1,0,0.0,,2,0,0.0,1,False,False
100000001317336100,peripheral,0.84,30,0.5813,"Признаков роли нет: связи 1 вх./2 исх., оборот 1,8 млн ₸; блокировка отсекает 1,9 млн ₸",False,3,False,1,2,131196.0,1752000.0,1,3,13.3541,4.0,7,0,4e-05,1,False,True
100000001325618100,peripheral,1.0,13,0.2287,Граница выборки (4-е колено): исходящие не видны; получено 9 тыс. ₸ от 1 плательщика,False,4,True,1,0,9300.0,0.0,1,0,0.0,,1,0,0.0,1,False,False
100000001329153100,peripheral,1.0,10,0.2904,"Признаков роли нет: связи 1 вх./0 исх., оборот 151 тыс. ₸",False,3,False,1,0,150687.0,0.0,1,0,0.0,,7,0,0.0,1,False,False
100000001330595100,peripheral,1.0,26,0.5759,"Признаков роли нет: связи 3 вх./1 исх., оборот 154 тыс. ₸; блокировка отсекает 241 тыс. ₸",False,2,False,3,1,87000.0,154000.0,6,1,1.7701,11.5,1,0,1e-06,2,False,True
100000001330685100,peripheral,1.0,7,0.6535,"Признаков роли нет: связи 3 вх./1 исх., оборот 2,4 млн ₸; блокировка отсекает 2,5 млн ₸",False,1,False,3,1,2435923.0,100500.0,7,1,0.0413,,7,1,1.9e-05,2,False,False
100000001339466100,peripheral,1.0,1,0.2549,"Признаков роли нет: связи 1 вх./0 исх., оборот 30 тыс. ₸",False,2,False,1,0,30000.0,0.0,1,0,0.0,,9,0,0.0,1,False,False
100000001346560100,peripheral,1.0,17,0.5023,"Признаков роли нет: связи 2 вх./1 исх., оборот 22 тыс. ₸",False,2,False,2,1,10000.0,22200.0,2,1,2.22,7.0,11,0,2.6e-05,1,False,True
100000001362940100,peripheral,1.0,8,0.2775,"Признаков роли нет: связи 1 вх./0 исх., оборот 81 тыс. ₸",False,1,False,1,0,81000.0,0.0,1,0,0.0,,10,1,0.0,1,False,False
100000001363952100,peripheral,1.0,17,0.5784,"Признаков роли нет: связи 2 вх./1 исх., оборот 197 тыс. ₸; блокировка отсекает 288 тыс. ₸",False,1,False,2,1,196655.0,91000.0,2,2,0.4627,0.0,7,1,1.9e-05,1,False,False
100000001373265100,peripheral,1.0,3,0.4912,"Признаков роли нет: связи 1 вх./1 исх., оборот 142 тыс. ₸; блокировка отсекает 147 тыс. ₸",False,3,False,1,1,142482.0,5000.0,1,1,0.0351,,7,0,1.9e-05,1,False,False
100000001378288100,peripheral,1.0,17,0.3008,Граница выборки (4-е колено): исходящие не видны; получено 268 тыс. ₸ от 1 плательщика,False,4,True,1,0,268000.0,0.0,3,0,0.0,,7,0,0.0,1,False,False
100000001379511100,peripheral,1.0,31,0.2704,"Признаков роли нет: связи 1 вх./0 исх., оборот 55 тыс. ₸",False,3,False,1,0,55000.0,0.0,1,0,0.0,,7,0,0.0,1,False,False
100000001380054100,peripheral,0.84,29,0.6105,"Признаков роли нет: связи 2 вх./3 исх., оборот 360 тыс. ₸; блокировка отсекает 1,1 млн ₸",False,1,False,2,3,127050.0,360000.0,2,4,2.8335,3.5,1,1,3e-06,1,True,True
100000001380107100,peripheral,1.0,8,0.2257,"Признаков роли нет: связи 1 вх./0 исх., оборот 6 тыс. ₸",False,3,False,1,0,6000.0,0.0,1,0,0.0,,10,0,0.0,1,False,False
100000001380986100,peripheral,1.0,12,0.2751,"Признаков роли нет: связи 1 вх./0 исх., оборот 70 тыс. ₸",False,2,False,1,0,70170.0,0.0,1,0,0.0,,1,0,0.0,1,False,False
100000001382002100,peripheral,0.84,1,0.4017,"Признаков роли нет: связи 1 вх./1 исх., оборот 56 тыс. ₸; блокировка отсекает 112 тыс. ₸",False,2,False,1,1,55000.0,56500.0,2,3,1.0273,4.0,7,0,0.0,1,True,False
100000001384826100,peripheral,1.0,7,0.5282,"Признаков роли нет: связи 1 вх./1 исх., оборот 364 тыс. ₸; блокировка отсекает 374 тыс. ₸",False,3,False,1,1,364260.0,10000.0,1,1,0.0275,12.0,7,0,1.9e-05,1,False,False
100000001386612100,peripheral,1.0,12,0.2728,"Признаков роли нет: связи 1 вх./0 исх., оборот 62 тыс. ₸",False,2,False,1,0,62264.0,0.0,1,0,0.0,,7,0,0.0,1,False,False
100000001389255100,peripheral,1.0,5,0.2387,"Признаков роли нет: связи 1 вх./0 исх., оборот 16 тыс. ₸",False,1,False,1,0,16136.0,0.0,1,0,0.0,,1,1,0.0,1,False,False
100000001411870100,terminal,1.0,9,0.5089,"Деньги оседают: получено 900 тыс. ₸ от 2 плательщиков, исходящих ≥5 тыс. ₸ нет (узел раскрыт обходом)",False,1,False,2,0,900000.0,0.0,4,0,0.0,,2,1,0.0,1,False,False
100000001415126100,peripheral,1.0,12,0.1263,"Признаков роли нет: связи 1 вх./0 исх., оборот 27 тыс. ₸; курьер из исходного списка",True,0,False,1,0,27000.0,0.0,1,0,,,7,0,0.0,1,False,False
100000001418900100,peripheral,1.0,5,0.2612,"Признаков роли нет: связи 1 вх./0 исх., оборот 40 тыс. ₸",False,2,False,1,0,40140.0,0.0,2,0,0.0,,1,0,0.0,1,False,False
100000001420847100,peripheral,1.0,23,0.2437,"Признаков роли нет: связи 1 вх./0 исх., оборот 20 тыс. ₸",False,2,False,1,0,20000.0,0.0,2,0,0.0,,7,0,0.0,1,False,False
100000001427082100,transit,0.96,21,0.6773,Признаки транзита: ушло 125 тыс. ₸ при видимом входе 5 тыс. ₸ за ~3 дн. — приток вне выборки; блокировка отсекает 130 тыс. ₸,False,3,False,1,5,5000.0,124900.0,1,6,24.98,3.0,7,0,7.8e-05,1,False,True
100000001429930100,peripheral,1.0,19,0.1255,"Признаков роли нет: связи 1 вх./0 исх., оборот 26 тыс. ₸; курьер из исходного списка",True,0,False,1,0,26000.0,0.0,1,0,,,7,0,0.0,1,False,False
100000001439416100,peripheral,1.0,19,0.5036,"Признаков роли нет: связи 1 вх./2 исх., оборот 165 тыс. ₸; блокировка отсекает 175 тыс. ₸",False,3,False,1,2,10000.0,165000.0,1,3,16.5,18.0,7,0,2e-05,1,True,True
100000001445848100,peripheral,1.0,33,0.4846,"Признаков роли нет: связи 1 вх./1 исх., оборот 546 тыс. ₸; блокировка отсекает 898 тыс. ₸",False,3,False,1,1,546000.0,351850.0,13,14,0.6444,1.0,7,0,0.0,1,True,False
100000001463701100,terminal,1.0,15,0.506,"Деньги оседают: получено 621 тыс. ₸ от 2 плательщиков, исходящих ≥5 тыс. ₸ нет (узел раскрыт обходом)",False,1,False,2,0,621000.0,0.0,2,0,0.0,,8,1,0.0,2,False,False
100000001471706100,peripheral,1.0,15,0.3064,Граница выборки (4-е колено): исходящие не видны; получено 377 тыс. ₸ от 1 плательщика,False,4,True,1,0,377000.0,0.0,8,0,0.0,,8,0,0.0,1,False,False
100000001477796100,peripheral,0.66,1,0.2936,"Признаков роли нет: связи 1 вх./0 исх., оборот 182 тыс. ₸",False,1,False,1,0,182000.0,0.0,1,0,0.0,,1,1,0.0,1,False,False
100000001484381100,peripheral,1.0,11,0.3488,"Признаков роли нет: связи 2 вх./0 исх., оборот 96 тыс. ₸",False,3,False,2,0,95585.0,0.0,4,0,0.0,,7,0,0.0,1,False,False
100000001490461100,peripheral,1.0,14,0.428,"Признаков роли нет: связи 1 вх./1 исх., оборот 20 тыс. ₸",False,2,False,1,1,20000.0,5000.0,1,1,0.25,12.0,9,0,2.2e-05,1,False,False
100000001498732100,peripheral,1.0,31,0.2252,Граница выборки (4-е колено): исходящие не видны; получено 6 тыс. ₸ от 1 плательщика,False,4,True,1,0,5500.0,0.0,1,0,0.0,,7,0,0.0,1,False,False
100000001524952100,peripheral,1.0,1,0.2839,"Признаков роли нет: связи 1 вх./0 исх., оборот 104 тыс. ₸",False,1,False,1,0,103807.0,0.0,1,0,0.0,,7,1,0.0,1,False,False
100000001526235100,peripheral,1.0,27,0.649,"Признаков роли нет: связи 3 вх./8 исх., оборот 433 тыс. ₸; блокировка отсекает 850 тыс. ₸",False,2,False,3,8,82000.0,432750.0,4,9,5.2774,4.5,7,0,0.000257,1,True,True
100000001527186100,terminal,1.0,8,0.4387,"Деньги оседают: получено 678 тыс. ₸ от 1 плательщика, исходящих ≥5 тыс. ₸ нет (узел раскрыт обходом)",False,1,False,1,0,678000.0,0.0,2,0,0.0,,10,1,0.0,1,False,False
100000001530709100,peripheral,1.0,10,0.2698,"Признаков роли нет: связи 1 вх./0 исх., оборот 54 тыс. ₸",False,3,False,1,0,53961.0,0.0,1,0,0.0,,7,0,0.0,1,False,False
100000001530740100,peripheral,1.0,2,0.2366,"Признаков роли нет: связи 1 вх./0 исх., оборот 15 тыс. ₸",False,2,False,1,0,15000.0,0.0,1,0,0.0,,7,0,0.0,1,False,False
100000001530983100,transit,1.0,8,0.8566,"Признаки транзита: ушло 1,8 млн ₸ при видимом входе 564 тыс. ₸ за ~0,5 дн. — приток вне выборки; блокировка отсекает 2,5 млн ₸",False,1,False,4,11,564158.0,1829538.0,4,17,3.243,0.5,7,2,0.000332,1,False,True
100000001533161100,peripheral,1.0,1,0.2826,Граница выборки (4-е колено): исходящие не видны; получено 100 тыс. ₸ от 1 плательщика,False,4,True,1,0,100000.0,0.0,1,0,0.0,,7,0,0.0,1,False,False
100000001534244100,peripheral,1.0,4,0.6049,"Признаков роли нет: связи 2 вх./1 исх., оборот 366 тыс. ₸; блокировка отсекает 411 тыс. ₸",False,3,False,2,1,366000.0,45000.0,2,1,0.123,,8,0,2.2e-05,2,False,False
100000001537524100,peripheral,1.0,4,0.29,Граница выборки (4-е колено): исходящие не видны; получено 150 тыс. ₸ от 1 плательщика,False,4,True,1,0,150000.0,0.0,1,0,0.0,,8,0,0.0,1,False,False
100000001538095100,terminal,1.0,4,0.4944,"Деньги оседают: получено 280 тыс. ₸ от 2 плательщиков, исходящих ≥5 тыс. ₸ нет (узел раскрыт обходом)",False,3,False,2,0,280000.0,0.0,2,0,0.0,,9,0,0.0,2,False,False
100000001541418100,peripheral,1.0,12,0.349,"Признаков роли нет: связи 2 вх./0 исх., оборот 97 тыс. ₸",False,2,False,2,0,96900.0,0.0,2,0,0.0,,7,0,0.0,1,False,False
100000001549194100,peripheral,1.0,12,0.2643,"Признаков роли нет: связи 1 вх./0 исх., оборот 46 тыс. ₸",False,3,False,1,0,46500.0,0.0,1,0,0.0,,7,0,0.0,1,False,False
100000001550388100,peripheral,1.0,1,0.2672,"Признаков роли нет: связи 1 вх./0 исх., оборот 50 тыс. ₸",False,1,False,1,0,50000.0,0.0,1,0,0.0,,7,1,0.0,1,False,False
100000001550419100,peripheral,1.0,12,0.2469,"Признаков роли нет: связи 1 вх./0 исх., оборот 23 тыс. ₸",False,3,False,1,0,23000.0,0.0,1,0,0.0,,7,0,0.0,1,False,False
100000001554432100,peripheral,1.0,8,0.2698,"Признаков роли нет: связи 1 вх./0 исх., оборот 54 тыс. ₸",False,1,False,1,0,53920.0,0.0,1,0,0.0,,10,1,0.0,1,False,False
100000001557930100,peripheral,1.0,9,0.2581,"Признаков роли нет: связи 1 вх./0 исх., оборот 35 тыс. ₸",False,2,False,1,0,34610.0,0.0,1,0,0.0,,1,0,0.0,1,False,False
100000001567366100,terminal,1.0,2,0.4407,"Деньги оседают: получено 824 тыс. ₸ от 1 плательщика, исходящих ≥5 тыс. ₸ нет (узел раскрыт обходом)",False,1,False,1,0,824070.0,0.0,4,0,0.0,,7,1,0.0,1,False,False
100000001578517100,peripheral,1.0,8,0.2549,"Признаков роли нет: связи 1 вх./0 исх., оборот 30 тыс. ₸",False,2,False,1,0,30000.0,0.0,1,0,0.0,,7,0,0.0,1,False,False
100000001584286100,terminal,1.0,13,0.5073,"Деньги оседают: получено 739 тыс. ₸ от 2 плательщиков, исходящих ≥5 тыс. ₸ нет (узел раскрыт обходом)",False,2,False,2,0,738699.0,0.0,3,0,0.0,,8,0,0.0,1,False,False
100000001590795100,peripheral,1.0,13,0.2244,Граница выборки (4-е колено): исходящие не видны; получено 5 тыс. ₸ от 1 плательщика,False,4,True,1,0,5060.0,0.0,1,0,0.0,,1,0,0.0,1,False,False
100000001597424100,peripheral,1.0,12,0.2654,"Признаков роли нет: связи 1 вх./0 исх., оборот 48 тыс. ₸",False,3,False,1,0,48100.0,0.0,1,0,0.0,,7,0,0.0,1,False,False
100000001597505100,peripheral,1.0,9,0.4309,"Признаков роли нет: связи 1 вх./1 исх., оборот 26 тыс. ₸",False,2,False,1,1,26460.0,12920.0,1,1,0.4883,,8,0,1e-05,1,False,False
100000001598625100,peripheral,1.0,3,0.2497,Граница выборки (4-е колено): исходящие не видны; получено 25 тыс. ₸ от 1 плательщика,False,4,True,1,0,25000.0,0.0,1,0,0.0,,7,0,0.0,1,False,False
100000001600934100,peripheral,1.0,3,0.436,"Признаков роли нет: связи 1 вх./1 исх., оборот 180 тыс. ₸; блокировка отсекает 191 тыс. ₸",False,3,False,1,1,180300.0,11000.0,2,1,0.061,11.0,7,0,0.0,1,True,False
100000001601320100,peripheral,1.0,14,0.5171,"Признаков роли нет: связи 2 вх./1 исх., оборот 46 тыс. ₸",False,2,False,2,1,43500.0,46200.0,2,1,1.0621,8.0,1,0,1e-06,1,False,False
100000001609499100,peripheral,1.0,1,0.6172,"Признаков роли нет: связи 3 вх./2 исх., оборот 263 тыс. ₸; в ядре-кольце из 85; блокировка отсекает 284 тыс. ₸",False,1,False,3,2,263113.0,21000.0,3,2,0.0798,2.0,7,1,0.000184,1,True,False
100000001611488100,terminal,1.0,7,0.5078,"Деньги оседают: получено 779 тыс. ₸ от 2 плательщиков, исходящих ≥5 тыс. ₸ нет (узел раскрыт обходом)",False,3,False,2,0,779300.0,0.0,3,0,0.0,,7,0,0.0,1,False,False
100000001616816100,peripheral,0.8,9,0.2326,"Признаков роли нет: связи 5 вх./3 исх., оборот 181 тыс. ₸; курьер из исходного списка",True,0,False,5,3,176195.0,181326.0,12,10,,1.0,10,0,0.000105,1,True,False
100000001632325100,peripheral,1.0,6,0.2787,"Признаков роли нет: связи 1 вх./0 исх., оборот 86 тыс. ₸",False,3,False,1,0,85600.0,0.0,3,0,0.0,,1,0,0.0,1,False,False
100000001633685100,peripheral,1.0,1,0.3429,"Признаков роли нет: связи 3 вх./0 исх., оборот 45 тыс. ₸",False,2,False,3,0,45000.0,0.0,3,0,0.0,,7,0,0.0,1,False,False
100000001637376100,transit,1.0,7,0.6938,Признаки транзита: ушло 234 тыс. ₸ при видимом входе 117 тыс. ₸ за ~0 дн. — приток вне выборки; блокировка отсекает 351 тыс. ₸,False,3,False,1,1,116700.0,234250.0,1,2,2.0073,0.0,7,0,1.9e-05,1,False,True
100000001639766100,peripheral,1.0,9,0.2437,"Признаков роли нет: связи 1 вх./0 исх., оборот 20 тыс. ₸",False,3,False,1,0,20000.0,0.0,1,0,0.0,,1,0,0.0,1,False,False
100000001641789100,peripheral,1.0,9,0.2409,"Признаков роли нет: связи 1 вх./0 исх., оборот 18 тыс. ₸",False,1,False,1,0,17826.0,0.0,1,0,0.0,,11,1,0.0,1,False,False
100000001641951100,peripheral,1.0,17,0.2497,"Признаков роли нет: связи 1 вх./0 исх., оборот 25 тыс. ₸",False,2,False,1,0,25000.0,0.0,4,0,0.0,,11,0,0.0,1,False,False
100000001648936100,peripheral,1.0,9,0.2803,"Признаков роли нет: связи 1 вх./0 исх., оборот 93 тыс. ₸",False,2,False,1,0,92740.0,0.0,1,0,0.0,,1,0,0.0,1,False,False
100000001650895100,peripheral,1.0,14,0.5039,"Признаков роли нет: связи 1 вх./1 исх., оборот 154 тыс. ₸; блокировка отсекает 164 тыс. ₸",False,3,False,1,1,153500.0,10000.0,1,1,0.0651,,9,0,2.2e-05,1,False,False
100000001660397100,transit,1.0,1,0.7292,"Признаки транзита: пришло 49 тыс. ₸, ушло 101% за ~0 дн.; связи 2→3; в ядре-кольце из 85",False,1,False,2,3,48600.0,49000.0,2,4,1.0082,0.0,7,1,0.000503,1,True,False
100000001669260100,peripheral,1.0,22,0.3106,Граница выборки (4-е колено): исходящие не видны; получено 500 тыс. ₸ от 1 плательщика,False,4,True,1,0,500000.0,0.0,1,0,0.0,,1,0,0.0,1,False,False
100000001674850100,terminal,1.0,4,0.4912,"Деньги оседают: получено 237 тыс. ₸ от 2 плательщиков, исходящих ≥5 тыс. ₸ нет (узел раскрыт обходом)",False,3,False,2,0,237000.0,0.0,2,0,0.0,,8,0,0.0,2,False,False
100000001677389100,peripheral,1.0,18,0.4074,"Признаков роли нет: связи 1 вх./1 исх., оборот 11 тыс. ₸",False,3,False,1,1,11000.0,5400.0,1,1,0.4909,,7,0,1.9e-05,1,False,False
100000001677929100,transit,1.0,14,0.7741,"Признаки транзита: ушло 286 тыс. ₸ при видимом входе 127 тыс. ₸ за ~1,5 дн. — приток вне выборки; блокировка отсекает 413 тыс. ₸",False,2,False,3,2,126777.0,286098.0,3,4,2.2567,1.5,1,0,1e-06,1,True,True
100000001680944100,terminal,1.0,4,0.4322,"Деньги оседают: получено 393 тыс. ₸ от 1 плательщика, исходящих ≥5 тыс. ₸ нет (узел раскрыт обходом)",False,3,False,1,0,393000.0,0.0,1,0,0.0,,9,0,0.0,1,False,False
100000001684867100,peripheral,1.0,2,0.2559,"Признаков роли нет: связи 1 вх./0 исх., оборот 31 тыс. ₸",False,1,False,1,0,30550.0,0.0,1,0,0.0,,7,1,0.0,1,False,False
100000001686328100,peripheral,1.0,4,0.2886,"Признаков роли нет: связи 1 вх./0 исх., оборот 140 тыс. ₸",False,3,False,1,0,140000.0,0.0,1,0,0.0,,9,0,0.0,1,False,False
100000001688676100,peripheral,1.0,23,0.2877,"Признаков роли нет: связи 1 вх./0 исх., оборот 134 тыс. ₸",False,3,False,1,0,133700.0,0.0,1,0,0.0,,7,0,0.0,1,False,False
100000001689968100,terminal,1.0,18,0.5099,"Деньги оседают: получено 344 тыс. ₸ от 3 плательщиков, исходящих ≥5 тыс. ₸ нет (узел раскрыт обходом)",False,3,False,3,0,344333.75,0.0,3,0,0.0,,7,0,0.0,1,False,False
100000001690439100,peripheral,1.0,1,0.2354,"Признаков роли нет: связи 1 вх./0 исх., оборот 14 тыс. ₸",False,3,False,1,0,14200.0,0.0,1,0,0.0,,7,0,0.0,1,False,False
100000001690558100,terminal,1.0,23,0.4398,"Деньги оседают: получено 740 тыс. ₸ от 1 плательщика, исходящих ≥5 тыс. ₸ нет (узел раскрыт обходом)",False,3,False,1,0,740000.0,0.0,1,0,0.0,,7,0,0.0,1,False,False
100000001696818100,peripheral,1.0,1,0.2696,"Признаков роли нет: связи 1 вх./0 исх., оборот 54 тыс. ₸",False,1,False,1,0,53550.0,0.0,1,0,0.0,,1,1,0.0,1,False,False
100000001697501100,distributor,1.0,5,0.9048,"Признаки веерной раздачи: 38 получателей, отправлено 1,5 млн ₸; блокировка отсекает 6,9 млн ₸",False,1,False,3,38,123700.0,1482606.0,3,55,11.9855,0.0,1,1,0.000205,1,True,True
100000001703168100,transit,1.0,19,0.6552,Признаки транзита: ушло 90 тыс. ₸ при видимом входе 45 тыс. ₸ за ~2 дн. — приток вне выборки; блокировка отсекает 135 тыс. ₸,False,2,False,1,1,45000.0,90000.0,1,1,2.0,2.0,7,0,1.9e-05,1,False,True
100000001714173100,terminal,1.0,12,0.4385,"Деньги оседают: получено 639 тыс. ₸ от 1 плательщика, исходящих ≥5 тыс. ₸ нет (узел раскрыт обходом)",False,3,False,1,0,638905.0,0.0,6,0,0.0,,9,0,0.0,1,False,False
100000001714413100,terminal,1.0,7,0.425,"Деньги оседают: получено 250 тыс. ₸ от 1 плательщика, исходящих ≥5 тыс. ₸ нет (узел раскрыт обходом)",False,3,False,1,0,250172.0,0.0,1,0,0.0,,7,0,0.0,1,False,False
100000001714883100,peripheral,1.0,13,0.2265,Граница выборки (4-е колено): исходящие не видны; получено 7 тыс. ₸ от 1 плательщика,False,4,True,1,0,6900.0,0.0,1,0,0.0,,1,0,0.0,1,False,False
100000001716579100,peripheral,1.0,5,0.2348,"Признаков роли нет: связи 1 вх./0 исх., оборот 14 тыс. ₸",False,1,False,1,0,13916.0,0.0,1,0,0.0,,1,1,0.0,1,False,False
100000001724740100,peripheral,1.0,4,0.2938,Граница выборки (4-е колено): исходящие не видны; получено 185 тыс. ₸ от 1 плательщика,False,4,True,1,0,185000.0,0.0,4,0,0.0,,9,0,0.0,1,False,False
100000001726614100,peripheral,1.0,3,0.2883,"Признаков роли нет: связи 1 вх./0 исх., оборот 139 тыс. ₸",False,3,False,1,0,138717.0,0.0,1,0,0.0,,7,0,0.0,1,False,False
100000001732159100,peripheral,1.0,1,0.2305,"Признаков роли нет: связи 2 вх./4 исх., оборот 2,4 млн ₸; курьер из исходного списка",True,0,False,2,4,2378100.0,1505966.0,30,23,,1.0,9,2,2e-05,2,True,False
100000001733216100,peripheral,1.0,10,0.272,Граница выборки (4-е колено): исходящие не видны; получено 60 тыс. ₸ от 1 плательщика,False,4,True,1,0,60000.0,0.0,2,0,0.0,,7,0,0.0,1,False,False
100000001733687100,terminal,1.0,4,0.4284,"Деньги оседают: получено 300 тыс. ₸ от 1 плательщика, исходящих ≥5 тыс. ₸ нет (узел раскрыт обходом)",False,3,False,1,0,300000.0,0.0,1,0,0.0,,8,0,0.0,1,False,False
100000001737722100,peripheral,1.0,1,0.2725,"Признаков роли нет: связи 1 вх./0 исх., оборот 60 тыс. ₸",False,2,False,1,0,60460.0,0.0,1,0,0.0,,8,0,0.0,1,False,False
100000001740277100,peripheral,1.0,14,0.3359,"Признаков роли нет: связи 1 вх./1 исх., оборот 9 тыс. ₸",False,3,False,1,1,8700.0,5000.0,1,1,0.5747,2.0,1,0,0.0,1,True,False
100000001745217100,peripheral,1.0,3,0.2672,"Признаков роли нет: связи 1 вх./0 исх., оборот 50 тыс. ₸",False,3,False,1,0,50000.0,0.0,1,0,0.0,,7,0,0.0,1,False,False
100000001746925100,peripheral,1.0,8,0.5064,"Признаков роли нет: связи 1 вх./1 исх., оборот 65 тыс. ₸; блокировка отсекает 242 тыс. ₸",False,1,False,1,1,65250.0,5000.0,1,1,0.0766,,10,1,0.000119,1,False,False
100000001782980100,peripheral,1.0,29,0.5371,"Признаков роли нет: связи 1 вх./1 исх., оборот 596 тыс. ₸; блокировка отсекает 646 тыс. ₸",False,2,False,1,1,50000.0,596200.0,1,3,11.924,10.0,1,0,1e-06,1,False,True
100000001784279100,peripheral,1.0,3,0.2589,"Признаков роли нет: связи 1 вх./0 исх., оборот 36 тыс. ₸",False,3,False,1,0,35674.0,0.0,1,0,0.0,,7,0,0.0,1,False,False
100000001785161100,peripheral,1.0,13,0.3225,"Признаков роли нет: связи 2 вх./0 исх., оборот 30 тыс. ₸",False,3,False,2,0,30000.0,0.0,2,0,0.0,,7,0,0.0,1,False,False
100000001788284100,transit,1.0,27,0.7104,Признаки транзита: ушло 297 тыс. ₸ при видимом входе 8 тыс. ₸ за ~0 дн. — приток вне выборки; блокировка отсекает 305 тыс. ₸,False,3,False,1,5,8000.0,296700.0,1,8,37.0875,0.0,7,0,5.9e-05,1,True,True
100000001805543100,peripheral,1.0,2,0.2717,"Признаков роли нет: связи 1 вх./0 исх., оборот 59 тыс. ₸",False,1,False,1,0,59000.0,0.0,1,0,0.0,,7,1,0.0,1,False,False
100000001808684100,peripheral,0.56,9,0.3917,"Признаков роли нет: связи 1 вх./1 исх., оборот 48 тыс. ₸",False,3,False,1,1,48400.0,37700.0,3,2,0.7789,2.0,1,0,0.0,1,True,False
100000001816678100,peripheral,1.0,1,0.272,Граница выборки (4-е колено): исходящие не видны; получено 60 тыс. ₸ от 1 плательщика,False,4,True,1,0,60000.0,0.0,1,0,0.0,,7,0,0.0,1,False,False
100000001818442100,peripheral,1.0,11,0.2619,"Признаков роли нет: связи 1 вх./0 исх., оборот 42 тыс. ₸",False,3,False,1,0,42215.0,0.0,1,0,0.0,,7,0,0.0,1,False,False
100000001819396100,peripheral,0.92,28,0.2922,"Признаков роли нет: связи 1 вх./0 исх., оборот 166 тыс. ₸",False,3,False,1,0,166080.0,0.0,1,0,0.0,,7,0,0.0,1,False,False
100000001822623100,terminal,0.54,24,0.3984,"Деньги оседают: получено 201 тыс. ₸ от 1 плательщика, исходящих ≥5 тыс. ₸ нет (узел раскрыт обходом)",False,2,False,1,0,201300.0,0.0,1,0,0.0,,7,0,0.0,1,False,False
100000001822650100,peripheral,1.0,4,0.2852,Граница выборки (4-е колено): исходящие не видны; получено 112 тыс. ₸ от 1 плательщика,False,4,True,1,0,112000.0,0.0,1,0,0.0,,8,0,0.0,1,False,False
100000001825934100,peripheral,1.0,34,0.4737,"Признаков роли нет: связи 1 вх./1 исх., оборот 97 тыс. ₸; блокировка отсекает 137 тыс. ₸",False,3,False,1,1,40000.0,97000.0,1,1,2.425,,1,0,1e-06,1,False,True
100000001831496100,peripheral,1.0,15,0.5239,"Признаков роли нет: связи 1 вх./1 исх., оборот 373 тыс. ₸; блокировка отсекает 398 тыс. ₸",False,3,False,1,1,25000.0,373000.0,1,1,14.92,18.0,7,0,2e-06,1,False,True
100000001835625100,peripheral,1.0,7,0.2761,"Признаков роли нет: связи 1 вх./0 исх., оборот 75 тыс. ₸",False,3,False,1,0,75130.0,0.0,1,0,0.0,,7,0,0.0,1,False,False
100000001837130100,peripheral,0.76,3,0.293,"Признаков роли нет: связи 1 вх./0 исх., оборот 173 тыс. ₸",False,3,False,1,0,172900.0,0.0,1,0,0.0,,7,0,0.0,1,False,False
100000001845505100,peripheral,1.0,3,0.2437,Граница выборки (4-е колено): исходящие не видны; получено 20 тыс. ₸ от 1 плательщика,False,4,True,1,0,20000.0,0.0,1,0,0.0,,7,0,0.0,1,False,False
100000001848426100,peripheral,1.0,9,0.2812,"Признаков роли нет: связи 1 вх./0 исх., оборот 96 тыс. ₸",False,2,False,1,0,95530.0,0.0,1,0,0.0,,1,0,0.0,1,False,False
100000001851289100,peripheral,1.0,2,0.2847,"Признаков роли нет: связи 1 вх./0 исх., оборот 110 тыс. ₸",False,1,False,1,0,109510.0,0.0,3,0,0.0,,7,1,0.0,1,False,False
100000001852140100,peripheral,1.0,43,0.2549,"Признаков роли нет: связи 1 вх./0 исх., оборот 30 тыс. ₸",False,3,False,1,0,30000.0,0.0,1,0,0.0,,1,0,0.0,1,False,False
100000001853812100,peripheral,1.0,3,0.2747,"Признаков роли нет: связи 1 вх./0 исх., оборот 70 тыс. ₸",False,3,False,1,0,70000.0,0.0,1,0,0.0,,7,0,0.0,1,False,False
100000001857829100,consolidator,0.62,17,0.9509,"Признаки консолидации: 6 плательщиков (курьеров: 0), вход 889 тыс. ₸, дальше 16 получ., отдал больше, чем видно входящих; в ядре-кольце из 85; синхронный сбор: 3 плат. в 1 день",False,2,False,6,16,888535.0,2390993.0,9,16,2.6909,0.0,7,0,0.00196,3,True,True
100000001860090100,peripheral,1.0,9,0.2236,"Признаков роли нет: связи 1 вх./0 исх., оборот 5 тыс. ₸",False,3,False,1,0,5000.0,0.0,1,0,0.0,,1,0,0.0,1,False,False
100000001870116100,peripheral,1.0,5,0.2483,"Признаков роли нет: связи 1 вх./0 исх., оборот 24 тыс. ₸",False,1,False,1,0,24000.0,0.0,1,0,0.0,,1,1,0.0,1,False,False
100000001872484100,peripheral,1.0,42,0.5514,"Признаков роли нет: связи 1 вх./3 исх., оборот 871 тыс. ₸; блокировка отсекает 1,4 млн ₸",False,1,False,1,3,871400.0,514580.0,13,9,0.5905,7.0,1,1,1e-06,1,True,False
100000001875167100,terminal,1.0,7,0.4419,"Деньги оседают: получено 1,0 млн ₸ от 1 плательщика, исходящих ≥5 тыс. ₸ нет (узел раскрыт обходом)",False,3,False,1,0,1000000.0,0.0,2,0,0.0,,7,0,0.0,1,False,False
100000001875239100,terminal,1.0,4,0.519,"Деньги оседают: получено 712 тыс. ₸ от 3 плательщиков, исходящих ≥5 тыс. ₸ нет (узел раскрыт обходом); синхронный сбор: 3 плат. в 1 день",False,3,False,3,0,712000.0,0.0,3,0,0.0,,9,0,0.0,3,False,False
100000001884825100,terminal,1.0,4,0.5152,"Деньги оседают: получено 495 тыс. ₸ от 3 плательщиков, исходящих ≥5 тыс. ₸ нет (узел раскрыт обходом)",False,3,False,3,0,495000.0,0.0,3,0,0.0,,8,0,0.0,2,False,False
100000001887715100,peripheral,1.0,4,0.6565,"Признаков роли нет: связи 3 вх./1 исх., оборот 1,3 млн ₸; синхронный сбор: 3 плат. в 1 день; блокировка отсекает 2,1 млн ₸",False,3,False,3,1,1331500.0,750000.0,4,1,0.5633,0.0,9,0,2.3e-05,3,False,False
100000001893287100,transit,1.0,9,0.6058,Признаки транзита: ушло 153 тыс. ₸ при видимом входе 18 тыс. ₸ за ~0 дн. — приток вне выборки; блокировка отсекает 171 тыс. ₸,False,3,False,1,1,18000.0,152700.0,3,14,8.4833,0.0,1,0,0.0,1,True,True
100000001899164100,peripheral,1.0,16,0.6346,"Признаков роли нет: связи 4 вх./3 исх., оборот 292 тыс. ₸; блокировка отсекает 472 тыс. ₸",False,1,False,4,3,291675.0,76500.0,5,3,0.2623,8.0,8,1,0.000127,2,True,False
100000001904863100,terminal,1.0,9,0.4358,"Деньги оседают: получено 500 тыс. ₸ от 1 плательщика, исходящих ≥5 тыс. ₸ нет (узел раскрыт обходом)",False,2,False,1,0,500000.0,0.0,1,0,0.0,,11,0,0.0,1,False,False
100000001924185100,peripheral,1.0,15,0.358,"Признаков роли нет: связи 2 вх./0 исх., оборот 151 тыс. ₸",False,1,False,2,0,151000.0,0.0,2,0,0.0,,11,2,0.0,1,False,False
100000001927599100,peripheral,0.62,14,0.3618,"Признаков роли нет: связи 2 вх./0 исх., оборот 188 тыс. ₸",False,3,False,2,0,188000.0,0.0,2,0,0.0,,9,0,0.0,2,False,False
100000001929088100,terminal,1.0,11,0.5,"Деньги оседают: получено 396 тыс. ₸ от 2 плательщиков, исходящих ≥5 тыс. ₸ нет (узел раскрыт обходом)",False,1,False,2,0,396010.0,0.0,2,0,0.0,,2,2,0.0,1,False,False
100000001934935100,peripheral,1.0,10,0.286,"Признаков роли нет: связи 1 вх./0 исх., оборот 119 тыс. ₸",False,3,False,1,0,118935.0,0.0,1,0,0.0,,7,0,0.0,1,False,False
100000001937767100,transit,1.0,9,0.7596,"Признаки транзита: ушло 1,9 млн ₸ при видимом входе 53 тыс. ₸ за ~0 дн. — приток вне выборки; блокировка отсекает 2,0 млн ₸",False,1,False,1,4,53000.0,1933000.0,1,6,36.4717,0.0,11,1,5.7e-05,1,True,True
100000001952325100,peripheral,1.0,5,0.2769,"Признаков роли нет: связи 1 вх./0 исх., оборот 78 тыс. ₸",False,1,False,1,0,77888.0,0.0,2,0,0.0,,1,1,0.0,1,False,False
100000001953577100,peripheral,1.0,5,0.2379,"Признаков роли нет: связи 1 вх./0 исх., оборот 16 тыс. ₸",False,1,False,1,0,15600.0,0.0,1,0,0.0,,1,1,0.0,1,False,False
100000001954534100,peripheral,1.0,3,0.4504,"Признаков роли нет: связи 1 вх./1 исх., оборот 40 тыс. ₸",False,3,False,1,1,13000.0,40000.0,1,1,3.0769,21.0,7,0,2e-05,1,False,True
100000001954903100,peripheral,1.0,11,0.2528,"Признаков роли нет: связи 1 вх./0 исх., оборот 27 тыс. ₸",False,2,False,1,0,27118.0,0.0,1,0,0.0,,1,0,0.0,1,False,False
100000001957974100,peripheral,1.0,12,0.3106,Граница выборки (4-е колено): исходящие не видны; получено 500 тыс. ₸ от 1 плательщика,False,4,True,1,0,500000.0,0.0,1,0,0.0,,7,0,0.0,1,False,False
100000001960517100,terminal,0.5,9,0.3959,"Деньги оседают: получено 200 тыс. ₸ от 1 плательщика, исходящих ≥5 тыс. ₸ нет (узел раскрыт обходом)",False,1,False,1,0,200000.0,0.0,1,0,0.0,,2,1,0.0,1,False,False
100000001961048100,peripheral,1.0,13,0.29,"Признаков роли нет: связи 1 вх./0 исх., оборот 150 тыс. ₸",False,2,False,1,0,150000.0,0.0,1,0,0.0,,7,0,0.0,1,False,False
100000001965374100,transit,1.0,25,0.816,"Признаки транзита: ушло 3,1 млн ₸ при видимом входе 1,8 млн ₸ за ~2 дн. — приток вне выборки; блокировка отсекает 4,8 млн ₸",False,2,False,2,3,1759720.0,3082100.0,8,5,1.7515,2.0,1,0,2e-06,2,True,True
100000001969496100,peripheral,1.0,12,0.2466,"Признаков роли нет: связи 1 вх./0 исх., оборот 23 тыс. ₸",False,3,False,1,0,22740.0,0.0,1,0,0.0,,7,0,0.0,1,False,False
100000001985793100,terminal,1.0,9,0.433,"Деньги оседают: получено 420 тыс. ₸ от 1 плательщика, исходящих ≥5 тыс. ₸ нет (узел раскрыт обходом)",False,2,False,1,0,420000.0,0.0,1,0,0.0,,1,0,0.0,1,False,False
100000001987030100,peripheral,1.0,9,0.5225,"Признаков роли нет: связи 2 вх./1 исх., оборот 31 тыс. ₸",False,1,False,2,1,30864.0,19000.0,2,1,0.6156,13.0,7,1,5.7e-05,1,False,False
100000001991973100,peripheral,1.0,13,0.2452,Граница выборки (4-е колено): исходящие не видны; получено 21 тыс. ₸ от 1 плательщика,False,4,True,1,0,20800.0,0.0,1,0,0.0,,1,0,0.0,1,False,False
100000002015633100,peripheral,1.0,7,0.2809,"Признаков роли нет: связи 1 вх./0 исх., оборот 95 тыс. ₸",False,3,False,1,0,94970.0,0.0,1,0,0.0,,7,0,0.0,1,False,False
100000002028158100,peripheral,1.0,2,0.2582,"Признаков роли нет: связи 1 вх./0 исх., оборот 35 тыс. ₸",False,2,False,1,0,34800.0,0.0,1,0,0.0,,7,0,0.0,1,False,False
100000002032323100,transit,1.0,31,0.7408,"Признаки транзита: ушло 1,1 млн ₸ при видимом входе 300 тыс. ₸ за ~0 дн. — приток вне выборки; блокировка отсекает 1,4 млн ₸",False,3,False,1,1,300000.0,1050000.0,1,2,3.5,0.0,7,0,2e-05,1,False,True
100000002087788100,peripheral,1.0,7,0.2834,"Признаков роли нет: связи 1 вх./0 исх., оборот 100 тыс. ₸",False,2,False,1,0,100500.0,0.0,1,0,0.0,,7,0,0.0,1,False,False
100000002095257100,peripheral,1.0,16,0.2279,"Признаков роли нет: связи 1 вх./0 исх., оборот 8 тыс. ₸",False,3,False,1,0,8500.0,0.0,1,0,0.0,,8,0,0.0,1,False,False
100000002103448100,peripheral,1.0,6,0.2525,"Признаков роли нет: связи 1 вх./0 исх., оборот 27 тыс. ₸",False,3,False,1,0,27000.0,0.0,1,0,0.0,,1,0,0.0,1,False,False
100000002109656100,terminal,1.0,13,0.4358,"Деньги оседают: получено 500 тыс. ₸ от 1 плательщика, исходящих ≥5 тыс. ₸ нет (узел раскрыт обходом)",False,3,False,1,0,500000.0,0.0,1,0,0.0,,2,0,0.0,1,False,False
100000002116705100,peripheral,1.0,6,0.2406,"Признаков роли нет: связи 1 вх./0 исх., оборот 18 тыс. ₸",False,3,False,1,0,17600.0,0.0,1,0,0.0,,1,0,0.0,1,False,False
100000002119762100,peripheral,1.0,7,0.2768,Граница выборки (4-е колено): исходящие не видны; получено 77 тыс. ₸ от 1 плательщика,False,4,True,1,0,77000.0,0.0,6,0,0.0,,7,0,0.0,1,False,False
100000002121357100,peripheral,1.0,4,0.5962,"Признаков роли нет: связи 2 вх./1 исх., оборот 255 тыс. ₸; блокировка отсекает 368 тыс. ₸",False,3,False,2,1,255300.0,113000.0,2,1,0.4426,,8,0,2.2e-05,1,False,False
100000002126791100,peripheral,1.0,4,0.3183,"Граница выборки (4-е колено): исходящие не видны; получено 1,3 млн ₸ от 1 плательщика",False,4,True,1,0,1313000.0,0.0,3,0,0.0,,9,0,0.0,1,False,False
100000002130400100,peripheral,1.0,34,0.2304,Граница выборки (4-е колено): исходящие не видны; получено 10 тыс. ₸ от 1 плательщика,False,4,True,1,0,10000.0,0.0,1,0,0.0,,1,0,0.0,1,False,False
100000002132479100,peripheral,1.0,12,0.3733,"Признаков роли нет: связи 1 вх./1 исх., оборот 30 тыс. ₸",False,2,False,1,1,30000.0,20000.0,2,1,0.6667,7.0,8,0,0.0,1,True,False
100000002152857100,transit,1.0,9,0.768,"Признаки транзита: ушло 1,2 млн ₸ при видимом входе 105 тыс. ₸ за ~2 дн. — приток вне выборки; блокировка отсекает 2,2 млн ₸",False,1,False,1,5,105000.0,1230000.0,1,6,11.7143,2.0,1,1,0.000313,1,False,True
100000002156381100,peripheral,1.0,15,0.5491,"Признаков роли нет: связи 2 вх./1 исх., оборот 61 тыс. ₸; блокировка отсекает 101 тыс. ₸",False,2,False,2,1,61000.0,21800.0,7,3,0.3574,1.0,8,0,4.2e-05,2,True,False
100000002158488100,peripheral,1.0,5,0.2566,"Признаков роли нет: связи 1 вх./0 исх., оборот 32 тыс. ₸",False,1,False,1,0,31723.0,0.0,1,0,0.0,,1,1,0.0,1,False,False
100000002170580100,peripheral,1.0,11,0.29,"Признаков роли нет: связи 1 вх./0 исх., оборот 150 тыс. ₸",False,2,False,1,0,150000.0,0.0,1,0,0.0,,1,0,0.0,1,False,False
100000002173070100,peripheral,1.0,8,0.2549,"Признаков роли нет: связи 1 вх./0 исх., оборот 30 тыс. ₸",False,2,False,1,0,30000.0,0.0,1,0,0.0,,7,0,0.0,1,False,False
100000002173161100,terminal,1.0,2,0.5236,"Деньги оседают: получено 1,4 млн ₸ от 3 плательщиков, исходящих ≥5 тыс. ₸ нет (узел раскрыт обходом)",False,1,False,3,0,1427500.0,0.0,5,0,0.0,,9,1,0.0,2,False,False
100000002175422100,transit,1.0,30,0.8516,"Признаки транзита: ушло 1,6 млн ₸ при видимом входе 68 тыс. ₸ за ~1 дн. — приток вне выборки; блокировка отсекает 3,6 млн ₸",False,2,False,3,6,68500.0,1621188.0,5,14,23.667,1.0,7,0,0.000159,2,True,True
100000002182176100,peripheral,1.0,1,0.262,"Признаков роли нет: связи 1 вх./0 исх., оборот 42 тыс. ₸",False,1,False,1,0,42465.0,0.0,1,0,0.0,,7,1,0.0,1,False,False
100000002184107100,peripheral,1.0,33,0.226,"Признаков роли нет: связи 1 вх./0 исх., оборот 6 тыс. ₸",False,3,False,1,0,6066.0,0.0,1,0,0.0,,7,0,0.0,1,False,False
100000002185328100,peripheral,1.0,21,0.4759,"Признаков роли нет: связи 1 вх./4 исх., оборот 55 тыс. ₸",False,3,False,1,4,15000.0,55000.0,1,4,3.6667,16.0,7,0,6.2e-05,1,False,True
100000002188586100,peripheral,1.0,11,0.26,Граница выборки (4-е колено): исходящие не видны; получено 38 тыс. ₸ от 1 плательщика,False,4,True,1,0,38310.0,0.0,1,0,0.0,,7,0,0.0,1,False,False
100000002188829100,terminal,1.0,8,0.4325,"Деньги оседают: получено 400 тыс. ₸ от 1 плательщика, исходящих ≥5 тыс. ₸ нет (узел раскрыт обходом)",False,1,False,1,0,400000.0,0.0,1,0,0.0,,10,1,0.0,1,False,False
100000002193259100,transit,0.96,16,0.7271,Признаки транзита: ушло 58 тыс. ₸ при видимом входе 48 тыс. ₸ за ~3 дн. — приток вне выборки; блокировка отсекает 121 тыс. ₸,False,2,False,2,3,48000.0,58000.0,2,3,1.2083,3.0,8,0,6.4e-05,1,True,True
100000002194320100,peripheral,1.0,2,0.3012,Граница выборки (4-е колено): исходящие не видны; получено 275 тыс. ₸ от 1 плательщика,False,4,True,1,0,275000.0,0.0,1,0,0.0,,7,0,0.0,1,False,False
100000002194329100,peripheral,1.0,10,0.2506,"Признаков роли нет: связи 1 вх./0 исх., оборот 25 тыс. ₸",False,3,False,1,0,25170.0,0.0,1,0,0.0,,7,0,0.0,1,False,False
100000002199091100,peripheral,1.0,5,0.2734,"Признаков роли нет: связи 1 вх./0 исх., оборот 65 тыс. ₸",False,2,False,1,0,65000.0,0.0,1,0,0.0,,1,0,0.0,1,False,False
100000002205022100,transit,1.0,8,0.7303,Признаки транзита: ушло 518 тыс. ₸ при видимом входе 7 тыс. ₸ за ~2 дн. — приток вне выборки; блокировка отсекает 525 тыс. ₸,False,2,False,1,3,7100.0,518000.0,1,3,72.9577,2.0,10,0,5.5e-05,1,False,True
100000002208836100,peripheral,1.0,7,0.2796,Граница выборки (4-е колено): исходящие не видны; получено 90 тыс. ₸ от 1 плательщика,False,4,True,1,0,90000.0,0.0,1,0,0.0,,7,0,0.0,1,False,False
100000002211413100,peripheral,1.0,5,0.2594,"Признаков роли нет: связи 1 вх./0 исх., оборот 37 тыс. ₸",False,1,False,1,0,37000.0,0.0,1,0,0.0,,1,1,0.0,1,False,False
100000002212494100,peripheral,1.0,30,0.2914,"Признаков роли нет: связи 1 вх./0 исх., оборот 160 тыс. ₸",False,3,False,1,0,160000.0,0.0,1,0,0.0,,7,0,0.0,1,False,False
100000002214207100,peripheral,1.0,34,0.2814,Граница выборки (4-е колено): исходящие не видны; получено 97 тыс. ₸ от 1 плательщика,False,4,True,1,0,97000.0,0.0,1,0,0.0,,1,0,0.0,1,False,False
100000002214301100,peripheral,1.0,1,0.5078,"Признаков роли нет: связи 1 вх./1 исх., оборот 21 тыс. ₸; блокировка отсекает 1,2 млн ₸",False,1,False,1,1,21438.0,8000.0,1,1,0.3732,19.0,7,1,9.6e-05,1,False,False
100000002214383100,peripheral,1.0,6,0.2967,Граница выборки (4-е колено): исходящие не видны; получено 213 тыс. ₸ от 1 плательщика,False,4,True,1,0,213000.0,0.0,1,0,0.0,,1,0,0.0,1,False,False
100000002214570100,peripheral,1.0,5,0.2521,"Признаков роли нет: связи 1 вх./0 исх., оборот 26 тыс. ₸",False,1,False,1,0,26471.0,0.0,1,0,0.0,,1,1,0.0,1,False,False
100000002214664100,transit,1.0,6,0.6371,Признаки транзита: ушло 77 тыс. ₸ при видимом входе 8 тыс. ₸ за ~0 дн. — приток вне выборки,False,3,False,1,1,7950.0,76950.0,1,2,9.6792,0.0,1,0,1e-06,1,False,True
100000002216999100,peripheral,1.0,6,0.2478,"Признаков роли нет: связи 1 вх./0 исх., оборот 24 тыс. ₸",False,3,False,1,0,23677.0,0.0,1,0,0.0,,1,0,0.0,1,False,False
100000002217161100,transit,1.0,33,0.8266,"Признаки транзита: ушло 995 тыс. ₸ при видимом входе 405 тыс. ₸ за ~1 дн. — приток вне выборки; блокировка отсекает 1,5 млн ₸",False,2,False,2,7,404750.0,995132.0,15,19,2.4586,1.0,7,0,0.000155,1,True,True
100000002217806100,peripheral,1.0,2,0.2704,Граница выборки (4-е колено): исходящие не видны; получено 55 тыс. ₸ от 1 плательщика,False,4,True,1,0,55000.0,0.0,2,0,0.0,,7,0,0.0,1,False,False
100000002224132100,transit,0.8,25,0.8311,"Признаки транзита: ушло 12,1 млн ₸ при видимом входе 4,0 млн ₸ за ~1 дн. — приток вне выборки; блокировка отсекает 16,3 млн ₸",False,2,False,5,4,3951020.0,12115000.0,10,25,3.0663,1.0,2,0,6e-06,2,True,True
100000002227960100,peripheral,1.0,21,0.2304,Граница выборки (4-е колено): исходящие не видны; получено 10 тыс. ₸ от 1 плательщика,False,4,True,1,0,10000.0,0.0,1,0,0.0,,7,0,0.0,1,False,False
100000002227989100,peripheral,1.0,21,0.2437,Граница выборки (4-е колено): исходящие не видны; получено 20 тыс. ₸ от 1 плательщика,False,4,True,1,0,20000.0,0.0,1,0,0.0,,7,0,0.0,1,False,False
100000002229615100,peripheral,1.0,21,0.2497,Граница выборки (4-е колено): исходящие не видны; получено 25 тыс. ₸ от 1 плательщика,False,4,True,1,0,25000.0,0.0,1,0,0.0,,7,0,0.0,1,False,False
100000002231144100,peripheral,1.0,21,0.2366,Граница выборки (4-е колено): исходящие не видны; получено 15 тыс. ₸ от 1 плательщика,False,4,True,1,0,15000.0,0.0,1,0,0.0,,7,0,0.0,1,False,False
100000002232266100,peripheral,1.0,3,0.2633,"Признаков роли нет: связи 1 вх./0 исх., оборот 45 тыс. ₸",False,3,False,1,0,45000.0,0.0,1,0,0.0,,7,0,0.0,1,False,False
100000002236528100,peripheral,1.0,10,0.2737,"Признаков роли нет: связи 1 вх./0 исх., оборот 66 тыс. ₸",False,3,False,1,0,66000.0,0.0,1,0,0.0,,7,0,0.0,1,False,False
100000002241986100,peripheral,1.0,7,0.5964,"Признаков роли нет: связи 1 вх./6 исх., оборот 3,1 млн ₸; блокировка отсекает 3,4 млн ₸",False,3,False,1,6,280000.0,3077000.0,1,12,10.9893,,7,0,0.000115,1,False,True
100000002242066100,peripheral,1.0,33,0.272,Граница выборки (4-е колено): исходящие не видны; получено 60 тыс. ₸ от 1 плательщика,False,4,True,1,0,60000.0,0.0,1,0,0.0,,7,0,0.0,1,False,False
100000002242455100,peripheral,1.0,7,0.2849,Граница выборки (4-е колено): исходящие не видны; получено 110 тыс. ₸ от 1 плательщика,False,4,True,1,0,110000.0,0.0,1,0,0.0,,7,0,0.0,1,False,False
100000002243354100,peripheral,1.0,5,0.2452,"Признаков роли нет: связи 1 вх./0 исх., оборот 21 тыс. ₸",False,1,False,1,0,20879.0,0.0,1,0,0.0,,1,1,0.0,1,False,False
100000002255058100,terminal,1.0,8,0.4354,"Деньги оседают: получено 492 тыс. ₸ от 1 плательщика, исходящих ≥5 тыс. ₸ нет (узел раскрыт обходом)",False,3,False,1,0,491500.0,0.0,2,0,0.0,,1,0,0.0,1,False,False
100000002257794100,peripheral,1.0,26,0.2908,"Признаков роли нет: связи 1 вх./0 исх., оборот 154 тыс. ₸",False,3,False,1,0,154000.0,0.0,1,0,0.0,,1,0,0.0,1,False,False
100000002258492100,peripheral,1.0,15,0.2284,Граница выборки (4-е колено): исходящие не видны; получено 9 тыс. ₸ от 1 плательщика,False,4,True,1,0,9000.0,0.0,1,0,0.0,,8,0,0.0,1,False,False
100000002267998100,transit,0.96,24,0.8207,"Признаки транзита: ушло 1,1 млн ₸ при видимом входе 420 тыс. ₸ за ~3 дн. — приток вне выборки; блокировка отсекает 1,6 млн ₸",False,2,False,2,3,420000.0,1115000.0,4,12,2.6548,3.0,7,0,5.9e-05,1,True,True
100000002284426100,peripheral,1.0,7,0.2796,"Признаков роли нет: связи 1 вх./0 исх., оборот 90 тыс. ₸",False,3,False,1,0,90000.0,0.0,2,0,0.0,,7,0,0.0,1,False,False
100000002289937100,peripheral,1.0,5,0.2437,"Признаков роли нет: связи 1 вх./0 исх., оборот 20 тыс. ₸",False,1,False,1,0,20000.0,0.0,1,0,0.0,,1,1,0.0,1,False,False
100000002293421100,transit,1.0,21,0.7048,"Признаки транзита: пришло 41 тыс. ₸, ушло 115% за ~2 дн.; связи 2→2",False,2,False,2,2,41000.0,47000.0,6,5,1.1463,2.0,7,0,2e-05,1,True,False
100000002299948100,peripheral,1.0,9,0.2264,"Признаков роли нет: связи 1 вх./0 исх., оборот 7 тыс. ₸",False,2,False,1,0,6750.0,0.0,1,0,0.0,,8,0,0.0,1,False,False
100000002301828100,peripheral,1.0,18,0.2645,"Признаков роли нет: связи 1 вх./0 исх., оборот 47 тыс. ₸",False,3,False,1,0,46977.0,0.0,1,0,0.0,,7,0,0.0,1,False,False
100000002304943100,peripheral,1.0,21,0.2366,Граница выборки (4-е колено): исходящие не видны; получено 15 тыс. ₸ от 1 плательщика,False,4,True,1,0,15000.0,0.0,1,0,0.0,,7,0,0.0,1,False,False
100000002305007100,peripheral,1.0,6,0.2709,"Признаков роли нет: связи 1 вх./0 исх., оборот 56 тыс. ₸",False,3,False,1,0,56000.0,0.0,1,0,0.0,,1,0,0.0,1,False,False
100000002305477100,peripheral,1.0,21,0.2437,Граница выборки (4-е колено): исходящие не видны; получено 20 тыс. ₸ от 1 плательщика,False,4,True,1,0,20000.0,0.0,1,0,0.0,,7,0,0.0,1,False,False
100000002306369100,peripheral,1.0,3,0.5353,"Признаков роли нет: связи 1 вх./6 исх., оборот 261 тыс. ₸; в ядре-кольце из 85; блокировка отсекает 334 тыс. ₸",False,1,False,1,6,73166.0,260900.0,1,9,3.5659,17.0,7,1,7e-05,1,True,True
100000002308091100,peripheral,0.62,9,0.294,"Признаков роли нет: связи 1 вх./0 исх., оборот 187 тыс. ₸",False,3,False,1,0,186720.0,0.0,1,0,0.0,,1,0,0.0,1,False,False
100000002320495100,peripheral,1.0,18,0.2347,Граница выборки (4-е колено): исходящие не видны; получено 14 тыс. ₸ от 1 плательщика,False,4,True,1,0,13526.27,0.0,1,0,0.0,,7,0,0.0,1,False,False
100000002324543100,peripheral,1.0,11,0.2557,"Признаков роли нет: связи 1 вх./0 исх., оборот 30 тыс. ₸",False,1,False,1,0,30202.0,0.0,1,0,0.0,,1,1,0.0,1,False,False
100000002335358100,peripheral,1.0,2,0.2886,"Признаков роли нет: связи 1 вх./0 исх., оборот 140 тыс. ₸",False,2,False,1,0,140000.0,0.0,2,0,0.0,,7,0,0.0,1,False,False
100000002340562100,peripheral,1.0,14,0.2593,"Признаков роли нет: связи 1 вх./0 исх., оборот 37 тыс. ₸",False,2,False,1,0,36650.0,0.0,2,0,0.0,,1,0,0.0,1,False,False
100000002343825100,peripheral,1.0,4,0.6237,"Признаков роли нет: связи 3 вх./2 исх., оборот 350 тыс. ₸; блокировка отсекает 440 тыс. ₸",False,3,False,3,2,350000.0,89800.0,4,2,0.2566,3.0,8,0,4.3e-05,2,False,False
100000002346166100,peripheral,1.0,6,0.2257,"Признаков роли нет: связи 1 вх./0 исх., оборот 6 тыс. ₸",False,3,False,1,0,6000.0,0.0,1,0,0.0,,1,0,0.0,1,False,False
100000002356167100,peripheral,1.0,7,0.5321,"Признаков роли нет: связи 1 вх./2 исх., оборот 300 тыс. ₸; блокировка отсекает 330 тыс. ₸",False,3,False,1,2,300000.0,29500.0,1,3,0.0983,0.0,7,0,3.8e-05,1,False,False
100000002369443100,peripheral,1.0,6,0.2672,"Признаков роли нет: связи 1 вх./0 исх., оборот 50 тыс. ₸",False,3,False,1,0,50000.0,0.0,1,0,0.0,,1,0,0.0,1,False,False
100000002369454100,peripheral,1.0,3,0.2497,Граница выборки (4-е колено): исходящие не видны; получено 25 тыс. ₸ от 1 плательщика,False,4,True,1,0,25000.0,0.0,1,0,0.0,,7,0,0.0,1,False,False
100000002369510100,peripheral,1.0,6,0.2595,"Признаков роли нет: связи 1 вх./0 исх., оборот 37 тыс. ₸",False,3,False,1,0,37150.0,0.0,1,0,0.0,,1,0,0.0,1,False,False
100000002369874100,terminal,1.0,4,0.5227,"Деньги оседают: получено 600 тыс. ₸ от 4 плательщиков, исходящих ≥5 тыс. ₸ нет (узел раскрыт обходом); синхронный сбор: 4 плат. в 1 день",False,3,False,4,0,600000.0,0.0,4,0,0.0,,9,0,0.0,4,False,False
100000002371751100,transit,1.0,44,0.6899,Признаки транзита: ушло 250 тыс. ₸ при видимом входе 200 тыс. ₸ за ~2 дн. — приток вне выборки; блокировка отсекает 450 тыс. ₸,False,1,False,1,1,200000.0,250000.0,5,1,1.25,2.0,1,1,0.0,1,False,True
100000002371892100,peripheral,1.0,2,0.2624,Граница выборки (4-е колено): исходящие не видны; получено 44 тыс. ₸ от 1 плательщика,False,4,True,1,0,43830.0,0.0,1,0,0.0,,7,0,0.0,1,False,False
100000002373144100,peripheral,1.0,3,0.4507,"Признаков роли нет: связи 1 вх./1 исх., оборот 46 тыс. ₸",False,3,False,1,1,46468.0,10764.0,1,1,0.2316,5.0,7,0,1.9e-05,1,False,False
100000002373386100,peripheral,1.0,6,0.2483,"Признаков роли нет: связи 1 вх./0 исх., оборот 24 тыс. ₸",False,3,False,1,0,24000.0,0.0,1,0,0.0,,1,0,0.0,1,False,False
100000002380341100,peripheral,1.0,1,0.2712,"Признаков роли нет: связи 1 вх./0 исх., оборот 58 тыс. ₸",False,3,False,1,0,57566.4,0.0,1,0,0.0,,7,0,0.0,1,False,False
100000002391278100,transit,1.0,9,0.569,Признаки транзита: ушло 53 тыс. ₸ при видимом входе 30 тыс. ₸ за ~1 дн. — приток вне выборки,False,3,False,1,1,30000.0,52700.0,5,2,1.7567,1.0,1,0,0.0,1,True,True
100000002394199100,peripheral,1.0,14,0.4558,"Признаков роли нет: связи 1 вх./1 исх., оборот 277 тыс. ₸; блокировка отсекает 354 тыс. ₸",False,3,False,1,1,277398.0,76777.0,3,1,0.2768,10.0,1,0,0.0,1,True,False
100000002398779100,consolidator,1.0,1,0.9215,"Признаки консолидации: 13 плательщиков (курьеров: 0), вход 1,1 млн ₸, дальше 1 получ., удержано 94%; синхронный сбор: 7 плат. в 1 день; блокировка отсекает 1,2 млн ₸",False,2,False,13,1,1095690.0,66000.0,28,3,0.0602,0.0,8,0,1.3e-05,7,False,False
100000002404112100,peripheral,1.0,28,0.272,Граница выборки (4-е колено): исходящие не видны; получено 60 тыс. ₸ от 1 плательщика,False,4,True,1,0,60000.0,0.0,1,0,0.0,,7,0,0.0,1,False,False
100000002432143100,peripheral,1.0,1,0.2776,"Признаков роли нет: связи 1 вх./0 исх., оборот 81 тыс. ₸",False,2,False,1,0,81310.0,0.0,1,0,0.0,,9,0,0.0,1,False,False
100000002433697100,transit,0.6,7,0.6554,"Признаки транзита: пришло 130 тыс. ₸, ушло 85% за ~0 дн.; связи 1→1; блокировка отсекает 240 тыс. ₸",False,3,False,1,1,130000.0,110000.0,1,1,0.8462,0.0,7,0,1.9e-05,1,False,False
100000002435265100,peripheral,1.0,10,0.2876,"Признаков роли нет: связи 1 вх./0 исх., оборот 133 тыс. ₸",False,3,False,1,0,132628.0,0.0,3,0,0.0,,7,0,0.0,1,False,False
100000002443664100,terminal,1.0,4,0.517,"Деньги оседают: получено 557 тыс. ₸ от 3 плательщиков, исходящих ≥5 тыс. ₸ нет (узел раскрыт обходом); синхронный сбор: 3 плат. в 1 день",False,2,False,3,0,556880.0,0.0,3,0,0.0,,9,0,0.0,3,False,False
100000002445750100,peripheral,1.0,10,0.4685,"Признаков роли нет: связи 1 вх./1 исх., оборот 70 тыс. ₸",False,2,False,1,1,70000.0,10000.0,1,1,0.1429,,7,0,1.9e-05,1,False,False
100000002448088100,transit,1.0,21,0.6939,Признаки транзита: ушло 25 тыс. ₸ при видимом входе 20 тыс. ₸ за ~0 дн. — приток вне выборки,False,3,False,3,1,20000.0,25000.0,3,1,1.25,0.0,7,0,2.1e-05,2,False,True
100000002454724100,peripheral,1.0,13,0.2868,"Признаков роли нет: связи 1 вх./0 исх., оборот 125 тыс. ₸",False,2,False,1,0,125000.0,0.0,3,0,0.0,,7,0,0.0,1,False,False
100000002457464100,peripheral,1.0,1,0.2739,"Признаков роли нет: связи 1 вх./0 исх., оборот 67 тыс. ₸",False,2,False,1,0,66647.0,0.0,1,0,0.0,,8,0,0.0,1,False,False
100000002459093100,peripheral,1.0,9,0.5353,"Признаков роли нет: связи 1 вх./1 исх., оборот 500 тыс. ₸; блокировка отсекает 615 тыс. ₸",False,2,False,1,1,500000.0,55000.0,2,3,0.11,,1,0,1e-06,1,False,False
100000002459163100,peripheral,1.0,42,0.2449,"Признаков роли нет: связи 1 вх./0 исх., оборот 20 тыс. ₸",False,2,False,1,0,20180.0,0.0,1,0,0.0,,1,0,0.0,1,False,False
100000002459164100,peripheral,1.0,1,0.2437,"Признаков роли нет: связи 1 вх./0 исх., оборот 20 тыс. ₸",False,3,False,1,0,20000.0,0.0,1,0,0.0,,7,0,0.0,1,False,False
100000002459240100,peripheral,1.0,7,0.29,"Признаков роли нет: связи 1 вх./0 исх., оборот 150 тыс. ₸",False,3,False,1,0,150000.0,0.0,1,0,0.0,,7,0,0.0,1,False,False
100000002459832100,terminal,1.0,22,0.5088,"Деньги оседают: получено 881 тыс. ₸ от 2 плательщиков, исходящих ≥5 тыс. ₸ нет (узел раскрыт обходом)",False,3,False,2,0,880606.0,0.0,2,0,0.0,,7,0,0.0,1,False,False
100000002462183100,peripheral,1.0,37,0.2844,"Признаков роли нет: связи 1 вх./0 исх., оборот 108 тыс. ₸",False,1,False,1,0,107500.0,0.0,3,0,0.0,,1,1,0.0,1,False,False
100000002469065100,terminal,0.5,8,0.3959,"Деньги оседают: получено 200 тыс. ₸ от 1 плательщика, исходящих ≥5 тыс. ₸ нет (узел раскрыт обходом)",False,2,False,1,0,200000.0,0.0,1,0,0.0,,7,0,0.0,1,False,False
100000002472632100,peripheral,1.0,27,0.6134,"Признаков роли нет: связи 2 вх./1 исх., оборот 502 тыс. ₸; блокировка отсекает 522 тыс. ₸",False,3,False,2,1,502400.0,20000.0,3,1,0.0398,,7,0,2e-05,1,False,False
100000002474570100,peripheral,1.0,13,0.2264,Граница выборки (4-е колено): исходящие не видны; получено 7 тыс. ₸ от 1 плательщика,False,4,True,1,0,6750.0,0.0,1,0,0.0,,1,0,0.0,1,False,False
100000002475601100,terminal,0.98,22,0.4221,"Деньги оседают: получено 232 тыс. ₸ от 1 плательщика, исходящих ≥5 тыс. ₸ нет (узел раскрыт обходом)",False,3,False,1,0,232301.0,0.0,1,0,0.0,,1,0,0.0,1,False,False
100000002478829100,peripheral,1.0,21,0.2577,Граница выборки (4-е колено): исходящие не видны; получено 34 тыс. ₸ от 1 плательщика,False,4,True,1,0,34000.0,0.0,1,0,0.0,,7,0,0.0,1,False,False
100000002479804100,peripheral,0.62,1,0.4852,"Признаков роли нет: связи 1 вх./2 исх., оборот 46 тыс. ₸; блокировка отсекает 470 тыс. ₸",False,1,False,1,2,46000.0,35300.0,1,2,0.7674,1.0,1,1,2e-06,1,False,False
100000002480800100,terminal,1.0,3,0.5051,"Деньги оседают: получено 569 тыс. ₸ от 2 плательщиков, исходящих ≥5 тыс. ₸ нет (узел раскрыт обходом)",False,1,False,2,0,569251.0,0.0,2,0,0.0,,10,1,0.0,2,False,False
100000002481735100,peripheral,1.0,2,0.2465,"Признаков роли нет: связи 1 вх./0 исх., оборот 22 тыс. ₸",False,2,False,1,0,22436.0,0.0,2,0,0.0,,7,0,0.0,1,False,False
100000002481974100,peripheral,1.0,17,0.607,"Признаков роли нет: связи 2 вх./2 исх., оборот 318 тыс. ₸; блокировка отсекает 407 тыс. ₸",False,3,False,2,2,89447.0,318000.0,2,4,3.5552,5.0,7,0,3.9e-05,1,False,True
100000002487222100,peripheral,1.0,7,0.2796,Граница выборки (4-е колено): исходящие не видны; получено 90 тыс. ₸ от 1 плательщика,False,4,True,1,0,90000.0,0.0,2,0,0.0,,7,0,0.0,1,False,False
100000002488629100,peripheral,1.0,9,0.2755,"Признаков роли нет: связи 1 вх./0 исх., оборот 73 тыс. ₸",False,2,False,1,0,73050.0,0.0,1,0,0.0,,1,0,0.0,1,False,False
100000002489253100,peripheral,1.0,2,0.2684,"Признаков роли нет: связи 1 вх./0 исх., оборот 51 тыс. ₸",False,2,False,1,0,51000.0,0.0,1,0,0.0,,7,0,0.0,1,False,False
100000002492277100,peripheral,1.0,19,0.2883,"Признаков роли нет: связи 1 вх./0 исх., оборот 138 тыс. ₸",False,2,False,1,0,138500.0,0.0,1,0,0.0,,7,0,0.0,1,False,False
100000002505277100,peripheral,1.0,10,0.272,Граница выборки (4-е колено): исходящие не видны; получено 60 тыс. ₸ от 1 плательщика,False,4,True,1,0,60000.0,0.0,1,0,0.0,,7,0,0.0,1,False,False
100000002506987100,peripheral,1.0,11,0.2531,Граница выборки (4-е колено): исходящие не видны; получено 28 тыс. ₸ от 1 плательщика,False,4,True,1,0,28200.0,0.0,1,0,0.0,,7,0,0.0,1,False,False
100000002508637100,peripheral,1.0,22,0.5124,"Признаков роли нет: связи 1 вх./1 исх., оборот 306 тыс. ₸; блокировка отсекает 314 тыс. ₸",False,3,False,1,1,306410.0,8000.0,1,1,0.0261,12.0,1,0,1e-06,1,False,False
100000002509598100,terminal,1.0,13,0.4289,"Деньги оседают: получено 306 тыс. ₸ от 1 плательщика, исходящих ≥5 тыс. ₸ нет (узел раскрыт обходом)",False,3,False,1,0,305550.0,0.0,1,0,0.0,,2,0,0.0,1,False,False
100000002511581100,peripheral,1.0,6,0.2406,"Признаков роли нет: связи 1 вх./0 исх., оборот 18 тыс. ₸",False,3,False,1,0,17600.0,0.0,1,0,0.0,,1,0,0.0,1,False,False
100000002511825100,peripheral,1.0,1,0.2734,"Признаков роли нет: связи 1 вх./0 исх., оборот 65 тыс. ₸",False,1,False,1,0,65000.0,0.0,1,0,0.0,,7,1,0.0,1,False,False
100000002512742100,peripheral,1.0,13,0.2257,Граница выборки (4-е колено): исходящие не видны; получено 6 тыс. ₸ от 1 плательщика,False,4,True,1,0,6000.0,0.0,1,0,0.0,,1,0,0.0,1,False,False
100000002513028100,peripheral,1.0,1,0.5392,"Признаков роли нет: связи 1 вх./3 исх., оборот 333 тыс. ₸; блокировка отсекает 342 тыс. ₸",False,3,False,1,3,9500.0,332709.0,1,24,35.022,,7,0,6.1e-05,1,False,True
100000002514975100,peripheral,1.0,28,0.2409,Граница выборки (4-е колено): исходящие не видны; получено 18 тыс. ₸ от 1 плательщика,False,4,True,1,0,17920.0,0.0,1,0,0.0,,7,0,0.0,1,False,False
100000002516862100,peripheral,1.0,1,0.2777,Граница выборки (4-е колено): исходящие не видны; получено 82 тыс. ₸ от 1 плательщика,False,4,True,1,0,81710.0,0.0,5,0,0.0,,7,0,0.0,1,False,False
100000002521039100,terminal,1.0,10,0.4305,"Деньги оседают: получено 349 тыс. ₸ от 1 плательщика, исходящих ≥5 тыс. ₸ нет (узел раскрыт обходом)",False,3,False,1,0,349370.0,0.0,1,0,0.0,,7,0,0.0,1,False,False
100000002527114100,distributor,1.0,5,0.3578,"Признаки веерной раздачи: 111 получателей, отправлено 3,3 млн ₸; курьер, вход вне выборки",True,0,False,3,111,129000.0,3289249.0,4,113,,0.0,0,0,0.000193,1,True,False
100000002528544100,peripheral,0.6,22,0.2947,"Признаков роли нет: связи 1 вх./0 исх., оборот 193 тыс. ₸",False,3,False,1,0,192912.0,0.0,1,0,0.0,,1,0,0.0,1,False,False
100000002528978100,peripheral,1.0,11,0.2383,Граница выборки (4-е колено): исходящие не видны; получено 16 тыс. ₸ от 1 плательщика,False,4,True,1,0,15900.0,0.0,1,0,0.0,,7,0,0.0,1,False,False
100000002529877100,peripheral,1.0,4,0.2978,Граница выборки (4-е колено): исходящие не видны; получено 232 тыс. ₸ от 1 плательщика,False,4,True,1,0,232000.0,0.0,1,0,0.0,,8,0,0.0,1,False,False
100000002529880100,peripheral,1.0,4,0.3572,"Признаков роли нет: связи 2 вх./0 исх., оборот 147 тыс. ₸",False,3,False,2,0,147000.0,0.0,2,0,0.0,,8,0,0.0,2,False,False
100000002530224100,peripheral,1.0,4,0.2855,"Признаков роли нет: связи 1 вх./0 исх., оборот 113 тыс. ₸",False,3,False,1,0,113000.0,0.0,1,0,0.0,,9,0,0.0,1,False,False
100000002531406100,peripheral,1.0,22,0.5438,"Признаков роли нет: связи 1 вх./1 исх., оборот 520 тыс. ₸; блокировка отсекает 1,0 млн ₸",False,3,False,1,1,520000.0,500000.0,1,1,0.9615,,1,0,1e-06,1,False,False
100000002534091100,peripheral,1.0,3,0.2463,"Признаков роли нет: связи 1 вх./0 исх., оборот 22 тыс. ₸",False,3,False,1,0,22200.0,0.0,1,0,0.0,,7,0,0.0,1,False,False
100000002537811100,peripheral,1.0,15,0.4666,"Признаков роли нет: связи 1 вх./1 исх., оборот 52 тыс. ₸",False,3,False,1,1,52000.0,15000.0,1,1,0.2885,,11,0,2.6e-05,1,False,False
100000002539625100,peripheral,1.0,17,0.2808,"Признаков роли нет: связи 1 вх./0 исх., оборот 95 тыс. ₸",False,2,False,1,0,94700.0,0.0,1,0,0.0,,9,0,0.0,1,False,False
100000002540033100,peripheral,1.0,4,0.2304,Граница выборки (4-е колено): исходящие не видны; получено 10 тыс. ₸ от 1 плательщика,False,4,True,1,0,10000.0,0.0,1,0,0.0,,9,0,0.0,1,False,False
100000002540623100,peripheral,1.0,11,0.2826,"Признаков роли нет: связи 1 вх./0 исх., оборот 100 тыс. ₸",False,2,False,1,0,100000.0,0.0,1,0,0.0,,1,0,0.0,1,False,False
100000002546921100,peripheral,1.0,12,0.2437,"Признаков роли нет: связи 1 вх./0 исх., оборот 20 тыс. ₸",False,3,False,1,0,20000.0,0.0,1,0,0.0,,7,0,0.0,1,False,False
100000002547110100,consolidator,0.66,4,0.6651,"Признаки консолидации: 6 плательщиков (курьеров: 0), вход 1,5 млн ₸, дальше 0 получ., удержано 100%; синхронный сбор: 5 плат. в 1 день",False,3,False,6,0,1500000.0,0.0,10,0,0.0,,8,0,0.0,5,False,False
100000002548759100,terminal,1.0,4,0.4991,"Деньги оседают: получено 375 тыс. ₸ от 2 плательщиков, исходящих ≥5 тыс. ₸ нет (узел раскрыт обходом)",False,3,False,2,0,375000.0,0.0,2,0,0.0,,9,0,0.0,2,False,False
100000002550141100,peripheral,1.0,17,0.2835,"Признаков роли нет: связи 1 вх./0 исх., оборот 101 тыс. ₸",False,3,False,1,0,100586.0,0.0,1,0,0.0,,7,0,0.0,1,False,False
100000002554175100,peripheral,1.0,11,0.2489,"Признаков роли нет: связи 1 вх./0 исх., оборот 25 тыс. ₸",False,3,False,1,0,24621.0,0.0,1,0,0.0,,7,0,0.0,1,False,False
100000002556775100,terminal,1.0,7,0.4284,"Деньги оседают: получено 300 тыс. ₸ от 1 плательщика, исходящих ≥5 тыс. ₸ нет (узел раскрыт обходом)",False,3,False,1,0,300000.0,0.0,1,0,0.0,,7,0,0.0,1,False,False
100000002558173100,peripheral,1.0,9,0.2287,"Признаков роли нет: связи 1 вх./0 исх., оборот 9 тыс. ₸",False,2,False,1,0,9300.0,0.0,1,0,0.0,,8,0,0.0,1,False,False
100000002559089100,terminal,1.0,4,0.507,"Деньги оседают: получено 715 тыс. ₸ от 2 плательщиков, исходящих ≥5 тыс. ₸ нет (узел раскрыт обходом)",False,3,False,2,0,715000.0,0.0,2,0,0.0,,9,0,0.0,2,False,False
100000002565277100,terminal,1.0,8,0.4352,"Деньги оседают: получено 483 тыс. ₸ от 1 плательщика, исходящих ≥5 тыс. ₸ нет (узел раскрыт обходом)",False,1,False,1,0,483319.0,0.0,1,0,0.0,,10,1,0.0,1,False,False
100000002566204100,peripheral,1.0,11,0.2774,"Признаков роли нет: связи 1 вх./0 исх., оборот 81 тыс. ₸",False,2,False,1,0,80805.0,0.0,1,0,0.0,,1,0,0.0,1,False,False
100000002567887100,peripheral,1.0,7,0.2682,"Признаков роли нет: связи 1 вх./0 исх., оборот 51 тыс. ₸",False,3,False,1,0,50915.0,0.0,1,0,0.0,,7,0,0.0,1,False,False
100000002570206100,peripheral,0.9,8,0.3599,"Признаков роли нет: связи 2 вх./0 исх., оборот 167 тыс. ₸",False,2,False,2,0,166959.6,0.0,2,0,0.0,,7,0,0.0,1,False,False
100000002575080100,transit,1.0,2,0.5913,"Признаки транзита: пришло 13 тыс. ₸, ушло 96% за ~0 дн.; связи 1→1",False,3,False,1,1,13000.0,12500.0,1,1,0.9615,0.0,7,0,2e-05,1,False,False
100000002578405100,distributor,1.0,6,0.8936,"Признаки веерной раздачи: 116 получателей, отправлено 3,1 млн ₸; блокировка отсекает 4,7 млн ₸",False,2,False,2,116,1200351.0,3108352.0,7,120,2.5895,0.0,1,0,0.000171,1,True,True
100000002578653100,peripheral,1.0,1,0.2437,"Признаков роли нет: связи 1 вх./0 исх., оборот 20 тыс. ₸",False,3,False,1,0,20000.0,0.0,1,0,0.0,,7,0,0.0,1,False,False
100000002580377100,peripheral,1.0,2,0.4423,"Признаков роли нет: связи 1 вх./1 исх., оборот 38 тыс. ₸",False,1,False,1,1,37750.0,5000.0,2,1,0.1325,6.0,7,1,1.9e-05,1,False,False
100000002581346100,peripheral,0.92,7,0.2922,"Признаков роли нет: связи 1 вх./0 исх., оборот 166 тыс. ₸",False,3,False,1,0,166400.0,0.0,1,0,0.0,,7,0,0.0,1,False,False
100000002589019100,peripheral,1.0,16,0.2581,"Признаков роли нет: связи 1 вх./0 исх., оборот 35 тыс. ₸",False,1,False,1,0,34710.0,0.0,1,0,0.0,,1,1,0.0,1,False,False
100000002591469100,terminal,0.98,14,0.4225,"Деньги оседают: получено 236 тыс. ₸ от 1 плательщика, исходящих ≥5 тыс. ₸ нет (узел раскрыт обходом)",False,1,False,1,0,235670.0,0.0,1,0,0.0,,1,1,0.0,1,False,False
100000002592567100,peripheral,1.0,2,0.4771,"Признаков роли нет: связи 1 вх./2 исх., оборот 49 тыс. ₸",False,1,False,1,2,5297.0,48600.0,1,2,9.175,7.0,7,1,0.00072,1,False,True
100000002593038100,peripheral,1.0,16,0.2534,"Признаков роли нет: связи 1 вх./0 исх., оборот 28 тыс. ₸",False,2,False,1,0,28500.0,0.0,1,0,0.0,,8,0,0.0,1,False,False
100000002593344100,terminal,1.0,4,0.5011,"Деньги оседают: получено 431 тыс. ₸ от 2 плательщиков, исходящих ≥5 тыс. ₸ нет (узел раскрыт обходом)",False,3,False,2,0,431000.0,0.0,2,0,0.0,,9,0,0.0,2,False,False
100000002594214100,peripheral,1.0,7,0.3167,"Граница выборки (4-е колено): исходящие не видны; получено 1,0 млн ₸ от 1 плательщика",False,4,True,1,0,1000000.0,0.0,1,0,0.0,,7,0,0.0,1,False,False
100000002596035100,terminal,0.98,15,0.422,"Деньги оседают: получено 232 тыс. ₸ от 1 плательщика, исходящих ≥5 тыс. ₸ нет (узел раскрыт обходом)",False,1,False,1,0,231570.0,0.0,1,0,0.0,,8,1,0.0,1,False,False
100000002596039100,peripheral,1.0,17,0.3016,Граница выборки (4-е колено): исходящие не видны; получено 280 тыс. ₸ от 1 плательщика,False,4,True,1,0,280000.0,0.0,1,0,0.0,,7,0,0.0,1,False,False
100000002597003100,peripheral,1.0,1,0.4189,"Признаков роли нет: связи 1 вх./1 исх., оборот 18 тыс. ₸",False,1,False,1,1,17700.0,11000.0,1,1,0.6215,,7,1,1.9e-05,1,False,False
100000002597074100,peripheral,1.0,10,0.2275,Граница выборки (4-е колено): исходящие не видны; получено 8 тыс. ₸ от 1 плательщика,False,4,True,1,0,8000.0,0.0,1,0,0.0,,7,0,0.0,1,False,False
100000002597623100,peripheral,1.0,10,0.2389,"Признаков роли нет: связи 1 вх./0 исх., оборот 16 тыс. ₸",False,3,False,1,0,16418.0,0.0,1,0,0.0,,7,0,0.0,1,False,False
100000002599729100,peripheral,1.0,10,0.2734,Граница выборки (4-е колено): исходящие не видны; получено 65 тыс. ₸ от 1 плательщика,False,4,True,1,0,65000.0,0.0,2,0,0.0,,7,0,0.0,1,False,False
100000002600345100,peripheral,1.0,2,0.3366,"Признаков роли нет: связи 2 вх./0 исх., оборот 52 тыс. ₸",False,1,False,2,0,52400.0,0.0,2,0,0.0,,7,1,0.0,1,False,False
100000002603371100,peripheral,1.0,1,0.2287,"Признаков роли нет: связи 1 вх./0 исх., оборот 9 тыс. ₸",False,3,False,1,0,9300.0,0.0,1,0,0.0,,7,0,0.0,1,False,False
100000002603478100,peripheral,1.0,16,0.2473,"Признаков роли нет: связи 1 вх./0 исх., оборот 24 тыс. ₸",False,1,False,1,0,23500.0,0.0,1,0,0.0,,1,1,0.0,1,False,False
100000002603769100,terminal,1.0,1,0.5225,"Деньги оседают: получено 1,2 млн ₸ от 3 плательщиков, исходящих ≥5 тыс. ₸ нет (узел раскрыт обходом)",False,1,False,3,0,1185368.0,0.0,3,0,0.0,,7,1,0.0,1,False,False
100000002605184100,peripheral,1.0,2,0.2886,"Признаков роли нет: связи 1 вх./0 исх., оборот 140 тыс. ₸",False,2,False,1,0,140000.0,0.0,1,0,0.0,,7,0,0.0,1,False,False
100000002605308100,terminal,1.0,12,0.5262,"Деньги оседают: получено 2,6 млн ₸ от 3 плательщиков, исходящих ≥5 тыс. ₸ нет (узел раскрыт обходом)",False,2,False,3,0,2569521.84,0.0,7,0,0.0,,11,0,0.0,1,False,False
100000002605548100,peripheral,1.0,15,0.3534,"Признаков роли нет: связи 2 вх./0 исх., оборот 117 тыс. ₸",False,1,False,2,0,116695.0,0.0,2,0,0.0,,10,1,0.0,1,False,False
100000002606567100,peripheral,1.0,1,0.4583,"Признаков роли нет: связи 1 вх./1 исх., оборот 53 тыс. ₸",False,1,False,1,1,14095.0,53000.0,1,1,3.7602,,7,1,1.9e-05,1,False,True
100000002609774100,peripheral,1.0,9,0.4567,"Признаков роли нет: связи 1 вх./1 исх., оборот 28 тыс. ₸; в ядре-кольце из 85",False,1,False,1,1,7700.0,27500.0,1,1,3.5714,,7,1,0.00028,1,True,True
100000002611334100,peripheral,1.0,1,0.4532,"Признаков роли нет: связи 1 вх./1 исх., оборот 48 тыс. ₸",False,3,False,1,1,48288.0,15500.0,1,1,0.321,27.0,7,0,1.9e-05,1,False,False
100000002612809100,transit,1.0,34,0.6555,Признаки транзита: ушло 114 тыс. ₸ при видимом входе 30 тыс. ₸ за ~2 дн. — приток вне выборки; блокировка отсекает 144 тыс. ₸,False,3,False,1,3,30000.0,114000.0,2,4,3.8,2.0,1,0,2e-06,1,True,True
100000002613776100,peripheral,1.0,1,0.2549,"Признаков роли нет: связи 1 вх./0 исх., оборот 30 тыс. ₸",False,2,False,1,0,30000.0,0.0,2,0,0.0,,7,0,0.0,1,False,False
100000002613929100,peripheral,1.0,11,0.2535,"Признаков роли нет: связи 1 вх./0 исх., оборот 29 тыс. ₸",False,3,False,1,0,28560.0,0.0,1,0,0.0,,8,0,0.0,1,False,False
100000002614095100,peripheral,1.0,6,0.2248,"Признаков роли нет: связи 1 вх./0 исх., оборот 5 тыс. ₸",False,3,False,1,0,5300.0,0.0,1,0,0.0,,1,0,0.0,1,False,False
100000002615479100,terminal,0.72,11,0.4083,"Деньги оседают: получено 220 тыс. ₸ от 1 плательщика, исходящих ≥5 тыс. ₸ нет (узел раскрыт обходом)",False,1,False,1,0,220000.0,0.0,1,0,0.0,,1,1,0.0,1,False,False
100000002618492100,terminal,1.0,15,0.4955,"Деньги оседают: получено 296 тыс. ₸ от 2 плательщиков, исходящих ≥5 тыс. ₸ нет (узел раскрыт обходом)",False,1,False,2,0,296500.0,0.0,2,0,0.0,,8,1,0.0,1,False,False
100000002621434100,peripheral,1.0,4,0.2775,"Признаков роли нет: связи 1 вх./0 исх., оборот 81 тыс. ₸",False,3,False,1,0,81000.0,0.0,1,0,0.0,,9,0,0.0,1,False,False
100000002621915100,peripheral,1.0,2,0.2236,"Признаков роли нет: связи 1 вх./0 исх., оборот 5 тыс. ₸",False,2,False,1,0,5000.0,0.0,1,0,0.0,,7,0,0.0,1,False,False
100000002621949100,peripheral,0.94,8,0.2917,"Признаков роли нет: связи 1 вх./0 исх., оборот 165 тыс. ₸",False,1,False,1,0,164612.0,0.0,1,0,0.0,,10,1,0.0,1,False,False
100000002622822100,peripheral,1.0,4,0.3147,Граница выборки (4-е колено): исходящие не видны; получено 750 тыс. ₸ от 1 плательщика,False,4,True,1,0,750000.0,0.0,1,0,0.0,,9,0,0.0,1,False,False
100000002628146100,peripheral,1.0,9,0.2558,"Признаков роли нет: связи 1 вх./0 исх., оборот 30 тыс. ₸",False,2,False,1,0,30500.0,0.0,2,0,0.0,,8,0,0.0,1,False,False
100000002628576100,peripheral,0.7,7,0.6367,"Признаков роли нет: связи 2 вх./2 исх., оборот 728 тыс. ₸; блокировка отсекает 1,3 млн ₸",False,3,False,2,2,727882.0,539000.0,3,2,0.7405,0.0,7,0,3.8e-05,1,False,False
100000002632742100,terminal,0.98,4,0.49,"Деньги оседают: получено 236 тыс. ₸ от 2 плательщиков, исходящих ≥5 тыс. ₸ нет (узел раскрыт обходом)",False,3,False,2,0,235500.0,0.0,2,0,0.0,,8,0,0.0,1,False,False
100000002633108100,terminal,1.0,12,0.4294,"Деньги оседают: получено 320 тыс. ₸ от 1 плательщика, исходящих ≥5 тыс. ₸ нет (узел раскрыт обходом)",False,3,False,1,0,320000.0,0.0,3,0,0.0,,7,0,0.0,1,False,False
100000002633701100,terminal,1.0,12,0.4259,"Деньги оседают: получено 267 тыс. ₸ от 1 плательщика, исходящих ≥5 тыс. ₸ нет (узел раскрыт обходом)",False,2,False,1,0,266850.0,0.0,1,0,0.0,,1,0,0.0,1,False,False
100000002635746100,peripheral,1.0,13,0.2248,Граница выборки (4-е колено): исходящие не видны; получено 5 тыс. ₸ от 1 плательщика,False,4,True,1,0,5300.0,0.0,1,0,0.0,,1,0,0.0,1,False,False
100000002635780100,peripheral,1.0,14,0.2916,"Признаков роли нет: связи 1 вх./0 исх., оборот 163 тыс. ₸",False,2,False,1,0,163000.02,0.0,1,0,0.0,,9,0,0.0,1,False,False
100000002644285100,terminal,1.0,13,0.4358,"Деньги оседают: получено 500 тыс. ₸ от 1 плательщика, исходящих ≥5 тыс. ₸ нет (узел раскрыт обходом)",False,3,False,1,0,500000.0,0.0,1,0,0.0,,2,0,0.0,1,False,False
100000002645046100,peripheral,1.0,13,0.2331,Граница выборки (4-е колено): исходящие не видны; получено 12 тыс. ₸ от 1 плательщика,False,4,True,1,0,12000.0,0.0,1,0,0.0,,1,0,0.0,1,False,False
100000002645609100,terminal,1.0,10,0.5217,"Деньги оседают: получено 547 тыс. ₸ от 4 плательщиков, исходящих ≥5 тыс. ₸ нет (узел раскрыт обходом)",False,1,False,4,0,546820.68,0.0,5,0,0.0,,7,1,0.0,1,False,False
100000002645993100,transit,1.0,1,0.7401,Признаки транзита: ушло 87 тыс. ₸ при видимом входе 50 тыс. ₸ за ~0 дн. — приток вне выборки; в ядре-кольце из 85; блокировка отсекает 137 тыс. ₸,False,3,False,2,5,49650.0,86980.0,4,9,1.7519,0.0,7,0,9.4e-05,2,True,True
100000002646745100,peripheral,1.0,6,0.2336,"Признаков роли нет: связи 1 вх./0 исх., оборот 12 тыс. ₸",False,3,False,1,0,12300.0,0.0,1,0,0.0,,1,0,0.0,1,False,False
100000002646887100,peripheral,1.0,31,0.2487,"Признаков роли нет: связи 1 вх./0 исх., оборот 24 тыс. ₸",False,3,False,1,0,24354.0,0.0,1,0,0.0,,7,0,0.0,1,False,False
100000002648315100,peripheral,1.0,14,0.487,"Признаков роли нет: связи 1 вх./2 исх., оборот 132 тыс. ₸; блокировка отсекает 208 тыс. ₸",False,1,False,1,2,132000.0,76000.0,1,3,0.5758,4.0,1,1,0.0,1,False,False
100000002653187100,peripheral,1.0,16,0.2366,Граница выборки (4-е колено): исходящие не видны; получено 15 тыс. ₸ от 1 плательщика,False,4,True,1,0,15000.0,0.0,1,0,0.0,,8,0,0.0,1,False,False
100000002653948100,peripheral,1.0,7,0.2787,"Признаков роли нет: связи 1 вх./0 исх., оборот 85 тыс. ₸",False,3,False,1,0,85200.0,0.0,1,0,0.0,,7,0,0.0,1,False,False
100000002659103100,peripheral,1.0,1,0.2919,Граница выборки (4-е колено): исходящие не видны; получено 165 тыс. ₸ от 1 плательщика,False,4,True,1,0,165000.0,0.0,1,0,0.0,,7,0,0.0,1,False,False
100000002659265100,peripheral,1.0,4,0.2889,Граница выборки (4-е колено): исходящие не видны; получено 141 тыс. ₸ от 1 плательщика,False,4,True,1,0,141000.0,0.0,1,0,0.0,,8,0,0.0,1,False,False
100000002660298100,peripheral,1.0,11,0.256,Граница выборки (4-е колено): исходящие не видны; получено 31 тыс. ₸ от 1 плательщика,False,4,True,1,0,30900.0,0.0,1,0,0.0,,7,0,0.0,1,False,False
100000002662768100,peripheral,1.0,1,0.2783,"Признаков роли нет: связи 1 вх./0 исх., оборот 84 тыс. ₸",False,1,False,1,0,84300.0,0.0,1,0,0.0,,1,1,0.0,1,False,False
100000002663511100,terminal,1.0,3,0.4261,"Деньги оседают: получено 269 тыс. ₸ от 1 плательщика, исходящих ≥5 тыс. ₸ нет (узел раскрыт обходом)",False,3,False,1,0,268940.0,0.0,1,0,0.0,,7,0,0.0,1,False,False
100000002666248100,peripheral,1.0,8,0.275,"Признаков роли нет: связи 1 вх./0 исх., оборот 70 тыс. ₸",False,1,False,1,0,70032.0,0.0,1,0,0.0,,10,1,0.0,1,False,False
100000002670463100,peripheral,1.0,13,0.2565,Граница выборки (4-е колено): исходящие не видны; получено 32 тыс. ₸ от 1 плательщика,False,4,True,1,0,31500.0,0.0,1,0,0.0,,1,0,0.0,1,False,False
100000002670860100,terminal,1.0,13,0.5017,"Деньги оседают: получено 450 тыс. ₸ от 2 плательщиков, исходящих ≥5 тыс. ₸ нет (узел раскрыт обходом)",False,1,False,2,0,450000.0,0.0,2,0,0.0,,3,1,0.0,1,False,False
100000002670960100,terminal,1.0,13,0.4351,"Деньги оседают: получено 480 тыс. ₸ от 1 плательщика, исходящих ≥5 тыс. ₸ нет (узел раскрыт обходом)",False,3,False,1,0,480310.0,0.0,1,0,0.0,,2,0,0.0,1,False,False
100000002671326100,peripheral,1.0,31,0.3169,"Граница выборки (4-е колено): исходящие не видны; получено 1,1 млн ₸ от 1 плательщика",False,4,True,1,0,1050000.0,0.0,2,0,0.0,,7,0,0.0,1,False,False
100000002671806100,peripheral,1.0,16,0.2337,"Признаков роли нет: связи 1 вх./0 исх., оборот 12 тыс. ₸",False,1,False,1,0,12440.0,0.0,1,0,0.0,,1,1,0.0,1,False,False
100000002677201100,peripheral,1.0,4,0.5091,"Признаков роли нет: связи 1 вх./1 исх., оборот 150 тыс. ₸; блокировка отсекает 238 тыс. ₸",False,3,False,1,1,150000.0,87750.0,1,1,0.585,9.0,8,0,2.1e-05,1,False,False
100000002679516100,peripheral,1.0,16,0.3633,"Признаков роли нет: связи 3 вх./0 исх., оборот 102 тыс. ₸",False,1,False,3,0,102335.0,0.0,3,0,0.0,,10,1,0.0,1,False,False
100000002680477100,peripheral,1.0,9,0.2497,"Признаков роли нет: связи 1 вх./0 исх., оборот 25 тыс. ₸",False,2,False,1,0,25000.0,0.0,1,0,0.0,,1,0,0.0,1,False,False
100000002681449100,transit,1.0,1,0.7389,Признаки транзита: ушло 133 тыс. ₸ при видимом входе 95 тыс. ₸ за ~0 дн. — приток вне выборки; блокировка отсекает 228 тыс. ₸,False,1,False,2,2,94638.0,133000.0,2,2,1.4054,0.0,7,1,1.8e-05,1,False,True
100000002681544100,peripheral,0.92,10,0.3598,"Признаков роли нет: связи 2 вх./0 исх., оборот 166 тыс. ₸",False,3,False,2,0,166072.0,0.0,2,0,0.0,,7,0,0.0,2,False,False
100000002686226100,peripheral,1.0,18,0.3082,Граница выборки (4-е колено): исходящие не видны; получено 430 тыс. ₸ от 1 плательщика,False,4,True,1,0,430000.0,0.0,2,0,0.0,,7,0,0.0,1,False,False
100000002689717100,peripheral,1.0,11,0.2653,Граница выборки (4-е колено): исходящие не видны; получено 48 тыс. ₸ от 1 плательщика,False,4,True,1,0,47500.0,0.0,1,0,0.0,,7,0,0.0,1,False,False
100000002691583100,terminal,1.0,28,0.4272,"Деньги оседают: получено 285 тыс. ₸ от 1 плательщика, исходящих ≥5 тыс. ₸ нет (узел раскрыт обходом)",False,3,False,1,0,285200.0,0.0,1,0,0.0,,7,0,0.0,1,False,False
100000002691858100,peripheral,1.0,9,0.2686,"Признаков роли нет: связи 1 вх./0 исх., оборот 52 тыс. ₸",False,2,False,1,0,51500.0,0.0,1,0,0.0,,8,0,0.0,1,False,False
100000002692044100,peripheral,1.0,16,0.2814,"Признаков роли нет: связи 1 вх./0 исх., оборот 97 тыс. ₸",False,1,False,1,0,97000.0,0.0,1,0,0.0,,1,1,0.0,1,False,False
100000002692750100,peripheral,1.0,9,0.5785,"Признаков роли нет: связи 3 вх./1 исх., оборот 113 тыс. ₸; блокировка отсекает 190 тыс. ₸",False,2,False,3,1,112830.0,77000.0,3,8,0.6824,5.0,7,0,2e-05,1,True,False
100000002695812100,peripheral,1.0,11,0.2811,Граница выборки (4-е колено): исходящие не видны; получено 95 тыс. ₸ от 1 плательщика,False,4,True,1,0,95000.0,0.0,1,0,0.0,,7,0,0.0,1,False,False
100000002696152100,transit,1.0,15,0.6505,Признаки транзита: ушло 69 тыс. ₸ при видимом входе 22 тыс. ₸ за ~2 дн. — приток вне выборки,False,3,False,1,2,21800.0,69000.0,3,8,3.1651,2.0,8,0,2.1e-05,1,True,True
100000002697752100,peripheral,0.6,3,0.3621,"Признаков роли нет: связи 2 вх./0 исх., оборот 191 тыс. ₸",False,3,False,2,0,190785.0,0.0,2,0,0.0,,7,0,0.0,1,False,False
100000002700161100,peripheral,1.0,8,0.2602,Граница выборки (4-е колено): исходящие не видны; получено 39 тыс. ₸ от 1 плательщика,False,4,True,1,0,39000.0,0.0,1,0,0.0,,10,0,0.0,1,False,False
100000002702968100,peripheral,1.0,11,0.2565,Граница выборки (4-е колено): исходящие не видны; получено 32 тыс. ₸ от 1 плательщика,False,4,True,1,0,31600.0,0.0,1,0,0.0,,7,0,0.0,1,False,False
100000002703376100,peripheral,1.0,1,0.2643,"Признаков роли нет: связи 1 вх./0 исх., оборот 47 тыс. ₸",False,2,False,1,0,46501.0,0.0,1,0,0.0,,7,0,0.0,1,False,False
100000002704875100,terminal,1.0,3,0.504,"Деньги оседают: получено 245 тыс. ₸ от 3 плательщиков, исходящих ≥5 тыс. ₸ нет (узел раскрыт обходом)",False,1,False,3,0,244891.0,0.0,4,0,0.0,,7,1,0.0,1,False,False
100000002705460100,peripheral,1.0,2,0.2811,"Признаков роли нет: связи 1 вх./0 исх., оборот 95 тыс. ₸",False,3,False,1,0,95000.0,0.0,1,0,0.0,,7,0,0.0,1,False,False
100000002706810100,peripheral,1.0,13,0.2633,Граница выборки (4-е колено): исходящие не видны; получено 45 тыс. ₸ от 1 плательщика,False,4,True,1,0,45000.0,0.0,1,0,0.0,,1,0,0.0,1,False,False
100000002707106100,peripheral,1.0,12,0.2366,Граница выборки (4-е колено): исходящие не видны; получено 15 тыс. ₸ от 1 плательщика,False,4,True,1,0,15000.0,0.0,2,0,0.0,,7,0,0.0,1,False,False
100000002708624100,peripheral,1.0,27,0.2497,"Признаков роли нет: связи 1 вх./0 исх., оборот 25 тыс. ₸",False,3,False,1,0,25000.0,0.0,1,0,0.0,,7,0,0.0,1,False,False
100000002710570100,terminal,0.88,30,0.4166,"Деньги оседают: получено 225 тыс. ₸ от 1 плательщика, исходящих ≥5 тыс. ₸ нет (узел раскрыт обходом)",False,2,False,1,0,225015.0,0.0,1,0,0.0,,7,0,0.0,1,False,False
100000002712416100,peripheral,1.0,4,0.3534,"Признаков роли нет: связи 2 вх./0 исх., оборот 117 тыс. ₸",False,3,False,2,0,116800.0,0.0,2,0,0.0,,9,0,0.0,1,False,False
100000002713074100,peripheral,1.0,18,0.624,"Признаков роли нет: связи 2 вх./1 исх., оборот 700 тыс. ₸; блокировка отсекает 1,1 млн ₸",False,3,False,2,1,700000.0,430000.0,2,2,0.6143,12.0,7,0,1.9e-05,2,False,False
100000002713974100,peripheral,1.0,17,0.2672,Граница выборки (4-е колено): исходящие не видны; получено 50 тыс. ₸ от 1 плательщика,False,4,True,1,0,50000.0,0.0,1,0,0.0,,7,0,0.0,1,False,False
100000002718366100,consolidator,0.66,4,0.6672,"Признаки консолидации: 6 плательщиков (курьеров: 0), вход 2,5 млн ₸, дальше 0 получ., удержано 100%; синхронный сбор: 3 плат. в 1 день",False,2,False,6,0,2525000.0,0.0,10,0,0.0,,9,0,0.0,3,False,False
100000002720627100,peripheral,0.52,15,0.2953,"Признаков роли нет: связи 1 вх./0 исх., оборот 199 тыс. ₸",False,1,False,1,0,199300.0,0.0,1,0,0.0,,8,1,0.0,1,False,False
100000002721825100,peripheral,1.0,1,0.2324,"Признаков роли нет: связи 1 вх./0 исх., оборот 11 тыс. ₸",False,2,False,1,0,11000.0,0.0,1,0,0.0,,7,0,0.0,1,False,False
100000002722108100,terminal,1.0,13,0.4405,"Деньги оседают: получено 800 тыс. ₸ от 1 плательщика, исходящих ≥5 тыс. ₸ нет (узел раскрыт обходом)",False,3,False,1,0,800000.0,0.0,2,0,0.0,,2,0,0.0,1,False,False
100000002723439100,peripheral,1.0,15,0.2414,Граница выборки (4-е колено): исходящие не видны; получено 18 тыс. ₸ от 1 плательщика,False,4,True,1,0,18000.0,0.0,2,0,0.0,,8,0,0.0,1,False,False
100000002723538100,transit,1.0,3,0.8251,Признаки транзита: ушло 560 тыс. ₸ при видимом входе 106 тыс. ₸ за ~0 дн. — приток вне выборки; в ядре-кольце из 85; блокировка отсекает 666 тыс. ₸,False,2,False,3,12,105647.0,560499.0,3,14,5.3054,0.0,7,0,0.000291,1,True,True
100000002723674100,peripheral,1.0,21,0.2549,Граница выборки (4-е колено): исходящие не видны; получено 30 тыс. ₸ от 1 плательщика,False,4,True,1,0,30000.0,0.0,1,0,0.0,,7,0,0.0,1,False,False
100000002726055100,peripheral,1.0,21,0.2304,Граница выборки (4-е колено): исходящие не видны; получено 10 тыс. ₸ от 1 плательщика,False,4,True,1,0,10000.0,0.0,1,0,0.0,,7,0,0.0,1,False,False
100000002727288100,peripheral,1.0,2,0.2385,"Признаков роли нет: связи 1 вх./0 исх., оборот 16 тыс. ₸",False,3,False,1,0,16000.0,0.0,1,0,0.0,,7,0,0.0,1,False,False
100000002728246100,peripheral,1.0,7,0.2304,Граница выборки (4-е колено): исходящие не видны; получено 10 тыс. ₸ от 1 плательщика,False,4,True,1,0,10000.0,0.0,1,0,0.0,,7,0,0.0,1,False,False
100000002729875100,peripheral,1.0,11,0.2764,Граница выборки (4-е колено): исходящие не видны; получено 76 тыс. ₸ от 1 плательщика,False,4,True,1,0,76000.0,0.0,1,0,0.0,,7,0,0.0,1,False,False
100000002731501100,transit,1.0,26,0.812,"Признаки транзита: ушло 834 тыс. ₸ при видимом входе 570 тыс. ₸ за ~2 дн. — приток вне выборки; синхронный сбор: 3 плат. в 1 день; блокировка отсекает 1,4 млн ₸",False,1,False,3,7,570370.0,833960.0,7,20,1.4621,2.0,1,1,4e-06,3,True,True
100000002733083100,peripheral,1.0,11,0.2373,Граница выборки (4-е колено): исходящие не видны; получено 15 тыс. ₸ от 1 плательщика,False,4,True,1,0,15200.0,0.0,1,0,0.0,,7,0,0.0,1,False,False
100000002733905100,transit,1.0,5,0.8007,Признаки транзита: ушло 718 тыс. ₸ при видимом входе 100 тыс. ₸ за ~0 дн. — приток вне выборки; блокировка отсекает 818 тыс. ₸,False,2,False,3,2,100000.0,717839.0,5,3,7.1784,0.0,1,0,2e-06,2,True,True
100000002734815100,peripheral,1.0,4,0.2849,Граница выборки (4-е колено): исходящие не видны; получено 110 тыс. ₸ от 1 плательщика,False,4,True,1,0,110000.0,0.0,1,0,0.0,,8,0,0.0,1,False,False
100000002736033100,peripheral,1.0,18,0.4413,"Признаков роли нет: связи 1 вх./1 исх., оборот 35 тыс. ₸",False,3,False,1,1,34530.0,11000.0,1,1,0.3186,20.0,7,0,1.9e-05,1,False,False
100000002736316100,terminal,1.0,1,0.5056,"Деньги оседают: получено 267 тыс. ₸ от 3 плательщиков, исходящих ≥5 тыс. ₸ нет (узел раскрыт обходом)",False,3,False,3,0,266921.0,0.0,3,0,0.0,,7,0,0.0,2,False,False
100000002737980100,peripheral,1.0,2,0.2571,"Признаков роли нет: связи 1 вх./0 исх., оборот 33 тыс. ₸",False,3,False,1,0,32900.0,0.0,1,0,0.0,,7,0,0.0,1,False,False
100000002738256100,transit,1.0,40,0.6202,"Признаки транзита: пришло 150 тыс. ₸, ушло 117% за ~1 дн.; связи 1→1; блокировка отсекает 325 тыс. ₸",False,2,False,1,1,150200.0,175000.0,1,1,1.1651,1.0,1,0,0.0,1,True,False
100000002741024100,peripheral,0.8,19,0.6667,"Признаков роли нет: связи 5 вх./6 исх., оборот 818 тыс. ₸; блокировка отсекает 1,4 млн ₸",False,2,False,5,6,817980.85,434989.0,9,7,0.5318,1.5,7,0,0.000119,1,True,False
100000002742067100,peripheral,1.0,2,0.234,"Признаков роли нет: связи 1 вх./0 исх., оборот 13 тыс. ₸",False,2,False,1,0,12730.0,0.0,1,0,0.0,,7,0,0.0,1,False,False
100000002744581100,peripheral,1.0,14,0.2331,"Признаков роли нет: связи 1 вх./0 исх., оборот 12 тыс. ₸",False,2,False,1,0,12000.0,0.0,1,0,0.0,,1,0,0.0,1,False,False
100000002748040100,peripheral,1.0,11,0.2414,Граница выборки (4-е колено): исходящие не видны; получено 18 тыс. ₸ от 1 плательщика,False,4,True,1,0,18000.0,0.0,1,0,0.0,,7,0,0.0,1,False,False
100000002748180100,transit,1.0,9,0.731,"Признаки транзита: ушло 680 тыс. ₸ при видимом входе 10 тыс. ₸ за ~0 дн. — приток вне выборки; блокировка отсекает 1,4 млн ₸",False,1,False,1,8,9900.0,679743.0,1,9,68.6609,0.0,1,1,9e-06,1,False,True
100000002748511100,peripheral,1.0,2,0.2437,Граница выборки (4-е колено): исходящие не видны; получено 20 тыс. ₸ от 1 плательщика,False,4,True,1,0,20000.0,0.0,1,0,0.0,,7,0,0.0,1,False,False
100000002748532100,peripheral,0.84,12,0.6433,"Признаков роли нет: связи 3 вх./2 исх., оборот 647 тыс. ₸; блокировка отсекает 1,0 млн ₸",False,2,False,3,2,355575.0,646685.0,3,7,1.8187,3.5,9,0,3.1e-05,1,False,True
100000002748581100,peripheral,1.0,12,0.2616,"Признаков роли нет: связи 1 вх./0 исх., оборот 41 тыс. ₸",False,3,False,1,0,41180.0,0.0,1,0,0.0,,7,0,0.0,1,False,False
100000002748761100,terminal,1.0,13,0.4404,"Деньги оседают: получено 797 тыс. ₸ от 1 плательщика, исходящих ≥5 тыс. ₸ нет (узел раскрыт обходом)",False,3,False,1,0,796800.0,0.0,3,0,0.0,,2,0,0.0,1,False,False
100000002750332100,peripheral,1.0,11,0.2327,"Признаков роли нет: связи 1 вх./0 исх., оборот 11 тыс. ₸",False,1,False,1,0,11360.0,0.0,1,0,0.0,,1,1,0.0,1,False,False
100000002750956100,peripheral,1.0,1,0.2652,"Признаков роли нет: связи 1 вх./0 исх., оборот 47 тыс. ₸",False,1,False,1,0,47416.0,0.0,1,0,0.0,,7,1,0.0,1,False,False
100000002752565100,peripheral,1.0,3,0.2711,Граница выборки (4-е колено): исходящие не видны; получено 57 тыс. ₸ от 1 плательщика,False,4,True,1,0,57000.0,0.0,1,0,0.0,,7,0,0.0,1,False,False
100000002753146100,terminal,1.0,13,0.4405,"Деньги оседают: получено 804 тыс. ₸ от 1 плательщика, исходящих ≥5 тыс. ₸ нет (узел раскрыт обходом)",False,3,False,1,0,803540.0,0.0,3,0,0.0,,2,0,0.0,1,False,False
100000002755292100,terminal,0.54,7,0.3984,"Деньги оседают: получено 203 тыс. ₸ от 1 плательщика, исходящих ≥5 тыс. ₸ нет (узел раскрыт обходом)",False,3,False,1,0,203400.0,0.0,1,0,0.0,,7,0,0.0,1,False,False
100000002757240100,peripheral,1.0,1,0.2685,"Признаков роли нет: связи 1 вх./0 исх., оборот 51 тыс. ₸",False,2,False,1,0,51183.0,0.0,1,0,0.0,,9,0,0.0,1,False,False
100000002757791100,peripheral,1.0,9,0.2755,"Признаков роли нет: связи 1 вх./0 исх., оборот 73 тыс. ₸",False,3,False,1,0,73050.0,0.0,1,0,0.0,,1,0,0.0,1,False,False
100000002757797100,peripheral,1.0,16,0.2826,"Признаков роли нет: связи 1 вх./0 исх., оборот 100 тыс. ₸",False,1,False,1,0,100000.0,0.0,1,0,0.0,,1,1,0.0,1,False,False
100000002760175100,peripheral,0.62,15,0.294,"Признаков роли нет: связи 1 вх./0 исх., оборот 187 тыс. ₸",False,1,False,1,0,187410.0,0.0,1,0,0.0,,8,1,0.0,1,False,False
100000002762076100,peripheral,1.0,14,0.5524,"Признаков роли нет: связи 2 вх./1 исх., оборот 140 тыс. ₸; блокировка отсекает 170 тыс. ₸",False,1,False,2,1,140350.0,30000.0,2,1,0.2138,,2,2,0.0,1,False,False
100000002769809100,peripheral,1.0,23,0.2856,"Признаков роли нет: связи 1 вх./0 исх., оборот 113 тыс. ₸",False,3,False,1,0,113422.0,0.0,1,0,0.0,,7,0,0.0,1,False,False
100000002773323100,peripheral,1.0,4,0.6377,"Признаков роли нет: связи 2 вх./1 исх., оборот 1,2 млн ₸; блокировка отсекает 1,5 млн ₸",False,3,False,2,1,285000.0,1171644.0,2,2,4.111,15.0,8,0,2.1e-05,2,False,True
100000002774456100,peripheral,1.0,15,0.2681,"Признаков роли нет: связи 1 вх./0 исх., оборот 50 тыс. ₸",False,1,False,1,0,50363.0,0.0,1,0,0.0,,8,1,0.0,1,False,False
100000002778085100,peripheral,1.0,2,0.2738,"Признаков роли нет: связи 1 вх./0 исх., оборот 66 тыс. ₸",False,1,False,1,0,66208.0,0.0,1,0,0.0,,7,1,0.0,1,False,False
100000002779485100,peripheral,1.0,17,0.28,"Признаков роли нет: связи 1 вх./0 исх., оборот 91 тыс. ₸",False,2,False,1,0,91000.0,0.0,2,0,0.0,,7,0,0.0,1,False,False
100000002781227100,transit,1.0,4,0.7835,"Признаки транзита: пришло 191 тыс. ₸, ушло 111% за ~0 дн.; связи 2→3; блокировка отсекает 404 тыс. ₸",False,1,False,2,3,191167.62,212420.0,8,10,1.1112,0.0,1,1,0.000133,1,True,False
100000002784085100,terminal,0.5,11,0.3959,"Деньги оседают: получено 200 тыс. ₸ от 1 плательщика, исходящих ≥5 тыс. ₸ нет (узел раскрыт обходом)",False,1,False,1,0,200000.0,0.0,1,0,0.0,,1,1,0.0,1,False,False
100000002791494100,peripheral,1.0,11,0.2787,Граница выборки (4-е колено): исходящие не видны; получено 86 тыс. ₸ от 1 плательщика,False,4,True,1,0,85860.0,0.0,1,0,0.0,,7,0,0.0,1,False,False
100000002793851100,peripheral,1.0,2,0.2326,"Признаков роли нет: связи 1 вх./0 исх., оборот 11 тыс. ₸",False,1,False,1,0,11052.0,0.0,1,0,0.0,,7,1,0.0,1,False,False
100000002793881100,terminal,1.0,4,0.5199,"Деньги оседают: получено 786 тыс. ₸ от 3 плательщиков, исходящих ≥5 тыс. ₸ нет (узел раскрыт обходом); синхронный сбор: 3 плат. в 1 день",False,3,False,3,0,785600.0,0.0,3,0,0.0,,9,0,0.0,3,False,False
100000002794197100,peripheral,1.0,14,0.2557,"Признаков роли нет: связи 1 вх./0 исх., оборот 30 тыс. ₸",False,1,False,1,0,30100.0,0.0,1,0,0.0,,1,1,0.0,1,False,False
100000002794374100,peripheral,1.0,4,0.2851,Граница выборки (4-е колено): исходящие не видны; получено 111 тыс. ₸ от 1 плательщика,False,4,True,1,0,111000.0,0.0,1,0,0.0,,9,0,0.0,1,False,False
100000002796853100,peripheral,1.0,4,0.4422,"Признаков роли нет: связи 1 вх./1 исх., оборот 199 тыс. ₸; блокировка отсекает 245 тыс. ₸",False,2,False,1,1,199000.0,46167.62,8,5,0.232,1.0,1,0,0.0,1,True,False
100000002799941100,terminal,1.0,23,0.438,"Деньги оседают: получено 600 тыс. ₸ от 1 плательщика, исходящих ≥5 тыс. ₸ нет (узел раскрыт обходом)",False,3,False,1,0,600000.0,0.0,1,0,0.0,,7,0,0.0,1,False,False
100000002807334100,peripheral,1.0,7,0.2702,"Признаков роли нет: связи 1 вх./0 исх., оборот 55 тыс. ₸",False,3,False,1,0,54715.0,0.0,1,0,0.0,,7,0,0.0,1,False,False
100000002809568100,peripheral,1.0,1,0.2304,"Признаков роли нет: связи 1 вх./0 исх., оборот 10 тыс. ₸",False,1,False,1,0,10000.0,0.0,1,0,0.0,,7,1,0.0,1,False,False
100000002809896100,peripheral,1.0,11,0.2599,"Признаков роли нет: связи 1 вх./0 исх., оборот 38 тыс. ₸",False,3,False,1,0,38000.0,0.0,1,0,0.0,,7,0,0.0,1,False,False
100000002810870100,peripheral,1.0,5,0.2574,"Признаков роли нет: связи 1 вх./0 исх., оборот 34 тыс. ₸",False,1,False,1,0,33677.0,0.0,1,0,0.0,,1,1,0.0,1,False,False
100000002812641100,peripheral,0.82,11,0.3391,"Признаков роли нет: связи 1 вх./1 исх., оборот 10 тыс. ₸",False,2,False,1,1,10000.0,7023.95,1,1,0.7024,1.0,8,0,0.0,1,True,False
100000002815005100,terminal,1.0,4,0.4348,"Деньги оседают: получено 476 тыс. ₸ от 1 плательщика, исходящих ≥5 тыс. ₸ нет (узел раскрыт обходом)",False,3,False,1,0,476500.0,0.0,1,0,0.0,,8,0,0.0,1,False,False
100000002818726100,peripheral,1.0,1,0.2322,"Признаков роли нет: связи 1 вх./0 исх., оборот 11 тыс. ₸",False,3,False,1,0,10879.0,0.0,1,0,0.0,,7,0,0.0,1,False,False
100000002820010100,peripheral,1.0,9,0.2549,"Признаков роли нет: связи 1 вх./0 исх., оборот 30 тыс. ₸",False,2,False,1,0,30000.0,0.0,1,0,0.0,,1,0,0.0,1,False,False
100000002821425100,terminal,1.0,13,0.4265,"Деньги оседают: получено 275 тыс. ₸ от 1 плательщика, исходящих ≥5 тыс. ₸ нет (узел раскрыт обходом)",False,3,False,1,0,275000.0,0.0,1,0,0.0,,2,0,0.0,1,False,False
100000002822472100,terminal,1.0,13,0.4935,"Деньги оседают: получено 267 тыс. ₸ от 2 плательщиков, исходящих ≥5 тыс. ₸ нет (узел раскрыт обходом)",False,3,False,2,0,266722.0,0.0,2,0,0.0,,8,0,0.0,1,False,False
100000002824176100,peripheral,1.0,9,0.2894,"Признаков роли нет: связи 1 вх./0 исх., оборот 144 тыс. ₸",False,1,False,1,0,144000.0,0.0,1,0,0.0,,2,1,0.0,1,False,False
100000002826669100,peripheral,1.0,3,0.2912,"Признаков роли нет: связи 1 вх./0 исх., оборот 160 тыс. ₸",False,2,False,1,0,159900.0,0.0,4,0,0.0,,7,0,0.0,1,False,False
100000002830055100,peripheral,1.0,5,0.2351,"Признаков роли нет: связи 1 вх./0 исх., оборот 14 тыс. ₸",False,1,False,1,0,14000.0,0.0,1,0,0.0,,1,1,0.0,1,False,False
100000002831727100,transit,1.0,23,0.6434,Признаки транзита: ушло 77 тыс. ₸ при видимом входе 6 тыс. ₸ за ~2 дн. — приток вне выборки,False,2,False,1,1,6000.0,77000.0,1,3,12.8333,2.0,7,0,1.9e-05,1,False,True
100000002832753100,peripheral,1.0,2,0.2338,Граница выборки (4-е колено): исходящие не видны; получено 12 тыс. ₸ от 1 плательщика,False,4,True,1,0,12500.0,0.0,1,0,0.0,,7,0,0.0,1,False,False
100000002835874100,peripheral,1.0,4,0.2716,Граница выборки (4-е колено): исходящие не видны; получено 59 тыс. ₸ от 1 плательщика,False,4,True,1,0,58700.0,0.0,1,0,0.0,,8,0,0.0,1,False,False
100000002836052100,peripheral,1.0,17,0.2366,"Признаков роли нет: связи 1 вх./0 исх., оборот 15 тыс. ₸",False,2,False,1,0,15000.0,0.0,1,0,0.0,,11,0,0.0,1,False,False
100000002836736100,terminal,1.0,9,0.5038,"Деньги оседают: получено 509 тыс. ₸ от 2 плательщиков, исходящих ≥5 тыс. ₸ нет (узел раскрыт обходом)",False,1,False,2,0,509000.0,0.0,2,0,0.0,,3,1,0.0,2,False,False
100000002838519100,peripheral,1.0,12,0.2645,"Признаков роли нет: связи 1 вх./0 исх., оборот 47 тыс. ₸",False,3,False,1,0,46900.0,0.0,1,0,0.0,,7,0,0.0,1,False,False
100000002838861100,peripheral,0.8,11,0.6324,"Признаков роли нет: связи 5 вх./1 исх., оборот 555 тыс. ₸; блокировка отсекает 565 тыс. ₸",False,1,False,5,1,554523.95,10000.0,5,1,0.018,8.5,8,2,1.9e-05,2,True,False
100000002842321100,peripheral,1.0,7,0.2914,"Признаков роли нет: связи 1 вх./0 исх., оборот 160 тыс. ₸",False,3,False,1,0,160000.0,0.0,1,0,0.0,,7,0,0.0,1,False,False
100000002842337100,peripheral,1.0,14,0.2672,"Признаков роли нет: связи 1 вх./0 исх., оборот 50 тыс. ₸",False,2,False,1,0,50000.0,0.0,1,0,0.0,,1,0,0.0,1,False,False
100000002844652100,peripheral,1.0,14,0.2726,"Признаков роли нет: связи 1 вх./0 исх., оборот 61 тыс. ₸",False,1,False,1,0,61360.0,0.0,1,0,0.0,,1,1,0.0,1,False,False
100000002844897100,peripheral,1.0,11,0.2322,"Признаков роли нет: связи 1 вх./0 исх., оборот 11 тыс. ₸",False,1,False,1,0,10800.0,0.0,1,0,0.0,,1,1,0.0,1,False,False
100000002845605100,peripheral,1.0,1,0.2713,"Признаков роли нет: связи 1 вх./0 исх., оборот 58 тыс. ₸",False,1,False,1,0,57567.0,0.0,1,0,0.0,,7,1,0.0,1,False,False
100000002847207100,peripheral,1.0,8,0.2641,"Признаков роли нет: связи 1 вх./0 исх., оборот 46 тыс. ₸",False,1,False,1,0,46243.0,0.0,1,0,0.0,,10,1,0.0,1,False,False
100000002849158100,transit,1.0,4,0.8313,"Признаки транзита: ушло 1,3 млн ₸ при видимом входе 723 тыс. ₸ за ~0 дн. — приток вне выборки; синхронный сбор: 3 плат. в 1 день; блокировка отсекает 2,0 млн ₸",False,3,False,3,1,723000.0,1313000.0,3,3,1.816,0.0,9,0,2.3e-05,3,False,True
100000002852402100,peripheral,1.0,2,0.2704,"Признаков роли нет: связи 1 вх./0 исх., оборот 55 тыс. ₸",False,2,False,1,0,55000.0,0.0,1,0,0.0,,7,0,0.0,1,False,False
100000002858835100,peripheral,1.0,5,0.2488,"Признаков роли нет: связи 1 вх./0 исх., оборот 24 тыс. ₸",False,1,False,1,0,24400.0,0.0,1,0,0.0,,1,1,0.0,1,False,False
100000002860934100,peripheral,1.0,20,0.3015,Граница выборки (4-е колено): исходящие не видны; получено 280 тыс. ₸ от 1 плательщика,False,4,True,1,0,279500.0,0.0,4,0,0.0,,7,0,0.0,1,False,False
100000002861485100,peripheral,1.0,2,0.254,"Признаков роли нет: связи 1 вх./0 исх., оборот 29 тыс. ₸",False,1,False,1,0,29323.0,0.0,1,0,0.0,,7,1,0.0,1,False,False
100000002862113100,peripheral,1.0,12,0.2652,"Признаков роли нет: связи 1 вх./0 исх., оборот 47 тыс. ₸",False,3,False,1,0,47405.0,0.0,2,0,0.0,,7,0,0.0,1,False,False
100000002863356100,peripheral,1.0,5,0.4446,"Признаков роли нет: связи 1 вх./1 исх., оборот 45 тыс. ₸",False,2,False,1,1,45000.0,20000.0,1,1,0.4444,,1,0,1e-06,1,False,False
100000002864256100,peripheral,1.0,8,0.288,"Признаков роли нет: связи 1 вх./0 исх., оборот 136 тыс. ₸",False,1,False,1,0,135780.0,0.0,1,0,0.0,,10,1,0.0,1,False,False
100000002864680100,peripheral,1.0,16,0.2708,"Признаков роли нет: связи 1 вх./0 исх., оборот 56 тыс. ₸",False,1,False,1,0,55932.0,0.0,1,0,0.0,,1,1,0.0,1,False,False
100000002870463100,peripheral,1.0,9,0.5896,"Признаков роли нет: связи 3 вх./1 исх., оборот 207 тыс. ₸; блокировка отсекает 217 тыс. ₸",False,2,False,3,1,207000.0,10000.0,4,1,0.0483,7.0,7,0,1.9e-05,1,True,False
100000002870937100,peripheral,1.0,14,0.2782,"Признаков роли нет: связи 1 вх./0 исх., оборот 84 тыс. ₸",False,1,False,1,0,83700.0,0.0,1,0,0.0,,1,1,0.0,1,False,False
100000002871199100,peripheral,1.0,12,0.2471,"Признаков роли нет: связи 1 вх./0 исх., оборот 23 тыс. ₸",False,3,False,1,0,23186.0,0.0,1,0,0.0,,7,0,0.0,1,False,False
100000002872399100,terminal,1.0,14,0.4424,"Деньги оседают: получено 1,1 млн ₸ от 1 плательщика, исходящих ≥5 тыс. ₸ нет (узел раскрыт обходом)",False,3,False,1,0,1090000.0,0.0,9,0,0.0,,1,0,0.0,1,False,False
100000002876914100,peripheral,1.0,13,0.2331,Граница выборки (4-е колено): исходящие не видны; получено 12 тыс. ₸ от 1 плательщика,False,4,True,1,0,12000.0,0.0,1,0,0.0,,1,0,0.0,1,False,False
100000002877262100,peripheral,1.0,4,0.2826,"Признаков роли нет: связи 1 вх./0 исх., оборот 100 тыс. ₸",False,3,False,1,0,100000.0,0.0,1,0,0.0,,8,0,0.0,1,False,False
100000002878467100,terminal,0.5,4,0.4635,"Деньги оседают: получено 200 тыс. ₸ от 2 плательщиков, исходящих ≥5 тыс. ₸ нет (узел раскрыт обходом)",False,3,False,2,0,200000.0,0.0,2,0,0.0,,8,0,0.0,1,False,False
100000002878483100,peripheral,1.0,13,0.2257,Граница выборки (4-е колено): исходящие не видны; получено 6 тыс. ₸ от 1 плательщика,False,4,True,1,0,6000.0,0.0,1,0,0.0,,1,0,0.0,1,False,False
100000002881669100,peripheral,1.0,16,0.2419,"Признаков роли нет: связи 1 вх./0 исх., оборот 19 тыс. ₸",False,1,False,1,0,18600.0,0.0,1,0,0.0,,1,1,0.0,1,False,False
100000002883402100,terminal,1.0,4,0.5081,"Деньги оседают: получено 300 тыс. ₸ от 3 плательщиков, исходящих ≥5 тыс. ₸ нет (узел раскрыт обходом)",False,3,False,3,0,300000.0,0.0,3,0,0.0,,10,0,0.0,1,False,False
100000002884708100,peripheral,1.0,4,0.3176,"Граница выборки (4-е колено): исходящие не видны; получено 1,2 млн ₸ от 1 плательщика",False,4,True,1,0,1171644.0,0.0,2,0,0.0,,8,0,0.0,1,False,False
100000002886166100,peripheral,0.64,26,0.2938,"Признаков роли нет: связи 1 вх./0 исх., оборот 185 тыс. ₸",False,3,False,1,0,185000.0,0.0,3,0,0.0,,1,0,0.0,1,False,False
100000002890167100,peripheral,1.0,2,0.2859,"Признаков роли нет: связи 1 вх./0 исх., оборот 118 тыс. ₸",False,1,False,1,0,118150.0,0.0,1,0,0.0,,7,1,0.0,1,False,False
100000002891765100,peripheral,1.0,12,0.2707,"Признаков роли нет: связи 1 вх./0 исх., оборот 56 тыс. ₸",False,3,False,1,0,55576.0,0.0,1,0,0.0,,7,0,0.0,1,False,False
100000002893020100,peripheral,1.0,11,0.2418,"Признаков роли нет: связи 1 вх./0 исх., оборот 18 тыс. ₸",False,3,False,1,0,18340.0,0.0,1,0,0.0,,7,0,0.0,1,False,False
100000002894076100,terminal,1.0,14,0.5273,"Деньги оседают: получено 1,1 млн ₸ от 4 плательщиков, исходящих ≥5 тыс. ₸ нет (узел раскрыт обходом); синхронный сбор: 3 плат. в 1 день",False,1,False,4,0,1122782.0,0.0,6,0,0.0,,10,2,0.0,3,False,False
100000002896506100,peripheral,1.0,22,0.2633,Граница выборки (4-е колено): исходящие не видны; получено 45 тыс. ₸ от 1 плательщика,False,4,True,1,0,45000.0,0.0,1,0,0.0,,7,0,0.0,1,False,False
100000002901457100,peripheral,1.0,3,0.5482,"Признаков роли нет: связи 1 вх./3 исх., оборот 340 тыс. ₸; блокировка отсекает 459 тыс. ₸",False,3,False,1,3,340000.0,119000.0,1,3,0.35,16.0,7,0,7.6e-05,1,False,False
100000002904919100,peripheral,1.0,3,0.4609,"Признаков роли нет: связи 1 вх./1 исх., оборот 60 тыс. ₸",False,3,False,1,1,60325.0,5500.0,1,1,0.0912,,7,0,1.9e-05,1,False,False
100000002906470100,peripheral,1.0,23,0.2873,"Признаков роли нет: связи 1 вх./0 исх., оборот 130 тыс. ₸",False,3,False,1,0,130000.0,0.0,1,0,0.0,,7,0,0.0,1,False,False
100000002908521100,peripheral,1.0,6,0.2628,"Признаков роли нет: связи 1 вх./0 исх., оборот 44 тыс. ₸",False,3,False,1,0,44500.0,0.0,1,0,0.0,,1,0,0.0,1,False,False
100000002911170100,terminal,1.0,13,0.4284,"Деньги оседают: получено 300 тыс. ₸ от 1 плательщика, исходящих ≥5 тыс. ₸ нет (узел раскрыт обходом)",False,2,False,1,0,300000.0,0.0,2,0,0.0,,7,0,0.0,1,False,False
100000002913340100,peripheral,1.0,6,0.2475,"Признаков роли нет: связи 1 вх./0 исх., оборот 24 тыс. ₸",False,3,False,1,0,23600.0,0.0,1,0,0.0,,1,0,0.0,1,False,False
100000002914245100,peripheral,1.0,22,0.2889,"Признаков роли нет: связи 1 вх./0 исх., оборот 141 тыс. ₸",False,3,False,1,0,140611.0,0.0,1,0,0.0,,1,0,0.0,1,False,False
100000002916006100,peripheral,1.0,12,0.0984,"Признаков роли нет: связи 0 вх./1 исх., оборот 32 тыс. ₸; курьер из исходного списка",True,0,False,0,1,0.0,32000.0,0,1,,,0,0,0.0,0,False,False
100000002921047100,peripheral,1.0,14,0.608,"Признаков роли нет: связи 2 вх./1 исх., оборот 338 тыс. ₸; блокировка отсекает 501 тыс. ₸",False,1,False,2,1,338000.0,163000.02,2,1,0.4822,8.5,9,1,2.2e-05,1,False,False
100000002922000100,peripheral,1.0,1,0.3087,Граница выборки (4-е колено): исходящие не видны; получено 448 тыс. ₸ от 1 плательщика,False,4,True,1,0,448000.0,0.0,1,0,0.0,,7,0,0.0,1,False,False
100000002926970100,peripheral,1.0,11,0.2785,"Признаков роли нет: связи 1 вх./0 исх., оборот 85 тыс. ₸",False,3,False,1,0,85000.0,0.0,1,0,0.0,,7,0,0.0,1,False,False
100000002933386100,peripheral,1.0,1,0.4667,"Признаков роли нет: связи 1 вх./1 исх., оборот 58 тыс. ₸",False,3,False,1,1,15000.0,58000.0,1,1,3.8667,,7,0,2e-05,1,False,True
100000002934441100,peripheral,1.0,1,0.3401,"Признаков роли нет: связи 2 вх./0 исх., оборот 61 тыс. ₸",False,1,False,2,0,60845.6,0.0,2,0,0.0,,7,1,0.0,2,False,False
100000002936322100,terminal,1.0,22,0.5079,"Деньги оседают: получено 787 тыс. ₸ от 2 плательщиков, исходящих ≥5 тыс. ₸ нет (узел раскрыт обходом)",False,3,False,2,0,787133.0,0.0,2,0,0.0,,7,0,0.0,1,False,False
100000002938501100,peripheral,1.0,2,0.3991,"Признаков роли нет: связи 1 вх./1 исх., оборот 8 тыс. ₸",False,1,False,1,1,8395.0,5000.0,1,1,0.5956,,7,1,1.8e-05,1,False,False
100000002939838100,terminal,1.0,8,0.5171,"Деньги оседают: получено 571 тыс. ₸ от 3 плательщиков, исходящих ≥5 тыс. ₸ нет (узел раскрыт обходом)",False,1,False,3,0,571233.0,0.0,3,0,0.0,,10,1,0.0,1,False,False
100000002941114100,peripheral,1.0,15,0.5615,"Признаков роли нет: связи 2 вх./1 исх., оборот 129 тыс. ₸; блокировка отсекает 144 тыс. ₸",False,1,False,2,1,128510.0,15000.0,15,1,0.1167,5.0,8,1,2.1e-05,2,True,False
100000002943472100,peripheral,0.82,4,0.2928,"Признаков роли нет: связи 1 вх./0 исх., оборот 170 тыс. ₸",False,3,False,1,0,170000.0,0.0,1,0,0.0,,8,0,0.0,1,False,False
100000002945031100,peripheral,1.0,1,0.2366,"Признаков роли нет: связи 1 вх./0 исх., оборот 15 тыс. ₸",False,3,False,1,0,15000.0,0.0,1,0,0.0,,7,0,0.0,1,False,False
100000002945626100,terminal,1.0,4,0.5173,"Деньги оседают: получено 584 тыс. ₸ от 3 плательщиков, исходящих ≥5 тыс. ₸ нет (узел раскрыт обходом)",False,3,False,3,0,584000.0,0.0,3,0,0.0,,9,0,0.0,2,False,False
100000002947299100,peripheral,1.0,1,0.2785,"Признаков роли нет: связи 1 вх./0 исх., оборот 85 тыс. ₸",False,2,False,1,0,85000.0,0.0,1,0,0.0,,9,0,0.0,1,False,False
100000002948492100,peripheral,1.0,12,0.2476,"Признаков роли нет: связи 1 вх./0 исх., оборот 24 тыс. ₸",False,3,False,1,0,23660.0,0.0,1,0,0.0,,7,0,0.0,1,False,False
100000002951898100,peripheral,1.0,12,0.2605,"Признаков роли нет: связи 1 вх./0 исх., оборот 40 тыс. ₸",False,3,False,1,0,39990.0,0.0,1,0,0.0,,7,0,0.0,1,False,False
100000002952631100,peripheral,1.0,2,0.2653,"Признаков роли нет: связи 1 вх./0 исх., оборот 48 тыс. ₸",False,1,False,1,0,48050.0,0.0,1,0,0.0,,7,1,0.0,1,False,False
100000002952756100,peripheral,1.0,9,0.2647,"Признаков роли нет: связи 1 вх./0 исх., оборот 47 тыс. ₸",False,3,False,1,0,47000.0,0.0,1,0,0.0,,1,0,0.0,1,False,False
100000002954780100,peripheral,1.0,4,0.2876,"Признаков роли нет: связи 1 вх./0 исх., оборот 133 тыс. ₸",False,3,False,1,0,133400.0,0.0,1,0,0.0,,9,0,0.0,1,False,False
100000002956769100,terminal,1.0,4,0.5205,"Деньги оседают: получено 840 тыс. ₸ от 3 плательщиков, исходящих ≥5 тыс. ₸ нет (узел раскрыт обходом); синхронный сбор: 3 плат. в 1 день",False,3,False,3,0,840000.0,0.0,3,0,0.0,,9,0,0.0,3,False,False
100000002956779100,terminal,1.0,8,0.4328,"Деньги оседают: получено 411 тыс. ₸ от 1 плательщика, исходящих ≥5 тыс. ₸ нет (узел раскрыт обходом)",False,3,False,1,0,411000.0,0.0,1,0,0.0,,1,0,0.0,1,False,False
100000002956898100,terminal,1.0,2,0.4952,"Деньги оседают: получено 290 тыс. ₸ от 2 плательщиков, исходящих ≥5 тыс. ₸ нет (узел раскрыт обходом)",False,2,False,2,0,290240.0,0.0,2,0,0.0,,7,0,0.0,1,False,False
100000002957306100,terminal,1.0,15,0.5,"Деньги оседают: получено 398 тыс. ₸ от 2 плательщиков, исходящих ≥5 тыс. ₸ нет (узел раскрыт обходом)",False,1,False,2,0,398490.0,0.0,2,0,0.0,,11,2,0.0,1,False,False
100000002957787100,distributor,1.0,1,0.905,"Признаки веерной раздачи: 34 получателя, отправлено 1,3 млн ₸; в ядре-кольце из 85; блокировка отсекает 1,8 млн ₸",False,2,False,4,34,84956.0,1276153.96,7,41,15.0214,0.0,7,0,0.004277,2,True,True
100000002958139100,terminal,0.64,4,0.4037,"Деньги оседают: получено 210 тыс. ₸ от 1 плательщика, исходящих ≥5 тыс. ₸ нет (узел раскрыт обходом)",False,3,False,1,0,209500.0,0.0,2,0,0.0,,8,0,0.0,1,False,False
100000002958286100,terminal,1.0,11,0.4252,"Деньги оседают: получено 257 тыс. ₸ от 1 плательщика, исходящих ≥5 тыс. ₸ нет (узел раскрыт обходом)",False,1,False,1,0,257000.0,0.0,1,0,0.0,,1,1,0.0,1,False,False
100000002958343100,peripheral,1.0,14,0.5682,"Признаков роли нет: связи 1 вх./2 исх., оборот 2,9 млн ₸; блокировка отсекает 4,3 млн ₸",False,2,False,1,2,2900000.0,1390000.0,4,17,0.4793,2.5,1,0,0.0,1,True,False
100000002958345100,terminal,1.0,13,0.429,"Деньги оседают: получено 307 тыс. ₸ от 1 плательщика, исходящих ≥5 тыс. ₸ нет (узел раскрыт обходом)",False,3,False,1,0,307000.0,0.0,1,0,0.0,,2,0,0.0,1,False,False
100000002963189100,peripheral,1.0,12,0.5984,"Признаков роли нет: связи 1 вх./7 исх., оборот 5,2 млн ₸; в ядре-кольце из 85; блокировка отсекает 5,7 млн ₸",False,3,False,1,7,490000.0,5219000.0,3,15,10.651,6.0,7,0,8.5e-05,1,True,True
100000002964966100,terminal,0.5,1,0.3959,"Деньги оседают: получено 200 тыс. ₸ от 1 плательщика, исходящих ≥5 тыс. ₸ нет (узел раскрыт обходом)",False,2,False,1,0,200000.0,0.0,1,0,0.0,,8,0,0.0,1,False,False
100000002968096100,peripheral,1.0,17,0.2747,Граница выборки (4-е колено): исходящие не видны; получено 70 тыс. ₸ от 1 плательщика,False,4,True,1,0,70000.0,0.0,1,0,0.0,,7,0,0.0,1,False,False
100000002969048100,peripheral,1.0,9,0.2845,"Признаков роли нет: связи 1 вх./0 исх., оборот 108 тыс. ₸",False,2,False,1,0,108470.0,0.0,1,0,0.0,,1,0,0.0,1,False,False
100000002970466100,transit,1.0,10,0.6639,Признаки транзита: ушло 93 тыс. ₸ при видимом входе 23 тыс. ₸ за ~2 дн. — приток вне выборки; блокировка отсекает 116 тыс. ₸,False,3,False,1,2,23317.0,93000.0,1,3,3.9885,2.0,7,0,3.8e-05,1,False,True
100000002971593100,peripheral,1.0,7,0.266,Граница выборки (4-е колено): исходящие не видны; получено 49 тыс. ₸ от 1 плательщика,False,4,True,1,0,49050.0,0.0,1,0,0.0,,7,0,0.0,1,False,False
100000002973903100,peripheral,1.0,16,0.36,"Признаков роли нет: связи 3 вх./0 исх., оборот 93 тыс. ₸",False,1,False,3,0,92880.0,0.0,3,0,0.0,,8,1,0.0,1,False,False
100000002974256100,peripheral,1.0,16,0.2271,"Признаков роли нет: связи 1 вх./0 исх., оборот 7 тыс. ₸",False,2,False,1,0,7200.0,0.0,1,0,0.0,,1,0,0.0,1,False,False
100000002975287100,peripheral,1.0,18,0.2366,"Признаков роли нет: связи 1 вх./0 исх., оборот 15 тыс. ₸",False,3,False,1,0,15000.0,0.0,1,0,0.0,,7,0,0.0,1,False,False
100000002975437100,peripheral,1.0,30,0.4751,"Признаков роли нет: связи 1 вх./1 исх., оборот 530 тыс. ₸; блокировка отсекает 538 тыс. ₸",False,3,False,1,1,530000.0,8500.0,2,1,0.016,,7,0,0.0,1,True,False
100000002981489100,peripheral,1.0,7,0.2304,Граница выборки (4-е колено): исходящие не видны; получено 10 тыс. ₸ от 1 плательщика,False,4,True,1,0,10000.0,0.0,1,0,0.0,,7,0,0.0,1,False,False
100000002981527100,peripheral,0.84,11,0.2925,"Признаков роли нет: связи 1 вх./0 исх., оборот 168 тыс. ₸",False,1,False,1,0,168000.0,0.0,1,0,0.0,,1,1,0.0,1,False,False
100000002982252100,peripheral,1.0,5,0.245,"Признаков роли нет: связи 1 вх./0 исх., оборот 20 тыс. ₸",False,1,False,1,0,20320.0,0.0,1,0,0.0,,1,1,0.0,1,False,False
100000002983426100,peripheral,1.0,11,0.2792,"Признаков роли нет: связи 1 вх./0 исх., оборот 89 тыс. ₸",False,3,False,1,0,88945.0,0.0,1,0,0.0,,7,0,0.0,1,False,False
100000002983879100,terminal,0.5,1,0.4639,"Деньги оседают: получено 200 тыс. ₸ от 2 плательщиков, исходящих ≥5 тыс. ₸ нет (узел раскрыт обходом)",False,2,False,2,0,200050.0,0.0,2,0,0.0,,9,0,0.0,1,False,False
100000002984403100,peripheral,1.0,27,0.4383,"Признаков роли нет: связи 1 вх./1 исх., оборот 25 тыс. ₸",False,3,False,1,1,20000.0,25000.0,1,1,1.25,,7,0,2e-05,1,False,True
100000002986245100,peripheral,1.0,13,0.2254,Граница выборки (4-е колено): исходящие не видны; получено 6 тыс. ₸ от 1 плательщика,False,4,True,1,0,5750.0,0.0,1,0,0.0,,1,0,0.0,1,False,False
100000002988894100,peripheral,1.0,8,0.5428,"Признаков роли нет: связи 1 вх./3 исх., оборот 306 тыс. ₸; блокировка отсекает 384 тыс. ₸",False,1,False,1,3,306121.0,77500.0,1,3,0.2532,0.0,10,1,7.1e-05,1,False,False
100000002989353100,peripheral,1.0,13,0.543,"Признаков роли нет: связи 1 вх./2 исх., оборот 500 тыс. ₸; блокировка отсекает 821 тыс. ₸",False,3,False,1,2,500000.0,321160.0,2,2,0.6423,2.5,2,0,3e-06,1,False,False
100000002990675100,peripheral,1.0,7,0.2685,"Признаков роли нет: связи 1 вх./0 исх., оборот 51 тыс. ₸",False,3,False,1,0,51143.0,0.0,1,0,0.0,,7,0,0.0,1,False,False
100000002991079100,peripheral,1.0,2,0.5671,"Признаков роли нет: связи 2 вх./1 исх., оборот 149 тыс. ₸; блокировка отсекает 160 тыс. ₸",False,1,False,2,1,148900.0,11000.0,3,1,0.0739,0.0,7,1,2e-05,1,False,False
100000002992171100,peripheral,1.0,5,0.2357,"Признаков роли нет: связи 1 вх./0 исх., оборот 15 тыс. ₸",False,1,False,1,0,14627.0,0.0,1,0,0.0,,1,1,0.0,1,False,False
100000002994441100,peripheral,1.0,3,0.2236,Граница выборки (4-е колено): исходящие не видны; получено 5 тыс. ₸ от 1 плательщика,False,4,True,1,0,5000.0,0.0,1,0,0.0,,7,0,0.0,1,False,False
100000002999140100,peripheral,1.0,16,0.2304,Граница выборки (4-е колено): исходящие не видны; получено 10 тыс. ₸ от 1 плательщика,False,4,True,1,0,10000.0,0.0,2,0,0.0,,7,0,0.0,1,False,False
100000003001138100,peripheral,1.0,20,0.2549,Граница выборки (4-е колено): исходящие не видны; получено 30 тыс. ₸ от 1 плательщика,False,4,True,1,0,30000.0,0.0,1,0,0.0,,7,0,0.0,1,False,False
100000003001564100,peripheral,1.0,2,0.503,"Признаков роли нет: связи 1 вх./1 исх., оборот 180 тыс. ₸; блокировка отсекает 204 тыс. ₸",False,1,False,1,1,23520.0,180000.0,1,1,7.6531,5.0,7,1,1.9e-05,1,False,True
100000003001661100,transit,0.96,20,0.7296,Признаки транзита: ушло 440 тыс. ₸ при видимом входе 110 тыс. ₸ за ~3 дн. — приток вне выборки; блокировка отсекает 550 тыс. ₸,False,3,False,1,5,110000.0,439500.0,1,8,3.9955,3.0,7,0,8.3e-05,1,True,True
100000003003821100,peripheral,1.0,8,0.2608,"Признаков роли нет: связи 1 вх./0 исх., оборот 40 тыс. ₸",False,2,False,1,0,40000.0,0.0,1,0,0.0,,10,0,0.0,1,False,False
100000003004487100,peripheral,1.0,30,0.6637,"Признаков роли нет: связи 4 вх./2 исх., оборот 265 тыс. ₸; блокировка отсекает 3,9 млн ₸",False,1,False,4,2,183702.8,265015.0,9,3,1.4426,13.0,7,1,0.000193,2,True,True
100000003005167100,peripheral,1.0,13,0.2268,Граница выборки (4-е колено): исходящие не видны; получено 7 тыс. ₸ от 1 плательщика,False,4,True,1,0,7000.0,0.0,1,0,0.0,,1,0,0.0,1,False,False
100000003006633100,peripheral,1.0,33,0.2304,"Признаков роли нет: связи 1 вх./0 исх., оборот 10 тыс. ₸",False,3,False,1,0,10000.0,0.0,1,0,0.0,,7,0,0.0,1,False,False
100000003009900100,peripheral,1.0,11,0.2383,"Признаков роли нет: связи 1 вх./0 исх., оборот 16 тыс. ₸",False,3,False,1,0,15998.0,0.0,1,0,0.0,,7,0,0.0,1,False,False
100000003010908100,peripheral,1.0,11,0.2394,Граница выборки (4-е колено): исходящие не видны; получено 17 тыс. ₸ от 1 плательщика,False,4,True,1,0,17000.0,0.0,1,0,0.0,,7,0,0.0,1,False,False
100000003014659100,terminal,1.0,15,0.4268,"Деньги оседают: получено 280 тыс. ₸ от 1 плательщика, исходящих ≥5 тыс. ₸ нет (узел раскрыт обходом)",False,1,False,1,0,280000.0,0.0,1,0,0.0,,8,1,0.0,1,False,False
100000003016438100,transit,1.0,4,0.7138,Признаки транзита: ушло 300 тыс. ₸ при видимом входе 200 тыс. ₸ за ~0 дн. — приток вне выборки; блокировка отсекает 500 тыс. ₸,False,3,False,1,1,200000.0,300000.0,1,3,1.5,0.0,8,0,2.1e-05,1,False,True
100000003016635100,coordinator,0.78,2,0.398,"Кандидат в координаторы: собирает от 8 плательщиков (587 тыс. ₸) и раздаёт 73 получателям (9,4 млн ₸); в ядре-кольце из 85; синхронный сбор: 3 плат. в 1 день",True,0,False,8,73,586981.0,9414081.0,36,151,,0.0,6,0,0.007215,3,True,False
100000003016773100,peripheral,1.0,17,0.2644,"Признаков роли нет: связи 1 вх./0 исх., оборот 47 тыс. ₸",False,2,False,1,0,46555.0,0.0,1,0,0.0,,9,0,0.0,1,False,False
100000003022835100,peripheral,1.0,8,0.2868,"Признаков роли нет: связи 1 вх./0 исх., оборот 125 тыс. ₸",False,1,False,1,0,125000.0,0.0,1,0,0.0,,10,1,0.0,1,False,False
100000003024542100,peripheral,1.0,8,0.2279,"Признаков роли нет: связи 1 вх./0 исх., оборот 8 тыс. ₸",False,2,False,1,0,8500.0,0.0,1,0,0.0,,10,0,0.0,1,False,False
100000003025903100,peripheral,1.0,22,0.3068,Граница выборки (4-е колено): исходящие не видны; получено 386 тыс. ₸ от 1 плательщика,False,4,True,1,0,386300.0,0.0,6,0,0.0,,7,0,0.0,1,False,False
100000003031003100,terminal,1.0,4,0.5066,"Деньги оседают: получено 280 тыс. ₸ от 3 плательщиков, исходящих ≥5 тыс. ₸ нет (узел раскрыт обходом)",False,3,False,3,0,280090.0,0.0,3,0,0.0,,9,0,0.0,2,False,False
100000003031633100,terminal,1.0,4,0.4329,"Деньги оседают: получено 414 тыс. ₸ от 1 плательщика, исходящих ≥5 тыс. ₸ нет (узел раскрыт обходом)",False,3,False,1,0,414000.0,0.0,2,0,0.0,,8,0,0.0,1,False,False
100000003031761100,terminal,1.0,22,0.4346,"Деньги оседают: получено 460 тыс. ₸ от 1 плательщика, исходящих ≥5 тыс. ₸ нет (узел раскрыт обходом)",False,3,False,1,0,460408.0,0.0,1,0,0.0,,1,0,0.0,1,False,False
100000003031890100,terminal,0.7,26,0.407,"Деньги оседают: получено 215 тыс. ₸ от 1 плательщика, исходящих ≥5 тыс. ₸ нет (узел раскрыт обходом)",False,2,False,1,0,215000.0,0.0,10,0,0.0,,1,0,0.0,1,False,False
100000003034546100,terminal,1.0,12,0.4353,"Деньги оседают: получено 487 тыс. ₸ от 1 плательщика, исходящих ≥5 тыс. ₸ нет (узел раскрыт обходом)",False,2,False,1,0,486715.0,0.0,2,0,0.0,,1,0,0.0,1,False,False
100000003035737100,peripheral,1.0,17,0.6203,"Признаков роли нет: связи 2 вх./1 исх., оборот 809 тыс. ₸; блокировка отсекает 816 тыс. ₸",False,3,False,2,1,809170.0,6544.53,3,1,0.0081,4.0,7,0,1.9e-05,1,False,False
100000003036198100,peripheral,1.0,19,0.2366,"Признаков роли нет: связи 1 вх./0 исх., оборот 15 тыс. ₸",False,2,False,1,0,15000.0,0.0,1,0,0.0,,7,0,0.0,1,False,False
100000003037476100,peripheral,1.0,4,0.3917,Граница выборки (4-е колено): исходящие не видны; получено 555 тыс. ₸ от 3 плательщиков,False,4,True,3,0,555000.0,0.0,3,0,0.0,,8,0,0.0,2,False,False
100000003037660100,peripheral,1.0,8,0.2692,"Признаков роли нет: связи 1 вх./0 исх., оборот 53 тыс. ₸",False,1,False,1,0,53000.0,0.0,1,0,0.0,,10,1,0.0,1,False,False
100000003039473100,peripheral,1.0,2,0.2469,"Признаков роли нет: связи 1 вх./0 исх., оборот 23 тыс. ₸",False,2,False,1,0,23000.0,0.0,1,0,0.0,,7,0,0.0,1,False,False
100000003040087100,peripheral,1.0,11,0.2538,Граница выборки (4-е колено): исходящие не видны; получено 29 тыс. ₸ от 1 плательщика,False,4,True,1,0,29000.0,0.0,1,0,0.0,,7,0,0.0,1,False,False
100000003042994100,terminal,1.0,2,0.4273,"Деньги оседают: получено 286 тыс. ₸ от 1 плательщика, исходящих ≥5 тыс. ₸ нет (узел раскрыт обходом)",False,1,False,1,0,286086.0,0.0,3,0,0.0,,7,1,0.0,1,False,False
100000003044431100,peripheral,1.0,1,0.3397,"Признаков роли нет: связи 2 вх./0 исх., оборот 60 тыс. ₸",False,2,False,2,0,60000.0,0.0,2,0,0.0,,7,0,0.0,1,False,False
100000003044518100,peripheral,1.0,14,0.2578,"Признаков роли нет: связи 1 вх./0 исх., оборот 34 тыс. ₸",False,1,False,1,0,34423.0,0.0,1,0,0.0,,1,1,0.0,1,False,False
100000003047800100,peripheral,1.0,13,0.2334,Граница выборки (4-е колено): исходящие не видны; получено 12 тыс. ₸ от 1 плательщика,False,4,True,1,0,12212.0,0.0,1,0,0.0,,1,0,0.0,1,False,False
100000003050771100,terminal,0.94,1,0.4197,"Деньги оседают: получено 229 тыс. ₸ от 1 плательщика, исходящих ≥5 тыс. ₸ нет (узел раскрыт обходом)",False,3,False,1,0,229000.0,0.0,1,0,0.0,,7,0,0.0,1,False,False
100000003054328100,transit,1.0,9,0.6799,Признаки транзита: ушло 194 тыс. ₸ при видимом входе 140 тыс. ₸ за ~0 дн. — приток вне выборки; блокировка отсекает 334 тыс. ₸,False,2,False,1,2,140000.0,193720.0,1,2,1.3837,0.0,1,0,1e-06,1,False,True
100000003057225100,terminal,0.98,2,0.4225,"Деньги оседают: получено 236 тыс. ₸ от 1 плательщика, исходящих ≥5 тыс. ₸ нет (узел раскрыт обходом)",False,1,False,1,0,236000.0,0.0,1,0,0.0,,7,1,0.0,1,False,False
100000003060187100,peripheral,1.0,23,0.2805,"Признаков роли нет: связи 1 вх./0 исх., оборот 93 тыс. ₸",False,3,False,1,0,93046.0,0.0,1,0,0.0,,7,0,0.0,1,False,False
100000003060517100,terminal,1.0,18,0.4292,"Деньги оседают: получено 316 тыс. ₸ от 1 плательщика, исходящих ≥5 тыс. ₸ нет (узел раскрыт обходом)",False,3,False,1,0,315955.0,0.0,1,0,0.0,,7,0,0.0,1,False,False
100000003061115100,peripheral,1.0,3,0.2633,Граница выборки (4-е колено): исходящие не видны; получено 45 тыс. ₸ от 1 плательщика,False,4,True,1,0,45000.0,0.0,1,0,0.0,,7,0,0.0,1,False,False
100000003062895100,terminal,1.0,17,0.4971,"Деньги оседают: получено 328 тыс. ₸ от 2 плательщиков, исходящих ≥5 тыс. ₸ нет (узел раскрыт обходом)",False,2,False,2,0,328444.0,0.0,2,0,0.0,,9,0,0.0,1,False,False
100000003066385100,peripheral,1.0,1,0.3113,"Признаков роли нет: связи 2 вх./0 исх., оборот 20 тыс. ₸",False,1,False,2,0,20000.0,0.0,2,0,0.0,,7,1,0.0,1,False,False
100000003068941100,peripheral,1.0,9,0.5635,"Признаков роли нет: связи 3 вх./1 исх., оборот 94 тыс. ₸; блокировка отсекает 119 тыс. ₸",False,2,False,3,1,94000.0,25000.0,3,2,0.266,2.0,7,0,2e-05,1,False,False
100000003069463100,peripheral,1.0,28,0.4232,"Признаков роли нет: связи 1 вх./1 исх., оборот 18 тыс. ₸",False,3,False,1,1,11500.0,17920.0,1,1,1.5583,9.0,7,0,2e-05,1,False,True
100000003071649100,peripheral,0.6,4,0.2942,"Признаков роли нет: связи 1 вх./0 исх., оборот 190 тыс. ₸",False,3,False,1,0,189500.0,0.0,1,0,0.0,,9,0,0.0,1,False,False
100000003071930100,peripheral,1.0,11,0.6316,"Признаков роли нет: связи 3 вх./1 исх., оборот 478 тыс. ₸; блокировка отсекает 511 тыс. ₸",False,1,False,3,1,477610.0,5000.0,4,1,0.0105,4.5,8,1,4.3e-05,1,False,False
100000003072205100,peripheral,1.0,4,0.3592,Граница выборки (4-е колено): исходящие не видны; получено 163 тыс. ₸ от 2 плательщиков,False,4,True,2,0,163000.0,0.0,2,0,0.0,,8,0,0.0,2,False,False
100000003072676100,peripheral,1.0,18,0.2565,"Признаков роли нет: связи 1 вх./0 исх., оборот 32 тыс. ₸",False,3,False,1,0,31545.0,0.0,1,0,0.0,,7,0,0.0,1,False,False
100000003073398100,peripheral,1.0,9,0.2804,"Признаков роли нет: связи 1 вх./0 исх., оборот 93 тыс. ₸",False,2,False,1,0,92960.0,0.0,1,0,0.0,,1,0,0.0,1,False,False
100000003073635100,peripheral,1.0,3,0.2871,"Признаков роли нет: связи 1 вх./0 исх., оборот 129 тыс. ₸",False,3,False,1,0,129231.0,0.0,1,0,0.0,,7,0,0.0,1,False,False
100000003074515100,peripheral,1.0,4,0.2841,Граница выборки (4-е колено): исходящие не видны; получено 105 тыс. ₸ от 1 плательщика,False,4,True,1,0,105000.0,0.0,1,0,0.0,,8,0,0.0,1,False,False
100000003078839100,peripheral,1.0,3,0.2351,Граница выборки (4-е колено): исходящие не видны; получено 14 тыс. ₸ от 1 плательщика,False,4,True,1,0,14000.0,0.0,2,0,0.0,,7,0,0.0,1,False,False
100000003083865100,peripheral,1.0,11,0.2366,Граница выборки (4-е колено): исходящие не видны; получено 15 тыс. ₸ от 1 плательщика,False,4,True,1,0,15000.0,0.0,1,0,0.0,,7,0,0.0,1,False,False
100000003084870100,peripheral,1.0,13,0.2263,Граница выборки (4-е колено): исходящие не видны; получено 6 тыс. ₸ от 1 плательщика,False,4,True,1,0,6500.0,0.0,1,0,0.0,,2,0,0.0,1,False,False
100000003086040100,peripheral,1.0,3,0.232,"Признаков роли нет: связи 1 вх./0 исх., оборот 10 тыс. ₸",False,2,False,1,0,10500.0,0.0,1,0,0.0,,7,0,0.0,1,False,False
100000003087877100,peripheral,1.0,22,0.2801,"Признаков роли нет: связи 1 вх./0 исх., оборот 91 тыс. ₸",False,3,False,1,0,91486.0,0.0,1,0,0.0,,1,0,0.0,1,False,False
100000003089018100,terminal,0.96,12,0.4209,"Деньги оседают: получено 230 тыс. ₸ от 1 плательщика, исходящих ≥5 тыс. ₸ нет (узел раскрыт обходом)",False,2,False,1,0,230000.0,0.0,1,0,0.0,,1,0,0.0,1,False,False
100000003089553100,peripheral,1.0,4,0.29,"Признаков роли нет: связи 1 вх./0 исх., оборот 150 тыс. ₸",False,3,False,1,0,150000.0,0.0,1,0,0.0,,8,0,0.0,1,False,False
100000003091142100,peripheral,1.0,10,0.2608,Граница выборки (4-е колено): исходящие не видны; получено 40 тыс. ₸ от 1 плательщика,False,4,True,1,0,40000.0,0.0,1,0,0.0,,7,0,0.0,1,False,False
100000003093299100,peripheral,1.0,10,0.2366,"Признаков роли нет: связи 1 вх./0 исх., оборот 15 тыс. ₸",False,3,False,1,0,15000.0,0.0,1,0,0.0,,7,0,0.0,1,False,False
100000003095610100,peripheral,1.0,11,0.2477,"Признаков роли нет: связи 1 вх./0 исх., оборот 24 тыс. ₸",False,3,False,1,0,23665.0,0.0,1,0,0.0,,7,0,0.0,1,False,False
100000003096787100,peripheral,1.0,11,0.2389,Граница выборки (4-е колено): исходящие не видны; получено 16 тыс. ₸ от 1 плательщика,False,4,True,1,0,16400.0,0.0,1,0,0.0,,7,0,0.0,1,False,False
100000003097324100,terminal,1.0,4,0.4953,"Деньги оседают: получено 294 тыс. ₸ от 2 плательщиков, исходящих ≥5 тыс. ₸ нет (узел раскрыт обходом)",False,3,False,2,0,294000.0,0.0,2,0,0.0,,9,0,0.0,2,False,False
100000003097947100,peripheral,1.0,3,0.2691,Граница выборки (4-е колено): исходящие не видны; получено 53 тыс. ₸ от 1 плательщика,False,4,True,1,0,52980.0,0.0,1,0,0.0,,7,0,0.0,1,False,False
100000003102157100,peripheral,1.0,1,0.2813,"Признаков роли нет: связи 1 вх./0 исх., оборот 97 тыс. ₸",False,1,False,1,0,96746.0,0.0,2,0,0.0,,7,1,0.0,1,False,False
100000003104347100,peripheral,1.0,24,0.5339,"Признаков роли нет: связи 1 вх./1 исх., оборот 418 тыс. ₸; блокировка отсекает 450 тыс. ₸",False,2,False,1,1,418000.0,32000.0,1,1,0.0766,21.0,7,0,1.9e-05,1,False,False
100000003105089100,peripheral,1.0,21,0.2304,Граница выборки (4-е колено): исходящие не видны; получено 10 тыс. ₸ от 1 плательщика,False,4,True,1,0,10000.0,0.0,1,0,0.0,,7,0,0.0,1,False,False
100000003105929100,peripheral,1.0,7,0.5397,"Признаков роли нет: связи 1 вх./1 исх., оборот 430 тыс. ₸; блокировка отсекает 586 тыс. ₸",False,3,False,1,1,429567.0,156354.0,2,1,0.364,,7,0,1.9e-05,1,False,False
100000003109805100,peripheral,1.0,18,0.2593,"Признаков роли нет: связи 1 вх./0 исх., оборот 37 тыс. ₸",False,3,False,1,0,36929.0,0.0,1,0,0.0,,7,0,0.0,1,False,False
100000003111305100,terminal,1.0,9,0.5209,"Деньги оседают: получено 509 тыс. ₸ от 4 плательщиков, исходящих ≥5 тыс. ₸ нет (узел раскрыт обходом)",False,3,False,4,0,509338.0,0.0,4,0,0.0,,8,0,0.0,2,False,False
100000003112436100,peripheral,1.0,8,0.2826,"Признаков роли нет: связи 1 вх./0 исх., оборот 100 тыс. ₸",False,2,False,1,0,100000.0,0.0,1,0,0.0,,7,0,0.0,1,False,False
100000003112578100,peripheral,1.0,13,0.2836,"Признаков роли нет: связи 1 вх./0 исх., оборот 101 тыс. ₸",False,3,False,1,0,101080.0,0.0,1,0,0.0,,2,0,0.0,1,False,False
100000003115284100,consolidator,1.0,15,0.9588,"Признаки консолидации: 8 плательщиков (курьеров: 2), вход 2,2 млн ₸, дальше 2 получ., удержано 76%; синхронный сбор: 7 плат. в 1 день; блокировка отсекает 2,8 млн ₸",False,1,False,8,2,2160500.0,517000.0,15,4,0.2393,0.0,11,2,0.000128,7,True,False
100000003116106100,terminal,1.0,7,0.4355,"Деньги оседают: получено 494 тыс. ₸ от 1 плательщика, исходящих ≥5 тыс. ₸ нет (узел раскрыт обходом)",False,3,False,1,0,494050.0,0.0,2,0,0.0,,7,0,0.0,1,False,False
100000003119550100,peripheral,1.0,5,0.2454,"Признаков роли нет: связи 1 вх./0 исх., оборот 21 тыс. ₸",False,1,False,1,0,21000.0,0.0,1,0,0.0,,1,1,0.0,1,False,False
100000003122817100,terminal,1.0,28,0.4338,"Деньги оседают: получено 445 тыс. ₸ от 1 плательщика, исходящих ≥5 тыс. ₸ нет (узел раскрыт обходом)",False,3,False,1,0,444680.0,0.0,1,0,0.0,,7,0,0.0,1,False,False
100000003123296100,peripheral,1.0,16,0.2788,"Признаков роли нет: связи 1 вх./0 исх., оборот 86 тыс. ₸",False,1,False,1,0,86200.0,0.0,2,0,0.0,,1,1,0.0,1,False,False
100000003125997100,peripheral,1.0,4,0.2791,Граница выборки (4-е колено): исходящие не видны; получено 88 тыс. ₸ от 1 плательщика,False,4,True,1,0,87750.0,0.0,1,0,0.0,,8,0,0.0,1,False,False
100000003128638100,peripheral,1.0,4,0.3032,Граница выборки (4-е колено): исходящие не видны; получено 300 тыс. ₸ от 1 плательщика,False,4,True,1,0,300000.0,0.0,1,0,0.0,,8,0,0.0,1,False,False
100000003131016100,peripheral,1.0,3,0.4709,"Признаков роли нет: связи 1 вх./1 исх., оборот 406 тыс. ₸; в ядре-кольце из 85; блокировка отсекает 532 тыс. ₸",False,2,False,1,1,405700.0,126000.0,7,4,0.3106,4.0,7,0,0.0,1,True,False
100000003131693100,terminal,1.0,8,0.4308,"Деньги оседают: получено 353 тыс. ₸ от 1 плательщика, исходящих ≥5 тыс. ₸ нет (узел раскрыт обходом)",False,1,False,1,0,353277.0,0.0,1,0,0.0,,10,1,0.0,1,False,False
100000003132484100,peripheral,1.0,12,0.2796,"Признаков роли нет: связи 1 вх./0 исх., оборот 90 тыс. ₸",False,3,False,1,0,90000.0,0.0,1,0,0.0,,1,0,0.0,1,False,False
100000003133045100,peripheral,1.0,31,0.2741,Граница выборки (4-е колено): исходящие не видны; получено 68 тыс. ₸ от 1 плательщика,False,4,True,1,0,68000.0,0.0,1,0,0.0,,7,0,0.0,1,False,False
100000003134474100,peripheral,1.0,7,0.2857,"Признаков роли нет: связи 1 вх./0 исх., оборот 116 тыс. ₸",False,3,False,1,0,116000.0,0.0,1,0,0.0,,7,0,0.0,1,False,False
100000003134550100,peripheral,1.0,4,0.2826,Граница выборки (4-е колено): исходящие не видны; получено 100 тыс. ₸ от 1 плательщика,False,4,True,1,0,100000.0,0.0,1,0,0.0,,8,0,0.0,1,False,False
100000003134934100,terminal,1.0,3,0.5163,"Деньги оседают: получено 379 тыс. ₸ от 4 плательщиков, исходящих ≥5 тыс. ₸ нет (узел раскрыт обходом)",False,2,False,4,0,379354.0,0.0,4,0,0.0,,9,0,0.0,2,False,False
100000003134937100,peripheral,1.0,2,0.232,"Признаков роли нет: связи 1 вх./0 исх., оборот 10 тыс. ₸",False,1,False,1,0,10286.0,0.0,1,0,0.0,,7,1,0.0,1,False,False
100000003146511100,peripheral,1.0,1,0.2304,Граница выборки (4-е колено): исходящие не видны; получено 10 тыс. ₸ от 1 плательщика,False,4,True,1,0,10000.0,0.0,1,0,0.0,,7,0,0.0,1,False,False
100000003147719100,peripheral,1.0,4,0.2826,"Признаков роли нет: связи 1 вх./0 исх., оборот 100 тыс. ₸",False,3,False,1,0,100000.0,0.0,1,0,0.0,,9,0,0.0,1,False,False
100000003148220100,transit,1.0,43,0.618,Признаки транзита: ушло 43 тыс. ₸ при видимом входе 6 тыс. ₸ за ~2 дн. — приток вне выборки,False,1,False,1,2,5650.0,43400.0,1,4,7.6814,2.0,1,1,0.0,1,True,True
100000003149149100,terminal,1.0,7,0.4244,"Деньги оседают: получено 245 тыс. ₸ от 1 плательщика, исходящих ≥5 тыс. ₸ нет (узел раскрыт обходом)",False,3,False,1,0,245000.0,0.0,1,0,0.0,,7,0,0.0,1,False,False
100000003152964100,peripheral,1.0,3,0.491,"Признаков роли нет: связи 1 вх./1 исх., оборот 142 тыс. ₸; блокировка отсекает 147 тыс. ₸",False,3,False,1,1,141847.0,5500.0,1,1,0.0388,3.0,7,0,1.9e-05,1,False,False
100000003154105100,transit,1.0,21,0.7244,Признаки транзита: ушло 338 тыс. ₸ при видимом входе 60 тыс. ₸ за ~0 дн. — приток вне выборки; блокировка отсекает 398 тыс. ₸,False,3,False,1,7,60000.0,338000.0,1,9,5.6333,0.0,7,0,0.00014,1,False,True
100000003157333100,peripheral,1.0,9,0.2549,"Признаков роли нет: связи 1 вх./0 исх., оборот 30 тыс. ₸",False,2,False,1,0,30000.0,0.0,1,0,0.0,,1,0,0.0,1,False,False
100000003157679100,terminal,1.0,4,0.5216,"Деньги оседают: получено 541 тыс. ₸ от 4 плательщиков, исходящих ≥5 тыс. ₸ нет (узел раскрыт обходом)",False,3,False,4,0,541000.0,0.0,4,0,0.0,,9,0,0.0,2,False,False
100000003158727100,terminal,1.0,14,0.5109,"Деньги оседают: получено 368 тыс. ₸ от 3 плательщиков, исходящих ≥5 тыс. ₸ нет (узел раскрыт обходом)",False,1,False,3,0,367940.0,0.0,3,0,0.0,,9,1,0.0,2,False,False
100000003159641100,peripheral,0.84,2,0.634,"Признаков роли нет: связи 4 вх./1 исх., оборот 198 тыс. ₸; блокировка отсекает 897 тыс. ₸",False,2,False,4,1,64000.0,197800.0,7,1,3.0906,4.0,7,0,5.9e-05,1,False,True
100000003163256100,peripheral,1.0,2,0.4145,"Признаков роли нет: связи 1 вх./1 исх., оборот 15 тыс. ₸",False,1,False,1,1,13485.0,15000.0,1,1,1.1123,,7,1,1.9e-05,1,False,False
100000003163886100,terminal,1.0,8,0.4358,"Деньги оседают: получено 500 тыс. ₸ от 1 плательщика, исходящих ≥5 тыс. ₸ нет (узел раскрыт обходом)",False,3,False,1,0,500000.0,0.0,1,0,0.0,,10,0,0.0,1,False,False
100000003164661100,terminal,1.0,29,0.4378,"Деньги оседают: получено 596 тыс. ₸ от 1 плательщика, исходящих ≥5 тыс. ₸ нет (узел раскрыт обходом)",False,3,False,1,0,596200.0,0.0,3,0,0.0,,1,0,0.0,1,False,False
100000003166017100,peripheral,1.0,11,0.2366,Граница выборки (4-е колено): исходящие не видны; получено 15 тыс. ₸ от 1 плательщика,False,4,True,1,0,15000.0,0.0,1,0,0.0,,7,0,0.0,1,False,False
100000003166755100,peripheral,1.0,19,0.2485,"Признаков роли нет: связи 1 вх./0 исх., оборот 24 тыс. ₸",False,2,False,1,0,24010.0,0.0,1,0,0.0,,7,0,0.0,1,False,False
100000003171006100,terminal,1.0,4,0.5029,"Деньги оседают: получено 485 тыс. ₸ от 2 плательщиков, исходящих ≥5 тыс. ₸ нет (узел раскрыт обходом)",False,3,False,2,0,485000.0,0.0,2,0,0.0,,9,0,0.0,2,False,False
100000003171587100,peripheral,1.0,22,0.6355,"Признаков роли нет: связи 2 вх./2 исх., оборот 700 тыс. ₸; блокировка отсекает 1,1 млн ₸",False,3,False,2,2,700000.0,431300.0,2,7,0.6161,4.0,7,0,3.9e-05,2,False,False
100000003173783100,peripheral,1.0,13,0.2473,Граница выборки (4-е колено): исходящие не видны; получено 24 тыс. ₸ от 1 плательщика,False,4,True,1,0,23500.0,0.0,2,0,0.0,,7,0,0.0,1,False,False
100000003177533100,peripheral,1.0,17,0.2437,Граница выборки (4-е колено): исходящие не видны; получено 20 тыс. ₸ от 1 плательщика,False,4,True,1,0,20000.0,0.0,3,0,0.0,,7,0,0.0,1,False,False
100000003178549100,peripheral,1.0,18,0.6092,"Признаков роли нет: связи 2 вх./4 исх., оборот 250 тыс. ₸; в ядре-кольце из 85; блокировка отсекает 339 тыс. ₸",False,3,False,2,4,250000.0,89080.0,2,4,0.3563,,7,0,0.000272,1,True,False
100000003180305100,peripheral,1.0,3,0.2894,Граница выборки (4-е колено): исходящие не видны; получено 144 тыс. ₸ от 1 плательщика,False,4,True,1,0,144000.0,0.0,1,0,0.0,,7,0,0.0,1,False,False
100000003180820100,peripheral,1.0,4,0.2835,Граница выборки (4-е колено): исходящие не видны; получено 101 тыс. ₸ от 1 плательщика,False,4,True,1,0,101000.0,0.0,1,0,0.0,,8,0,0.0,1,False,False
100000003186579100,peripheral,1.0,3,0.2849,Граница выборки (4-е колено): исходящие не видны; получено 110 тыс. ₸ от 1 плательщика,False,4,True,1,0,110000.0,0.0,2,0,0.0,,7,0,0.0,1,False,False
100000003187359100,peripheral,1.0,5,0.2423,"Признаков роли нет: связи 1 вх./0 исх., оборот 19 тыс. ₸",False,1,False,1,0,19072.0,0.0,1,0,0.0,,1,1,0.0,1,False,False
100000003188607100,peripheral,1.0,14,0.4114,"Признаков роли нет: связи 1 вх./1 исх., оборот 18 тыс. ₸",False,2,False,1,1,18000.0,5000.0,1,1,0.2778,,1,0,1e-06,1,False,False
100000003190207100,transit,1.0,15,0.7106,Признаки транзита: ушло 377 тыс. ₸ при видимом входе 5 тыс. ₸ за ~2 дн. — приток вне выборки; блокировка отсекает 382 тыс. ₸,False,3,False,1,1,5000.0,377000.0,1,8,75.4,2.0,8,0,2.1e-05,1,False,True
100000003191430100,peripheral,0.66,2,0.2933,"Признаков роли нет: связи 1 вх./0 исх., оборот 180 тыс. ₸",False,2,False,1,0,180000.0,0.0,1,0,0.0,,7,0,0.0,1,False,False
100000003192220100,peripheral,1.0,2,0.272,"Признаков роли нет: связи 1 вх./0 исх., оборот 60 тыс. ₸",False,2,False,1,0,60000.0,0.0,2,0,0.0,,7,0,0.0,1,False,False
100000003192309100,peripheral,1.0,6,0.5016,"Признаков роли нет: связи 1 вх./1 исх., оборот 213 тыс. ₸; блокировка отсекает 230 тыс. ₸",False,3,False,1,1,17200.0,213000.0,1,1,12.3837,16.0,1,0,1e-06,1,False,True
100000003194831100,peripheral,1.0,9,0.2262,Граница выборки (4-е колено): исходящие не видны; получено 6 тыс. ₸ от 1 плательщика,False,4,True,1,0,6265.0,0.0,1,0,0.0,,1,0,0.0,1,False,False
100000003199390100,peripheral,1.0,7,0.3001,Граница выборки (4-е колено): исходящие не видны; получено 260 тыс. ₸ от 1 плательщика,False,4,True,1,0,260000.0,0.0,1,0,0.0,,7,0,0.0,1,False,False
100000003200071100,peripheral,1.0,46,0.0974,"Признаков роли нет: связи 0 вх./1 исх., оборот 30 тыс. ₸; курьер из исходного списка",True,0,False,0,1,0.0,30000.0,0,1,,,0,0,0.0,0,False,False
100000003204491100,peripheral,0.82,3,0.5015,"Признаков роли нет: связи 1 вх./1 исх., оборот 140 тыс. ₸; блокировка отсекает 240 тыс. ₸",False,3,False,1,1,140000.0,100000.0,1,2,0.7143,0.0,7,0,1.9e-05,1,False,False
100000003205210100,peripheral,1.0,8,0.2882,"Признаков роли нет: связи 1 вх./0 исх., оборот 138 тыс. ₸",False,1,False,1,0,137563.0,0.0,1,0,0.0,,10,1,0.0,1,False,False
100000003207060100,peripheral,1.0,3,0.2692,Граница выборки (4-е колено): исходящие не видны; получено 53 тыс. ₸ от 1 плательщика,False,4,True,1,0,53000.0,0.0,1,0,0.0,,7,0,0.0,1,False,False
100000003213473100,transit,1.0,10,0.7094,Признаки транзита: ушло 240 тыс. ₸ при видимом входе 58 тыс. ₸ за ~2 дн. — приток вне выборки; в ядре-кольце из 85; блокировка отсекает 298 тыс. ₸,False,3,False,1,11,57500.0,240000.0,2,12,4.1739,2.0,7,0,0.00011,1,True,True
100000003214786100,peripheral,1.0,3,0.2236,Граница выборки (4-е колено): исходящие не видны; получено 5 тыс. ₸ от 1 плательщика,False,4,True,1,0,5000.0,0.0,1,0,0.0,,7,0,0.0,1,False,False
100000003215448100,transit,1.0,3,0.6827,Признаки транзита: ушло 124 тыс. ₸ при видимом входе 91 тыс. ₸ за ~1 дн. — приток вне выборки; блокировка отсекает 215 тыс. ₸,False,3,False,1,2,91309.0,124000.0,1,4,1.358,1.0,7,0,3.8e-05,1,False,True
100000003216073100,transit,0.96,22,0.6355,Признаки транзита: ушло 70 тыс. ₸ при видимом входе 37 тыс. ₸ за ~3 дн. — приток вне выборки; блокировка отсекает 107 тыс. ₸,False,3,False,1,1,37001.0,70000.0,1,1,1.8918,3.0,1,0,1e-06,1,False,True
100000003218308100,peripheral,1.0,10,0.2327,"Признаков роли нет: связи 1 вх./0 исх., оборот 11 тыс. ₸",False,3,False,1,0,11165.0,0.0,1,0,0.0,,7,0,0.0,1,False,False
100000003219438100,peripheral,1.0,20,0.2568,"Признаков роли нет: связи 1 вх./0 исх., оборот 32 тыс. ₸",False,2,False,1,0,32000.0,0.0,1,0,0.0,,7,0,0.0,1,False,False
100000003220685100,peripheral,1.0,7,0.3182,"Граница выборки (4-е колено): исходящие не видны; получено 1,3 млн ₸ от 1 плательщика",False,4,True,1,0,1306000.0,0.0,2,0,0.0,,7,0,0.0,1,False,False
100000003221384100,terminal,1.0,2,0.4364,"Деньги оседают: получено 511 тыс. ₸ от 1 плательщика, исходящих ≥5 тыс. ₸ нет (узел раскрыт обходом)",False,2,False,1,0,511200.0,0.0,1,0,0.0,,7,0,0.0,1,False,False
100000003221510100,peripheral,1.0,10,0.4977,"Признаков роли нет: связи 1 вх./2 исх., оборот 120 тыс. ₸; блокировка отсекает 144 тыс. ₸",False,3,False,1,2,24000.0,120000.0,1,3,5.0,,7,0,3.8e-05,1,False,True
100000003230328100,peripheral,1.0,1,0.3318,Граница выборки (4-е колено): исходящие не видны; получено 27 тыс. ₸ от 3 плательщиков,False,4,True,3,0,26572.0,0.0,3,0,0.0,,7,0,0.0,1,False,False
100000003230329100,peripheral,1.0,4,0.2849,Граница выборки (4-е колено): исходящие не видны; получено 110 тыс. ₸ от 1 плательщика,False,4,True,1,0,110000.0,0.0,1,0,0.0,,8,0,0.0,1,False,False
100000003232675100,peripheral,1.0,1,0.2624,Граница выборки (4-е колено): исходящие не видны; получено 44 тыс. ₸ от 1 плательщика,False,4,True,1,0,44000.0,0.0,2,0,0.0,,7,0,0.0,1,False,False
100000003235780100,peripheral,1.0,10,0.341,"Признаков роли нет: связи 2 вх./0 исх., оборот 65 тыс. ₸",False,1,False,2,0,65000.0,0.0,2,0,0.0,,7,1,0.0,1,False,False
100000003237045100,peripheral,1.0,2,0.4666,"Признаков роли нет: связи 1 вх./1 исх., оборот 340 тыс. ₸; в ядре-кольце из 85; блокировка отсекает 490 тыс. ₸",False,2,False,1,1,340200.0,150000.0,2,1,0.4409,,7,0,0.0,1,True,False
100000003239379100,peripheral,1.0,16,0.2803,"Признаков роли нет: связи 1 вх./0 исх., оборот 92 тыс. ₸",False,1,False,1,0,92500.0,0.0,1,0,0.0,,1,1,0.0,1,False,False
100000003239859100,peripheral,1.0,16,0.2419,"Признаков роли нет: связи 1 вх./0 исх., оборот 19 тыс. ₸",False,1,False,1,0,18600.0,0.0,1,0,0.0,,1,1,0.0,1,False,False
100000003241965100,peripheral,1.0,11,0.2366,"Признаков роли нет: связи 1 вх./0 исх., оборот 15 тыс. ₸",False,3,False,1,0,15000.0,0.0,1,0,0.0,,7,0,0.0,1,False,False
100000003242289100,distributor,0.94,18,0.9046,"Признаки веерной раздачи: 23 получателя, отправлено 2,4 млн ₸; в ядре-кольце из 85; блокировка отсекает 3,4 млн ₸",False,2,False,3,23,550791.0,2377741.0,8,26,4.317,0.5,7,0,0.001001,2,True,True
100000003242795100,peripheral,1.0,7,0.2851,"Признаков роли нет: связи 1 вх./0 исх., оборот 111 тыс. ₸",False,3,False,1,0,111000.0,0.0,1,0,0.0,,7,0,0.0,1,False,False
100000003246024100,peripheral,1.0,3,0.463,"Признаков роли нет: связи 1 вх./1 исх., оборот 25 тыс. ₸; в ядре-кольце из 85",False,2,False,1,1,25000.0,5000.0,1,1,0.2,0.0,7,0,0.001612,1,True,False
100000003247600100,peripheral,1.0,1,0.2714,Граница выборки (4-е колено): исходящие не видны; получено 58 тыс. ₸ от 1 плательщика,False,4,True,1,0,58000.0,0.0,1,0,0.0,,7,0,0.0,1,False,False
100000003249054100,consolidator,1.0,1,0.8641,"Признаки консолидации: 7 плательщиков (курьеров: 0), вход 100 тыс. ₸, дальше 1 получ., удержано 85%; блокировка отсекает 173 тыс. ₸",False,2,False,7,1,99700.0,15000.0,11,1,0.1505,7.0,7,0,4e-05,2,False,False
100000003252446100,peripheral,1.0,4,0.2845,Граница выборки (4-е колено): исходящие не видны; получено 109 тыс. ₸ от 1 плательщика,False,4,True,1,0,108600.0,0.0,1,0,0.0,,8,0,0.0,1,False,False
100000003254277100,transit,0.9,10,0.6313,"Признаки транзита: пришло 49 тыс. ₸, ушло 91% за ~0 дн.; связи 1→1",False,3,False,1,1,49200.0,44997.0,1,1,0.9146,0.0,7,0,1.9e-05,1,False,False
100000003254723100,terminal,1.0,19,0.4262,"Деньги оседают: получено 270 тыс. ₸ от 1 плательщика, исходящих ≥5 тыс. ₸ нет (узел раскрыт обходом)",False,2,False,1,0,269850.0,0.0,6,0,0.0,,10,0,0.0,1,False,False
100000003265158100,transit,1.0,16,0.801,"Признаки транзита: пришло 146 тыс. ₸, ушло 106% за ~0 дн.; связи 3→2; блокировка отсекает 643 тыс. ₸",False,1,False,3,2,146100.4,154200.0,3,4,1.0554,0.0,9,2,0.000177,1,False,False
100000003265658100,peripheral,1.0,0,0.0,Нет переводов ≥5 тыс. ₸ внутри банка за июль; курьер из исходного списка,True,0,False,0,0,0.0,0.0,0,0,,,0,0,0.0,0,False,False
100000003270419100,peripheral,1.0,32,0.29,"Признаков роли нет: связи 1 вх./0 исх., оборот 150 тыс. ₸",False,3,False,1,0,150000.0,0.0,1,0,0.0,,10,0,0.0,1,False,False
100000003271151100,peripheral,1.0,3,0.287,"Признаков роли нет: связи 1 вх./0 исх., оборот 127 тыс. ₸",False,3,False,1,0,127294.0,0.0,1,0,0.0,,7,0,0.0,1,False,False
100000003275398100,peripheral,1.0,26,0.4549,"Признаков роли нет: связи 1 вх./1 исх., оборот 300 тыс. ₸; блокировка отсекает 320 тыс. ₸",False,2,False,1,1,300000.0,20000.0,1,1,0.0667,,1,0,0.0,1,False,False
100000003278020100,peripheral,0.6,1,0.2944,"Признаков роли нет: связи 1 вх./0 исх., оборот 190 тыс. ₸",False,2,False,1,0,190000.0,0.0,1,0,0.0,,7,0,0.0,1,False,False
100000003284932100,peripheral,1.0,8,0.2743,"Признаков роли нет: связи 1 вх./0 исх., оборот 70 тыс. ₸",False,1,False,1,0,69925.0,0.0,1,0,0.0,,10,1,0.0,1,False,False
100000003286537100,peripheral,1.0,4,0.3582,"Признаков роли нет: связи 2 вх./0 исх., оборот 153 тыс. ₸",False,3,False,2,0,153000.0,0.0,2,0,0.0,,8,0,0.0,2,False,False
100000003289281100,peripheral,1.0,3,0.2608,Граница выборки (4-е колено): исходящие не видны; получено 40 тыс. ₸ от 1 плательщика,False,4,True,1,0,40000.0,0.0,1,0,0.0,,7,0,0.0,1,False,False
100000003289405100,terminal,1.0,8,0.4308,"Деньги оседают: получено 355 тыс. ₸ от 1 плательщика, исходящих ≥5 тыс. ₸ нет (узел раскрыт обходом)",False,2,False,1,0,355000.0,0.0,1,0,0.0,,1,0,0.0,1,False,False
100000003292191100,peripheral,1.0,4,0.2852,"Признаков роли нет: связи 1 вх./0 исх., оборот 112 тыс. ₸",False,3,False,1,0,112000.0,0.0,1,0,0.0,,8,0,0.0,1,False,False
100000003292979100,peripheral,1.0,8,0.2658,"Признаков роли нет: связи 1 вх./0 исх., оборот 49 тыс. ₸",False,2,False,1,0,48950.0,0.0,1,0,0.0,,10,0,0.0,1,False,False
100000003293377100,peripheral,1.0,7,0.2672,"Признаков роли нет: связи 1 вх./0 исх., оборот 50 тыс. ₸",False,3,False,1,0,50000.0,0.0,1,0,0.0,,7,0,0.0,1,False,False
100000003299365100,transit,1.0,8,0.6282,"Признаки транзита: пришло 200 тыс. ₸, ушло 100% за ~0 дн.; связи 1→1; блокировка отсекает 400 тыс. ₸",False,1,False,1,1,200000.0,200000.0,1,1,1.0,0.0,10,1,0.0,1,True,False
100000003321423100,peripheral,1.0,15,0.2826,"Признаков роли нет: связи 1 вх./0 исх., оборот 100 тыс. ₸",False,2,False,1,0,100000.0,0.0,2,0,0.0,,8,0,0.0,1,False,False
100000003321895100,peripheral,1.0,2,0.5556,"Признаков роли нет: связи 1 вх./2 исх., оборот 554 тыс. ₸; блокировка отсекает 578 тыс. ₸",False,3,False,1,2,24000.0,553830.0,1,3,23.0763,11.0,7,0,4e-05,1,False,True
100000003336565100,peripheral,1.0,5,0.2392,"Признаков роли нет: связи 1 вх./0 исх., оборот 17 тыс. ₸",False,2,False,1,0,16550.0,0.0,1,0,0.0,,1,0,0.0,1,False,False
100000003338583100,peripheral,1.0,26,0.246,"Признаков роли нет: связи 1 вх./0 исх., оборот 22 тыс. ₸",False,3,False,1,0,21765.0,0.0,1,0,0.0,,1,0,0.0,1,False,False
100000003345947100,peripheral,1.0,17,0.2771,Граница выборки (4-е колено): исходящие не видны; получено 80 тыс. ₸ от 1 плательщика,False,4,True,1,0,79500.0,0.0,6,0,0.0,,7,0,0.0,1,False,False
100000003349739100,peripheral,1.0,0,0.0,Нет переводов ≥5 тыс. ₸ внутри банка за июль; курьер из исходного списка,True,0,False,0,0,0.0,0.0,0,0,,,0,0,0.0,0,False,False
100000003360542100,peripheral,1.0,15,0.585,"Признаков роли нет: связи 2 вх./2 исх., оборот 317 тыс. ₸; блокировка отсекает 369 тыс. ₸",False,2,False,2,2,317000.0,51800.0,3,5,0.1634,1.5,11,0,1e-06,1,True,False
100000003366154100,transit,1.0,8,0.7181,Признаки транзита: ушло 289 тыс. ₸ при видимом входе 125 тыс. ₸ за ~0 дн. — приток вне выборки; блокировка отсекает 414 тыс. ₸,False,1,False,1,3,125000.0,289170.0,1,3,2.3134,0.0,10,1,6.1e-05,1,False,True
100000003366471100,peripheral,1.0,3,0.5919,"Признаков роли нет: связи 2 вх./1 исх., оборот 330 тыс. ₸; блокировка отсекает 350 тыс. ₸",False,3,False,2,1,329789.0,20000.0,5,1,0.0606,22.0,7,0,1.9e-05,2,False,False
100000003370425100,peripheral,1.0,1,0.2437,Граница выборки (4-е колено): исходящие не видны; получено 20 тыс. ₸ от 1 плательщика,False,4,True,1,0,20000.0,0.0,1,0,0.0,,7,0,0.0,1,False,False
100000003377795100,peripheral,1.0,14,0.2268,"Признаков роли нет: связи 1 вх./0 исх., оборот 7 тыс. ₸",False,1,False,1,0,7000.0,0.0,1,0,0.0,,1,1,0.0,1,False,False
100000003390036100,peripheral,1.0,15,0.6008,"Признаков роли нет: связи 2 вх./2 исх., оборот 231 тыс. ₸; блокировка отсекает 318 тыс. ₸",False,2,False,2,2,231300.0,62000.0,4,2,0.2681,0.0,11,0,7.8e-05,1,True,False
100000003404627100,terminal,1.0,1,0.5258,"Деньги оседают: получено 878 тыс. ₸ от 4 плательщиков, исходящих ≥5 тыс. ₸ нет (узел раскрыт обходом); синхронный сбор: 3 плат. в 1 день",False,1,False,4,0,877700.0,0.0,5,0,0.0,,11,1,0.0,3,False,False
100000003406094100,peripheral,0.92,2,0.4838,"Признаков роли нет: связи 1 вх./3 исх., оборот 70 тыс. ₸; блокировка отсекает 117 тыс. ₸",False,3,False,1,3,70000.0,47000.0,4,3,0.6714,3.0,7,0,3.9e-05,1,True,False
100000003447411100,peripheral,1.0,17,0.3036,Граница выборки (4-е колено): исходящие не видны; получено 302 тыс. ₸ от 1 плательщика,False,4,True,1,0,302000.0,0.0,3,0,0.0,,7,0,0.0,1,False,False
100000003448713100,peripheral,1.0,17,0.3007,Граница выборки (4-е колено): исходящие не видны; получено 267 тыс. ₸ от 1 плательщика,False,4,True,1,0,266750.0,0.0,1,0,0.0,,7,0,0.0,1,False,False
100000003449074100,peripheral,1.0,1,0.2304,"Признаков роли нет: связи 1 вх./0 исх., оборот 10 тыс. ₸",False,1,False,1,0,10000.0,0.0,1,0,0.0,,7,1,0.0,1,False,False
100000003457710100,transit,1.0,7,0.7409,"Признаки транзита: ушло 1,3 млн ₸ при видимом входе 327 тыс. ₸ за ~0 дн. — приток вне выборки; блокировка отсекает 1,6 млн ₸",False,3,False,1,1,326555.0,1306000.0,1,2,3.9993,0.0,7,0,1.9e-05,1,False,True
100000003470579100,peripheral,1.0,28,0.3057,Граница выборки (4-е колено): исходящие не видны; получено 357 тыс. ₸ от 1 плательщика,False,4,True,1,0,357000.0,0.0,2,0,0.0,,7,0,0.0,1,False,False
100000003476560100,peripheral,1.0,8,0.2672,"Признаков роли нет: связи 1 вх./0 исх., оборот 50 тыс. ₸",False,1,False,1,0,50000.0,0.0,1,0,0.0,,10,1,0.0,1,False,False
100000003481025100,peripheral,1.0,1,0.2284,Граница выборки (4-е колено): исходящие не видны; получено 9 тыс. ₸ от 1 плательщика,False,4,True,1,0,9000.0,0.0,1,0,0.0,,7,0,0.0,1,False,False
100000003484058100,peripheral,1.0,12,0.4824,"Признаков роли нет: связи 1 вх./1 исх., оборот 110 тыс. ₸; блокировка отсекает 116 тыс. ₸",False,3,False,1,1,110000.0,6000.0,1,1,0.0545,13.0,7,0,1.9e-05,1,False,False
100000003486846100,peripheral,1.0,2,0.2525,Граница выборки (4-е колено): исходящие не видны; получено 27 тыс. ₸ от 1 плательщика,False,4,True,1,0,27000.0,0.0,2,0,0.0,,7,0,0.0,1,False,False
100000003486970100,peripheral,1.0,7,0.29,"Признаков роли нет: связи 1 вх./0 исх., оборот 150 тыс. ₸",False,3,False,1,0,150000.0,0.0,1,0,0.0,,7,0,0.0,1,False,False
100000003497735100,peripheral,1.0,23,0.2868,"Признаков роли нет: связи 1 вх./0 исх., оборот 125 тыс. ₸",False,3,False,1,0,125000.0,0.0,1,0,0.0,,7,0,0.0,1,False,False
100000003500764100,peripheral,1.0,18,0.2454,Граница выборки (4-е колено): исходящие не видны; получено 21 тыс. ₸ от 1 плательщика,False,4,True,1,0,21000.0,0.0,1,0,0.0,,7,0,0.0,1,False,False
100000003509750100,transit,0.96,9,0.7303,"Признаки транзита: пришло 82 тыс. ₸, ушло 95% за ~2,5 дн.; связи 3→3; блокировка отсекает 161 тыс. ₸",False,2,False,3,3,82290.0,78400.0,4,5,0.9527,2.5,1,0,2e-06,1,True,False
100000003528285100,transit,0.96,3,0.8236,Признаки транзита: ушло 548 тыс. ₸ при видимом входе 119 тыс. ₸ за ~3 дн. — приток вне выборки; блокировка отсекает 667 тыс. ₸,False,3,False,4,4,118870.0,548000.0,5,6,4.6101,3.0,7,0,0.000115,1,False,True
100000003557488100,peripheral,1.0,30,0.5552,"Признаков роли нет: связи 1 вх./2 исх., оборот 665 тыс. ₸; блокировка отсекает 803 тыс. ₸",False,3,False,1,2,664992.0,138000.0,3,4,0.2075,0.0,7,0,2e-05,1,True,False
100000003561031100,peripheral,1.0,3,0.4099,"Признаков роли нет: связи 1 вх./1 исх., оборот 13 тыс. ₸",False,3,False,1,1,13300.0,5000.0,1,1,0.3759,,7,0,1.9e-05,1,False,False
100000003567087100,peripheral,1.0,5,0.2728,"Признаков роли нет: связи 1 вх./0 исх., оборот 62 тыс. ₸",False,1,False,1,0,62115.0,0.0,1,0,0.0,,1,1,0.0,1,False,False
100000003568904100,peripheral,1.0,1,0.2659,Граница выборки (4-е колено): исходящие не видны; получено 49 тыс. ₸ от 1 плательщика,False,4,True,1,0,49000.0,0.0,1,0,0.0,,7,0,0.0,1,False,False
100000003574895100,peripheral,0.78,10,0.4372,"Признаков роли нет: связи 1 вх./1 исх., оборот 28 тыс. ₸",False,3,False,1,1,27968.0,20000.0,1,1,0.7151,0.0,7,0,1.9e-05,1,False,False
100000003581109100,peripheral,1.0,10,0.2621,"Признаков роли нет: связи 1 вх./0 исх., оборот 43 тыс. ₸",False,3,False,1,0,42750.0,0.0,1,0,0.0,,7,0,0.0,1,False,False
100000003582677100,peripheral,1.0,1,0.5528,"Признаков роли нет: связи 2 вх./4 исх., оборот 56 тыс. ₸; в ядре-кольце из 85",False,3,False,2,4,29756.99,56000.0,2,5,1.8819,9.0,7,0,0.000179,1,True,True
100000003589877100,transit,1.0,17,0.8005,Признаки транзита: ушло 416 тыс. ₸ при видимом входе 176 тыс. ₸ за ~0 дн. — приток вне выборки; блокировка отсекает 602 тыс. ₸,False,1,False,2,6,176000.0,416129.0,2,6,2.3644,0.0,9,1,9.5e-05,1,False,True
100000003594472100,peripheral,1.0,30,0.2437,"Признаков роли нет: связи 1 вх./0 исх., оборот 20 тыс. ₸",False,3,False,1,0,20000.0,0.0,1,0,0.0,,7,0,0.0,1,False,False
100000003603979100,peripheral,0.94,26,0.2919,"Признаков роли нет: связи 1 вх./0 исх., оборот 165 тыс. ₸",False,2,False,1,0,165000.0,0.0,3,0,0.0,,1,0,0.0,1,False,False
100000003610172100,peripheral,1.0,7,0.2747,"Признаков роли нет: связи 1 вх./0 исх., оборот 70 тыс. ₸",False,3,False,1,0,70000.0,0.0,1,0,0.0,,7,0,0.0,1,False,False
100000003616818100,peripheral,1.0,26,0.5908,"Признаков роли нет: связи 3 вх./3 исх., оборот 240 тыс. ₸; блокировка отсекает 318 тыс. ₸",False,1,False,3,3,78000.0,240100.0,4,8,3.0782,5.0,1,1,2e-06,1,True,True
100000003617552100,peripheral,1.0,29,0.2497,"Признаков роли нет: связи 1 вх./0 исх., оборот 25 тыс. ₸",False,2,False,1,0,25000.0,0.0,1,0,0.0,,1,0,0.0,1,False,False
100000003622955100,peripheral,1.0,15,0.2366,Граница выборки (4-е колено): исходящие не видны; получено 15 тыс. ₸ от 1 плательщика,False,4,True,1,0,15000.0,0.0,1,0,0.0,,11,0,0.0,1,False,False
100000003626268100,peripheral,1.0,3,0.2236,Граница выборки (4-е колено): исходящие не видны; получено 5 тыс. ₸ от 1 плательщика,False,4,True,1,0,5000.0,0.0,1,0,0.0,,7,0,0.0,1,False,False
100000003631015100,peripheral,1.0,10,0.3006,Граница выборки (4-е колено): исходящие не видны; получено 266 тыс. ₸ от 1 плательщика,False,4,True,1,0,266000.0,0.0,1,0,0.0,,7,0,0.0,1,False,False
100000003632533100,peripheral,1.0,18,0.2304,Граница выборки (4-е колено): исходящие не видны; получено 10 тыс. ₸ от 1 плательщика,False,4,True,1,0,10000.0,0.0,1,0,0.0,,7,0,0.0,1,False,False
100000003635170100,transit,1.0,15,0.8107,"Признаки транзита: пришло 268 тыс. ₸, ушло 94% за ~2 дн.; связи 3→4; блокировка отсекает 629 тыс. ₸",False,1,False,3,4,268500.0,253500.0,13,10,0.9441,2.0,8,1,0.000188,2,True,False
100000003635660100,peripheral,1.0,3,0.242,"Признаков роли нет: связи 1 вх./0 исх., оборот 19 тыс. ₸",False,3,False,1,0,18985.0,0.0,1,0,0.0,,7,0,0.0,1,False,False
100000003636627100,peripheral,1.0,9,0.4032,"Признаков роли нет: связи 1 вх./1 исх., оборот 77 тыс. ₸",False,3,False,1,1,77000.0,10000.0,8,1,0.1299,12.0,7,0,0.0,1,True,False
100000003646145100,peripheral,1.0,9,0.2236,Граница выборки (4-е колено): исходящие не видны; получено 5 тыс. ₸ от 1 плательщика,False,4,True,1,0,5000.0,0.0,1,0,0.0,,8,0,0.0,1,False,False
100000003647799100,peripheral,1.0,7,0.2826,"Признаков роли нет: связи 1 вх./0 исх., оборот 100 тыс. ₸",False,3,False,1,0,100000.0,0.0,1,0,0.0,,7,0,0.0,1,False,False
100000003650146100,peripheral,1.0,2,0.2355,"Признаков роли нет: связи 1 вх./0 исх., оборот 14 тыс. ₸",False,3,False,1,0,14400.0,0.0,1,0,0.0,,7,0,0.0,1,False,False
100000003664994100,peripheral,1.0,19,0.3047,Граница выборки (4-е колено): исходящие не видны; получено 338 тыс. ₸ от 1 плательщика,False,4,True,1,0,338271.0,0.0,2,0,0.0,,7,0,0.0,1,False,False
100000003671721100,peripheral,1.0,14,0.2236,"Признаков роли нет: связи 1 вх./0 исх., оборот 5 тыс. ₸",False,3,False,1,0,5000.0,0.0,1,0,0.0,,9,0,0.0,1,False,False
100000003677936100,peripheral,1.0,10,0.4669,"Признаков роли нет: связи 1 вх./1 исх., оборот 71 тыс. ₸",False,3,False,1,1,71000.0,13000.0,1,2,0.1831,0.0,7,0,1.9e-05,1,False,False
100000003684369100,coordinator,1.0,8,0.4034,"Кандидат в координаторы: собирает от 24 плательщиков (3,8 млн ₸) и раздаёт 62 получателям (8,6 млн ₸); синхронный сбор: 6 плат. в 1 день",True,0,False,24,62,3848436.0,8588655.0,58,67,,0.0,9,1,0.002303,6,True,False
100000003692843100,peripheral,1.0,2,0.3111,Граница выборки (4-е колено): исходящие не видны; получено 510 тыс. ₸ от 1 плательщика,False,4,True,1,0,510000.0,0.0,2,0,0.0,,7,0,0.0,1,False,False
100000003696422100,peripheral,1.0,30,0.2858,Граница выборки (4-е колено): исходящие не видны; получено 118 тыс. ₸ от 1 плательщика,False,4,True,1,0,118000.0,0.0,2,0,0.0,,7,0,0.0,1,False,False
100000003701161100,peripheral,1.0,24,0.6798,"Признаков роли нет: связи 4 вх./3 исх., оборот 1,5 млн ₸; блокировка отсекает 2,6 млн ₸",False,1,False,4,3,1527103.0,349000.0,13,7,0.2285,1.5,7,1,0.000213,2,True,False
100000003711830100,peripheral,1.0,3,0.2672,"Признаков роли нет: связи 1 вх./0 исх., оборот 50 тыс. ₸",False,3,False,1,0,50000.0,0.0,1,0,0.0,,7,0,0.0,1,False,False
100000003713616100,peripheral,1.0,2,0.2382,"Признаков роли нет: связи 1 вх./0 исх., оборот 16 тыс. ₸",False,1,False,1,0,15893.0,0.0,1,0,0.0,,7,1,0.0,1,False,False
100000003718221100,transit,1.0,24,0.7994,Признаки транзита: ушло 424 тыс. ₸ при видимом входе 350 тыс. ₸ за ~1 дн. — приток вне выборки; блокировка отсекает 774 тыс. ₸,False,2,False,2,4,350000.0,423500.0,6,8,1.21,1.0,7,0,3.9e-05,1,True,True
100000003718715100,peripheral,1.0,19,0.3162,Граница выборки (4-е колено): исходящие не видны; получено 915 тыс. ₸ от 1 плательщика,False,4,True,1,0,915000.0,0.0,3,0,0.0,,7,0,0.0,1,False,False
100000003724440100,peripheral,1.0,1,0.3348,"Признаков роли нет: связи 2 вх./0 исх., оборот 50 тыс. ₸",False,2,False,2,0,50000.0,0.0,2,0,0.0,,7,0,0.0,1,False,False
100000003736419100,peripheral,1.0,3,0.4272,"Признаков роли нет: связи 1 вх./1 исх., оборот 23 тыс. ₸",False,3,False,1,1,23300.0,10000.0,1,1,0.4292,0.0,7,0,1.9e-05,1,False,False
100000003739818100,peripheral,1.0,8,0.2712,"Признаков роли нет: связи 1 вх./0 исх., оборот 57 тыс. ₸",False,1,False,1,0,57293.0,0.0,1,0,0.0,,10,1,0.0,1,False,False
100000003741418100,consolidator,1.0,1,0.8778,"Признаки консолидации: 9 плательщиков (курьеров: 0), вход 152 тыс. ₸, дальше 3 получ., удержано 74%; блокировка отсекает 192 тыс. ₸",False,2,False,9,3,151900.0,39920.0,13,3,0.2628,,7,0,5.3e-05,2,True,False
100000003747133100,transit,0.78,1,0.8225,"Признаки транзита: пришло 237 тыс. ₸, ушло 105% за ~3 дн.; связи 5→2; блокировка отсекает 2,8 млн ₸",False,2,False,5,2,237068.0,250000.0,8,2,1.0545,3.0,7,0,9.6e-05,2,False,False
100000003760160100,peripheral,1.0,7,0.284,"Признаков роли нет: связи 1 вх./0 исх., оборот 104 тыс. ₸",False,3,False,1,0,104470.0,0.0,1,0,0.0,,7,0,0.0,1,False,False
100000003770083100,peripheral,1.0,0,0.0,Нет переводов ≥5 тыс. ₸ внутри банка за июль; курьер из исходного списка,True,0,False,0,0,0.0,0.0,0,0,,,0,0,0.0,0,False,False
100000003781406100,peripheral,1.0,16,0.2633,"Признаков роли нет: связи 1 вх./0 исх., оборот 45 тыс. ₸",False,3,False,1,0,45000.0,0.0,2,0,0.0,,9,0,0.0,1,False,False
100000003782913100,peripheral,1.0,12,0.2957,Граница выборки (4-е колено): исходящие не видны; получено 200 тыс. ₸ от 1 плательщика,False,4,True,1,0,200000.0,0.0,1,0,0.0,,7,0,0.0,1,False,False
100000003786516100,peripheral,1.0,1,0.2236,Граница выборки (4-е колено): исходящие не видны; получено 5 тыс. ₸ от 1 плательщика,False,4,True,1,0,5000.0,0.0,1,0,0.0,,7,0,0.0,1,False,False
100000003792647100,peripheral,1.0,18,0.2275,Граница выборки (4-е колено): исходящие не видны; получено 8 тыс. ₸ от 1 плательщика,False,4,True,1,0,8000.0,0.0,1,0,0.0,,7,0,0.0,1,False,False
100000003795588100,terminal,1.0,3,0.4325,"Деньги оседают: получено 400 тыс. ₸ от 1 плательщика, исходящих ≥5 тыс. ₸ нет (узел раскрыт обходом)",False,3,False,1,0,400000.0,0.0,2,0,0.0,,7,0,0.0,1,False,False
100000003796063100,transit,1.0,1,0.7588,Признаки транзита: ушло 959 тыс. ₸ при видимом входе 35 тыс. ₸ за ~0 дн. — приток вне выборки; в ядре-кольце из 85; блокировка отсекает 994 тыс. ₸,False,3,False,1,15,35000.0,959150.0,1,23,27.4043,0.0,7,0,0.001179,1,True,True
100000003798151100,terminal,1.0,2,0.4306,"Деньги оседают: получено 350 тыс. ₸ от 1 плательщика, исходящих ≥5 тыс. ₸ нет (узел раскрыт обходом)",False,2,False,1,0,350000.0,0.0,3,0,0.0,,7,0,0.0,1,False,False
100000003809101100,peripheral,1.0,15,0.6155,"Признаков роли нет: связи 2 вх./2 исх., оборот 166 тыс. ₸; блокировка отсекает 695 тыс. ₸",False,1,False,2,2,166050.0,55200.0,3,4,0.3324,1.0,8,1,0.000133,1,True,False
100000003814002100,peripheral,1.0,7,0.2549,"Признаков роли нет: связи 1 вх./0 исх., оборот 30 тыс. ₸",False,3,False,1,0,30000.0,0.0,1,0,0.0,,7,0,0.0,1,False,False
100000003819173100,peripheral,1.0,17,0.2893,Граница выборки (4-е колено): исходящие не видны; получено 144 тыс. ₸ от 1 плательщика,False,4,True,1,0,143777.0,0.0,1,0,0.0,,7,0,0.0,1,False,False
100000003823811100,peripheral,1.0,12,0.489,"Признаков роли нет: связи 1 вх./3 исх., оборот 66 тыс. ₸",False,2,False,1,3,30000.0,66130.0,1,3,2.2043,,7,0,0.000125,1,False,True
100000003824464100,terminal,0.5,24,0.3959,"Деньги оседают: получено 200 тыс. ₸ от 1 плательщика, исходящих ≥5 тыс. ₸ нет (узел раскрыт обходом)",False,2,False,1,0,200000.0,0.0,1,0,0.0,,7,0,0.0,1,False,False
100000003831201100,peripheral,1.0,10,0.2614,"Признаков роли нет: связи 1 вх./0 исх., оборот 40 тыс. ₸",False,2,False,1,0,40500.0,0.0,3,0,0.0,,7,0,0.0,1,False,False
100000003831324100,terminal,1.0,14,0.496,"Деньги оседают: получено 300 тыс. ₸ от 2 плательщиков, исходящих ≥5 тыс. ₸ нет (узел раскрыт обходом)",False,1,False,2,0,300000.0,0.0,2,0,0.0,,9,1,0.0,1,False,False
100000003832231100,peripheral,1.0,8,0.2584,"Признаков роли нет: связи 1 вх./0 исх., оборот 35 тыс. ₸",False,1,False,1,0,35000.0,0.0,1,0,0.0,,10,1,0.0,1,False,False
100000003834495100,peripheral,1.0,3,0.62,"Признаков роли нет: связи 3 вх./1 исх., оборот 602 тыс. ₸; блокировка отсекает 622 тыс. ₸",False,3,False,3,1,602441.0,20000.0,5,1,0.0332,1.0,7,0,3e-06,2,False,False
100000003835149100,transit,0.96,25,0.7487,"Признаки транзита: ушло 4,6 млн ₸ при видимом входе 248 тыс. ₸ за ~3 дн. — приток вне выборки; блокировка отсекает 8,0 млн ₸",False,1,False,1,2,248500.0,4600440.0,1,13,18.5128,3.0,1,1,2e-06,1,False,True
100000003838587100,peripheral,1.0,12,0.2257,Граница выборки (4-е колено): исходящие не видны; получено 6 тыс. ₸ от 1 плательщика,False,4,True,1,0,6000.0,0.0,1,0,0.0,,7,0,0.0,1,False,False
100000003843844100,peripheral,1.0,1,0.5126,"Признаков роли нет: связи 1 вх./1 исх., оборот 238 тыс. ₸; блокировка отсекает 255 тыс. ₸",False,3,False,1,1,16680.0,238000.0,1,1,14.2686,9.0,7,0,1.9e-05,1,False,True
100000003854444100,transit,1.0,23,0.7763,"Признаки транзита: ушло 2,3 млн ₸ при видимом входе 210 тыс. ₸ за ~1,5 дн. — приток вне выборки; в ядре-кольце из 85; блокировка отсекает 2,6 млн ₸",False,2,False,1,14,210000.0,2322909.0,4,14,11.0615,1.5,7,0,0.001075,1,True,True
100000003865939100,peripheral,1.0,47,0.2776,"Признаков роли нет: связи 1 вх./0 исх., оборот 81 тыс. ₸",False,1,False,1,0,81465.0,0.0,1,0,0.0,,1,1,0.0,1,False,False
100000003873332100,transit,0.96,23,0.7562,"Признаки транзита: ушло 286 тыс. ₸ при видимом входе 23 тыс. ₸ за ~3 дн. — приток вне выборки; в ядре-кольце из 85; блокировка отсекает 3,2 млн ₸",False,1,False,1,4,23468.0,286000.0,1,8,12.1868,3.0,7,1,0.000894,1,True,True
100000003877908100,peripheral,1.0,8,0.2608,"Признаков роли нет: связи 1 вх./0 исх., оборот 40 тыс. ₸",False,1,False,1,0,40000.0,0.0,1,0,0.0,,10,1,0.0,1,False,False
100000003880331100,transit,0.9,17,0.7745,"Признаки транзита: ушло 3,9 млн ₸ при видимом входе 100 тыс. ₸ за ~0 дн. — приток вне выборки; в ядре-кольце из 85; блокировка отсекает 4,0 млн ₸",False,3,False,1,16,100000.0,3904908.0,1,31,39.0491,0.0,7,0,0.00066,1,True,True
100000003886323100,peripheral,1.0,2,0.5372,"Признаков роли нет: связи 2 вх./1 исх., оборот 78 тыс. ₸",False,1,False,2,1,78168.0,7650.0,6,1,0.0979,9.0,7,1,1.9e-05,1,True,False
100000003888197100,peripheral,1.0,7,0.2781,"Признаков роли нет: связи 1 вх./0 исх., оборот 83 тыс. ₸",False,3,False,1,0,83167.0,0.0,1,0,0.0,,7,0,0.0,1,False,False
100000003888271100,peripheral,0.84,36,0.422,"Признаков роли нет: связи 1 вх./2 исх., оборот 26 тыс. ₸",False,1,False,1,2,12177.0,25590.0,2,3,2.1015,3.5,1,1,0.0,1,True,True
100000003888527100,peripheral,1.0,19,0.2549,"Признаков роли нет: связи 1 вх./0 исх., оборот 30 тыс. ₸",False,3,False,1,0,30000.0,0.0,1,0,0.0,,7,0,0.0,1,False,False
100000003896956100,transit,1.0,2,0.6088,Признаки транзита: ушло 27 тыс. ₸ при видимом входе 10 тыс. ₸ за ~1 дн. — приток вне выборки,False,3,False,1,1,10000.0,27000.0,1,2,2.7,1.0,7,0,1.9e-05,1,False,True
100000003899325100,peripheral,1.0,17,0.268,"Признаков роли нет: связи 1 вх./0 исх., оборот 50 тыс. ₸",False,3,False,1,0,50120.0,0.0,1,0,0.0,,7,0,0.0,1,False,False
100000003899899100,peripheral,1.0,2,0.5791,"Признаков роли нет: связи 2 вх./1 исх., оборот 218 тыс. ₸; блокировка отсекает 228 тыс. ₸",False,3,False,2,1,218500.0,10000.0,5,1,0.0458,3.0,7,0,1.9e-05,1,False,False
100000003900547100,peripheral,1.0,2,0.2479,"Признаков роли нет: связи 1 вх./0 исх., оборот 24 тыс. ₸",False,1,False,1,0,23700.0,0.0,1,0,0.0,,7,1,0.0,1,False,False
100000003904497100,peripheral,1.0,4,0.2304,Граница выборки (4-е колено): исходящие не видны; получено 10 тыс. ₸ от 1 плательщика,False,4,True,1,0,10000.0,0.0,1,0,0.0,,9,0,0.0,1,False,False
100000003917461100,transit,1.0,16,0.6721,Признаки транзита: ушло 140 тыс. ₸ при видимом входе 10 тыс. ₸ за ~0 дн. — приток вне выборки; блокировка отсекает 150 тыс. ₸,False,3,False,1,2,10000.0,140000.0,1,5,14.0,0.0,9,0,2e-05,1,True,True
100000003920950100,terminal,1.0,10,0.4294,"Деньги оседают: получено 323 тыс. ₸ от 1 плательщика, исходящих ≥5 тыс. ₸ нет (узел раскрыт обходом)",False,3,False,1,0,323290.0,0.0,1,0,0.0,,7,0,0.0,1,False,False
100000003922499100,peripheral,1.0,16,0.2672,"Признаков роли нет: связи 1 вх./0 исх., оборот 50 тыс. ₸",False,2,False,1,0,50000.0,0.0,1,0,0.0,,1,0,0.0,1,False,False
100000003923946100,transit,1.0,9,0.7235,Признаки транзита: ушло 675 тыс. ₸ при видимом входе 282 тыс. ₸ за ~0 дн. — приток вне выборки; блокировка отсекает 957 тыс. ₸,False,1,False,1,4,282000.0,675000.0,3,4,2.3936,0.0,2,1,2e-06,1,True,True
100000003927792100,peripheral,1.0,2,0.2344,"Признаков роли нет: связи 1 вх./0 исх., оборот 13 тыс. ₸",False,2,False,1,0,13067.0,0.0,1,0,0.0,,7,0,0.0,1,False,False
100000003934614100,peripheral,0.96,20,0.4735,"Признаков роли нет: связи 2 вх./1 исх., оборот 17 тыс. ₸",False,3,False,2,1,17000.0,11500.0,2,2,0.6765,3.5,7,0,0.0,1,True,False
100000003942602100,transit,1.0,5,0.5509,"Признаки транзита: пришло 30 тыс. ₸, ушло 100% за ~0 дн.; связи 1→1",False,1,False,1,1,30000.0,30000.0,1,1,1.0,0.0,1,1,0.0,1,True,False
100000003943247100,peripheral,1.0,10,0.2608,"Признаков роли нет: связи 1 вх./0 исх., оборот 40 тыс. ₸",False,3,False,1,0,40000.0,0.0,1,0,0.0,,7,0,0.0,1,False,False
100000003943483100,peripheral,1.0,16,0.2304,"Признаков роли нет: связи 1 вх./0 исх., оборот 10 тыс. ₸",False,2,False,1,0,10000.0,0.0,1,0,0.0,,8,0,0.0,1,False,False
100000003946524100,peripheral,1.0,8,0.6108,"Признаков роли нет: связи 2 вх./2 исх., оборот 145 тыс. ₸; блокировка отсекает 649 тыс. ₸",False,1,False,2,2,133757.0,144750.0,2,2,1.0822,6.0,10,1,0.000119,1,True,False
100000003950749100,peripheral,1.0,2,0.2268,Граница выборки (4-е колено): исходящие не видны; получено 7 тыс. ₸ от 1 плательщика,False,4,True,1,0,7000.0,0.0,1,0,0.0,,7,0,0.0,1,False,False
100000003951827100,peripheral,1.0,1,0.4092,"Признаков роли нет: связи 1 вх./2 исх., оборот 17 тыс. ₸",False,3,False,1,2,9000.0,17000.0,1,2,1.8889,5.0,7,0,1e-06,1,False,True
100000003962994100,peripheral,1.0,2,0.2304,"Признаков роли нет: связи 1 вх./0 исх., оборот 10 тыс. ₸",False,3,False,1,0,10000.0,0.0,1,0,0.0,,7,0,0.0,1,False,False
100000003964910100,terminal,1.0,18,0.5095,"Деньги оседают: получено 1,0 млн ₸ от 2 плательщиков, исходящих ≥5 тыс. ₸ нет (узел раскрыт обходом)",False,3,False,2,0,1000000.0,0.0,2,0,0.0,,7,0,0.0,2,False,False
100000003968044100,peripheral,0.84,3,0.5407,"Признаков роли нет: связи 1 вх./3 исх., оборот 311 тыс. ₸; в ядре-кольце из 85; блокировка отсекает 351 тыс. ₸",False,3,False,1,3,40000.0,311000.0,1,4,7.775,4.0,7,0,6.6e-05,1,True,True
100000003970394100,peripheral,1.0,16,0.2785,"Признаков роли нет: связи 1 вх./0 исх., оборот 85 тыс. ₸",False,1,False,1,0,85000.0,0.0,1,0,0.0,,1,1,0.0,1,False,False
100000003971049100,peripheral,1.0,1,0.2708,"Признаков роли нет: связи 1 вх./0 исх., оборот 56 тыс. ₸",False,2,False,1,0,55900.0,0.0,7,0,0.0,,7,0,0.0,1,False,False
100000003975102100,peripheral,1.0,2,0.171,"Признаков роли нет: связи 1 вх./2 исх., оборот 88 тыс. ₸; курьер из исходного списка",True,0,False,1,2,25650.0,88500.0,1,2,,1.0,7,0,6e-06,1,False,False
100000003977183100,peripheral,1.0,9,0.2213,"Признаков роли нет: связи 2 вх./4 исх., оборот 766 тыс. ₸; курьер из исходного списка",True,0,False,2,4,123800.0,766000.0,2,6,,0.0,1,1,2e-06,1,True,False
100000003980083100,peripheral,1.0,46,0.2549,"Признаков роли нет: связи 1 вх./0 исх., оборот 30 тыс. ₸",False,1,False,1,0,30000.0,0.0,1,0,0.0,,1,1,0.0,1,False,False
100000003985389100,peripheral,1.0,17,0.3079,Граница выборки (4-е колено): исходящие не видны; получено 423 тыс. ₸ от 1 плательщика,False,4,True,1,0,422698.0,0.0,16,0,0.0,,7,0,0.0,1,False,False
100000003986141100,peripheral,1.0,18,0.2247,"Признаков роли нет: связи 1 вх./0 исх., оборот 5 тыс. ₸",False,3,False,1,0,5286.32,0.0,1,0,0.0,,7,0,0.0,1,False,False
100000003988112100,peripheral,0.84,12,0.4181,"Признаков роли нет: связи 1 вх./1 исх., оборот 92 тыс. ₸; в ядре-кольце из 85; блокировка отсекает 156 тыс. ₸",False,2,False,1,1,92000.0,64000.0,2,5,0.6957,0.0,7,0,0.0,1,True,False
100000003989033100,peripheral,1.0,9,0.3062,Граница выборки (4-е колено): исходящие не видны; получено 373 тыс. ₸ от 1 плательщика,False,4,True,1,0,373400.0,0.0,13,0,0.0,,1,0,0.0,1,False,False
100000003996562100,peripheral,1.0,19,0.2272,"Признаков роли нет: связи 1 вх./0 исх., оборот 8 тыс. ₸",False,3,False,1,0,7700.0,0.0,1,0,0.0,,7,0,0.0,1,False,False
100000004004621100,peripheral,1.0,1,0.3558,"Признаков роли нет: связи 3 вх./0 исх., оборот 75 тыс. ₸",False,1,False,3,0,75389.0,0.0,3,0,0.0,,10,1,0.0,2,False,False
100000004005964100,peripheral,0.72,26,0.5576,"Признаков роли нет: связи 3 вх./3 исх., оборот 98 тыс. ₸; блокировка отсекает 170 тыс. ₸",False,1,False,3,3,97900.0,72000.0,9,5,0.7354,0.5,1,1,0.0,1,True,False
100000004006327100,peripheral,1.0,4,0.3032,Граница выборки (4-е колено): исходящие не видны; получено 300 тыс. ₸ от 1 плательщика,False,4,True,1,0,300000.0,0.0,3,0,0.0,,8,0,0.0,1,False,False
100000004007116100,peripheral,1.0,26,0.2253,"Признаков роли нет: связи 3 вх./4 исх., оборот 765 тыс. ₸; курьер из исходного списка",True,0,False,3,4,764704.0,148000.0,24,6,,2.5,0,0,0.0,1,True,False
100000004007197100,peripheral,1.0,26,0.2319,"Признаков роли нет: связи 1 вх./0 исх., оборот 10 тыс. ₸",False,3,False,1,0,10048.0,0.0,1,0,0.0,,1,0,0.0,1,False,False
100000004013952100,peripheral,1.0,3,0.2252,Граница выборки (4-е колено): исходящие не видны; получено 6 тыс. ₸ от 1 плательщика,False,4,True,1,0,5500.0,0.0,1,0,0.0,,7,0,0.0,1,False,False
100000004015047100,consolidator,1.0,9,0.9289,"Признаки консолидации: 9 плательщиков (курьеров: 3), вход 919 тыс. ₸, дальше 1 получ., удержано 92%; блокировка отсекает 988 тыс. ₸",False,1,False,9,1,919104.0,69195.0,18,7,0.0753,2.5,11,3,2.3e-05,2,True,False
100000004017410100,peripheral,1.0,20,0.6451,"Признаков роли нет: связи 2 вх./5 исх., оборот 1,3 млн ₸; блокировка отсекает 1,5 млн ₸",False,3,False,2,5,193650.0,1330915.0,6,11,6.8728,6.0,7,0,4.1e-05,2,True,True
100000004019056100,peripheral,1.0,1,0.2672,Граница выборки (4-е колено): исходящие не видны; получено 50 тыс. ₸ от 1 плательщика,False,4,True,1,0,50000.0,0.0,1,0,0.0,,7,0,0.0,1,False,False
100000004019124100,peripheral,0.6,2,0.1872,"Признаков роли нет: связи 3 вх./0 исх., оборот 193 тыс. ₸; курьер из исходного списка",True,0,False,3,0,193000.0,0.0,3,0,,,11,2,0.0,1,False,False
100000004021459100,peripheral,1.0,0,0.0,Нет переводов ≥5 тыс. ₸ внутри банка за июль; курьер из исходного списка,True,0,False,0,0,0.0,0.0,0,0,,,0,0,0.0,0,False,False
100000004030553100,peripheral,1.0,22,0.2747,Граница выборки (4-е колено): исходящие не видны; получено 70 тыс. ₸ от 1 плательщика,False,4,True,1,0,70000.0,0.0,1,0,0.0,,1,0,0.0,1,False,False
100000004035925100,peripheral,1.0,2,0.3173,"Граница выборки (4-е колено): исходящие не видны; получено 1,1 млн ₸ от 1 плательщика",False,4,True,1,0,1111588.0,0.0,2,0,0.0,,7,0,0.0,1,False,False
100000004041163100,peripheral,1.0,2,0.1951,"Признаков роли нет: связи 1 вх./2 исх., оборот 866 тыс. ₸; курьер из исходного списка",True,0,False,1,2,50000.0,866000.0,1,6,,0.0,14,1,2.3e-05,1,True,False
100000004041294100,peripheral,1.0,27,0.2408,Граница выборки (4-е колено): исходящие не видны; получено 18 тыс. ₸ от 1 плательщика,False,4,True,1,0,17800.0,0.0,2,0,0.0,,7,0,0.0,1,False,False
100000004047887100,peripheral,1.0,7,0.2549,Граница выборки (4-е колено): исходящие не видны; получено 30 тыс. ₸ от 1 плательщика,False,4,True,1,0,30000.0,0.0,1,0,0.0,,7,0,0.0,1,False,False
100000004049912100,peripheral,1.0,23,0.2304,Граница выборки (4-е колено): исходящие не видны; получено 10 тыс. ₸ от 1 плательщика,False,4,True,1,0,10000.0,0.0,1,0,0.0,,7,0,0.0,1,False,False
100000004058740100,peripheral,1.0,5,0.2549,"Признаков роли нет: связи 1 вх./0 исх., оборот 30 тыс. ₸",False,1,False,1,0,30000.0,0.0,1,0,0.0,,1,1,0.0,1,False,False
100000004064431100,peripheral,1.0,26,0.4235,"Признаков роли нет: связи 1 вх./1 исх., оборот 26 тыс. ₸",False,3,False,1,1,26000.0,10000.0,1,1,0.3846,2.0,1,0,1e-06,1,False,False
100000004066370100,peripheral,1.0,34,0.2734,Граница выборки (4-е колено): исходящие не видны; получено 65 тыс. ₸ от 1 плательщика,False,4,True,1,0,65000.0,0.0,2,0,0.0,,1,0,0.0,1,False,False
100000004066647100,peripheral,1.0,23,0.2684,"Признаков роли нет: связи 1 вх./0 исх., оборот 51 тыс. ₸",False,3,False,1,0,51000.0,0.0,1,0,0.0,,7,0,0.0,1,False,False
100000004070318100,transit,0.5,1,0.8295,"Признаки транзита: ушло 552 тыс. ₸ при видимом входе 207 тыс. ₸ за ~0 дн. — приток вне выборки; в ядре-кольце из 85; блокировка отсекает 3,3 млн ₸",False,1,False,4,19,207246.55,551860.0,6,37,2.6628,0.0,7,1,0.002073,2,True,True
100000004070530100,peripheral,1.0,7,0.2437,Граница выборки (4-е колено): исходящие не видны; получено 20 тыс. ₸ от 1 плательщика,False,4,True,1,0,20000.0,0.0,1,0,0.0,,7,0,0.0,1,False,False
100000004071070100,peripheral,1.0,3,0.4464,"Признаков роли нет: связи 2 вх./1 исх., оборот 41 тыс. ₸",False,2,False,2,1,41000.0,6000.0,5,1,0.1463,7.5,7,0,0.0,1,True,False
100000004071080100,consolidator,1.0,3,0.8875,"Признаки консолидации: 9 плательщиков (курьеров: 1), вход 239 тыс. ₸, дальше 2 получ., удержано 81%; блокировка отсекает 285 тыс. ₸",False,1,False,9,2,238600.0,46500.0,16,5,0.1949,1.0,7,1,2.8e-05,2,True,False
100000004071444100,peripheral,1.0,3,0.5189,"Признаков роли нет: связи 1 вх./1 исх., оборот 247 тыс. ₸; блокировка отсекает 347 тыс. ₸",False,3,False,1,1,247350.0,100000.0,1,1,0.4043,,7,0,1.9e-05,1,False,False
100000004076740100,transit,1.0,20,0.8204,"Признаки транзита: ушло 125 тыс. ₸ при видимом входе 93 тыс. ₸ за ~2 дн. — приток вне выборки; блокировка отсекает 2,8 млн ₸",False,1,False,3,6,93250.0,125000.0,5,10,1.3405,2.0,7,1,0.000435,1,True,True
100000004077081100,transit,1.0,1,0.7442,Признаки транзита: ушло 615 тыс. ₸ при видимом входе 140 тыс. ₸ за ~0 дн. — приток вне выборки; блокировка отсекает 755 тыс. ₸,False,3,False,1,4,140000.0,615000.0,1,6,4.3929,0.0,7,0,0.000116,1,False,True
100000004094958100,transit,1.0,38,0.6155,"Признаки транзита: пришло 39 тыс. ₸, ушло 103% за ~0 дн.; связи 1→1",False,1,False,1,1,39000.0,40000.0,1,1,1.0256,0.0,1,1,0.0,1,False,False
100000004096559100,peripheral,1.0,14,0.264,"Признаков роли нет: связи 1 вх./0 исх., оборот 46 тыс. ₸",False,3,False,1,0,46200.0,0.0,1,0,0.0,,1,0,0.0,1,False,False
100000004097972100,peripheral,1.0,3,0.4961,"Признаков роли нет: связи 1 вх./2 исх., оборот 119 тыс. ₸; блокировка отсекает 129 тыс. ₸",False,3,False,1,2,118878.0,10000.0,1,2,0.0841,0.0,7,0,3.8e-05,1,False,False
100000004099450100,peripheral,1.0,3,0.2561,"Признаков роли нет: связи 1 вх./0 исх., оборот 31 тыс. ₸",False,3,False,1,0,31000.0,0.0,1,0,0.0,,7,0,0.0,1,False,False
100000004105288100,terminal,0.7,8,0.4746,"Деньги оседают: получено 215 тыс. ₸ от 2 плательщиков, исходящих ≥5 тыс. ₸ нет (узел раскрыт обходом)",False,1,False,2,0,215000.0,0.0,2,0,0.0,,11,1,0.0,1,False,False
100000004107228100,peripheral,1.0,3,0.2236,Граница выборки (4-е колено): исходящие не видны; получено 5 тыс. ₸ от 1 плательщика,False,4,True,1,0,5000.0,0.0,1,0,0.0,,7,0,0.0,1,False,False
100000004114962100,peripheral,0.94,7,0.3595,"Признаков роли нет: связи 2 вх./0 исх., оборот 165 тыс. ₸",False,3,False,2,0,165000.0,0.0,2,0,0.0,,7,0,0.0,1,False,False
100000004130144100,terminal,0.5,14,0.3959,"Деньги оседают: получено 200 тыс. ₸ от 1 плательщика, исходящих ≥5 тыс. ₸ нет (узел раскрыт обходом)",False,1,False,1,0,200000.0,0.0,1,0,0.0,,1,1,0.0,1,False,False
100000004134060100,peripheral,1.0,4,0.2791,"Признаков роли нет: связи 1 вх./0 исх., оборот 88 тыс. ₸",False,2,False,1,0,88179.0,0.0,1,0,0.0,,8,0,0.0,1,False,False
100000004135268100,transit,0.54,40,0.7824,"Признаки транзита: пришло 1,2 млн ₸, ушло 81% за ~0 дн.; связи 2→3; блокировка отсекает 2,4 млн ₸",False,1,False,2,3,1239000.0,1000200.0,3,4,0.8073,0.0,1,1,1e-06,1,True,False
100000004140487100,transit,1.0,1,0.7154,Признаки транзита: ушло 263 тыс. ₸ при видимом входе 25 тыс. ₸ за ~0 дн. — приток вне выборки; в ядре-кольце из 85; блокировка отсекает 287 тыс. ₸,False,3,False,1,10,24510.0,262600.0,1,19,10.714,0.0,7,0,0.000325,1,True,True
100000004140994100,peripheral,1.0,6,0.2419,"Признаков роли нет: связи 1 вх./0 исх., оборот 19 тыс. ₸",False,3,False,1,0,18650.0,0.0,1,0,0.0,,1,0,0.0,1,False,False
100000004144536100,peripheral,0.84,26,0.3771,"Признаков роли нет: связи 4 вх./0 исх., оборот 168 тыс. ₸",False,1,False,4,0,168000.0,0.0,6,0,0.0,,1,1,0.0,2,False,False
100000004150593100,transit,1.0,2,0.7663,"Признаки транзита: ушло 871 тыс. ₸ при видимом входе 57 тыс. ₸ за ~0 дн. — приток вне выборки; в ядре-кольце из 85; блокировка отсекает 2,5 млн ₸",False,2,False,1,11,57000.0,871165.0,2,16,15.2836,0.0,7,0,0.000222,1,True,True
100000004156082100,distributor,1.0,2,0.9148,"Признаки веерной раздачи: 26 получателей, отправлено 2,3 млн ₸; в ядре-кольце из 85; блокировка отсекает 2,9 млн ₸",False,1,False,5,26,377366.11,2319556.0,7,29,6.1467,0.0,7,1,0.00204,2,True,True
100000004158362100,peripheral,1.0,1,0.2331,"Признаков роли нет: связи 1 вх./0 исх., оборот 12 тыс. ₸",False,2,False,1,0,12000.0,0.0,1,0,0.0,,7,0,0.0,1,False,False
100000004159526100,peripheral,1.0,12,0.6252,"Признаков роли нет: связи 4 вх./4 исх., оборот 275 тыс. ₸; блокировка отсекает 353 тыс. ₸",False,1,False,4,4,275037.0,68000.0,4,6,0.2472,0.0,8,1,9.8e-05,2,True,False
100000004160650100,transit,1.0,26,0.8049,"Признаки транзита: ушло 1,5 млн ₸ при видимом входе 75 тыс. ₸ за ~0 дн. — приток вне выборки; блокировка отсекает 1,6 млн ₸",False,2,False,2,10,75100.0,1489827.0,4,40,19.8379,0.0,1,0,5e-06,1,True,True
100000004167082100,peripheral,1.0,1,0.2346,Граница выборки (4-е колено): исходящие не видны; получено 13 тыс. ₸ от 1 плательщика,False,4,True,1,0,13300.0,0.0,1,0,0.0,,7,0,0.0,1,False,False
100000004174835100,peripheral,1.0,0,0.0,Нет переводов ≥5 тыс. ₸ внутри банка за июль; курьер из исходного списка,True,0,False,0,0,0.0,0.0,0,0,,,0,0,0.0,0,False,False
100000004177936100,peripheral,1.0,3,0.2304,Граница выборки (4-е колено): исходящие не видны; получено 10 тыс. ₸ от 1 плательщика,False,4,True,1,0,10000.0,0.0,1,0,0.0,,7,0,0.0,1,False,False
100000004180097100,peripheral,1.0,21,0.6216,"Признаков роли нет: связи 3 вх./3 исх., оборот 105 тыс. ₸; блокировка отсекает 651 тыс. ₸",False,1,False,3,3,104854.0,47800.0,5,7,0.4559,0.0,7,1,0.000314,1,True,False
100000004183610100,transit,1.0,19,0.7354,Признаки транзита: ушло 915 тыс. ₸ при видимом входе 22 тыс. ₸ за ~2 дн. — приток вне выборки; блокировка отсекает 937 тыс. ₸,False,3,False,1,1,22000.0,915000.0,1,3,41.5909,2.0,7,0,2e-05,1,False,True
100000004184158100,terminal,0.54,3,0.3985,"Деньги оседают: получено 204 тыс. ₸ от 1 плательщика, исходящих ≥5 тыс. ₸ нет (узел раскрыт обходом)",False,3,False,1,0,203805.0,0.0,1,0,0.0,,7,0,0.0,1,False,False
100000004185681100,peripheral,1.0,19,0.2304,"Признаков роли нет: связи 1 вх./0 исх., оборот 10 тыс. ₸",False,3,False,1,0,10000.0,0.0,1,0,0.0,,7,0,0.0,1,False,False
100000004186824100,peripheral,1.0,2,0.5976,"Признаков роли нет: связи 2 вх./1 исх., оборот 452 тыс. ₸; блокировка отсекает 459 тыс. ₸",False,1,False,2,1,451700.0,7000.0,7,1,0.0155,10.0,7,1,2e-06,1,False,False
100000004188160100,transit,1.0,2,0.7695,Признаки транзита: ушло 134 тыс. ₸ при видимом входе 88 тыс. ₸ за ~1 дн. — приток вне выборки; в ядре-кольце из 85; блокировка отсекает 222 тыс. ₸,False,1,False,2,5,87862.0,133846.0,5,6,1.5234,1.0,7,1,0.00246,1,True,True
100000004192107100,peripheral,1.0,1,0.2497,"Признаков роли нет: связи 1 вх./0 исх., оборот 25 тыс. ₸",False,2,False,1,0,25000.0,0.0,1,0,0.0,,8,0,0.0,1,False,False
100000004192865100,peripheral,1.0,29,0.274,"Признаков роли нет: связи 1 вх./0 исх., оборот 67 тыс. ₸",False,2,False,1,0,66666.0,0.0,1,0,0.0,,1,0,0.0,1,False,False
100000004193835100,peripheral,1.0,2,0.1638,"Признаков роли нет: связи 1 вх./1 исх., оборот 47 тыс. ₸; курьер из исходного списка",True,0,False,1,1,47000.0,5000.0,1,1,,0.0,7,0,7e-06,1,False,False
100000004200745100,peripheral,1.0,16,0.2873,Граница выборки (4-е колено): исходящие не видны; получено 130 тыс. ₸ от 1 плательщика,False,4,True,1,0,130000.0,0.0,4,0,0.0,,9,0,0.0,1,False,False
100000004206046100,peripheral,1.0,2,0.2326,"Признаков роли нет: связи 1 вх./0 исх., оборот 11 тыс. ₸",False,1,False,1,0,11075.0,0.0,1,0,0.0,,7,1,0.0,1,False,False
100000004209339100,transit,1.0,15,0.7025,Признаки транзита: ушло 238 тыс. ₸ при видимом входе 138 тыс. ₸ за ~0 дн. — приток вне выборки; блокировка отсекает 377 тыс. ₸,False,2,False,1,2,138500.0,238500.0,6,11,1.722,0.0,8,0,2.1e-05,1,True,True
100000004213658100,peripheral,1.0,5,0.2507,"Признаков роли нет: связи 1 вх./0 исх., оборот 25 тыс. ₸",False,1,False,1,0,25347.0,0.0,1,0,0.0,,1,1,0.0,1,False,False
100000004217419100,peripheral,1.0,3,0.556,"Признаков роли нет: связи 2 вх./1 исх., оборот 118 тыс. ₸; блокировка отсекает 126 тыс. ₸",False,3,False,2,1,118200.0,7700.0,3,1,0.0651,2.0,7,0,1.9e-05,1,False,False
100000004218576100,peripheral,1.0,5,0.2513,"Признаков роли нет: связи 1 вх./0 исх., оборот 26 тыс. ₸",False,1,False,1,0,26144.0,0.0,1,0,0.0,,1,1,0.0,1,False,False
100000004221668100,peripheral,1.0,9,0.6476,"Признаков роли нет: связи 4 вх./3 исх., оборот 1,1 млн ₸; блокировка отсекает 1,9 млн ₸",False,2,False,4,3,1128300.0,731440.0,8,10,0.6483,1.0,1,0,5e-06,1,True,False
100000004222274100,peripheral,1.0,1,0.2375,Граница выборки (4-е колено): исходящие не видны; получено 16 тыс. ₸ от 1 плательщика,False,4,True,1,0,15500.0,0.0,1,0,0.0,,7,0,0.0,1,False,False
100000004225615100,peripheral,1.0,12,0.2796,"Признаков роли нет: связи 1 вх./0 исх., оборот 90 тыс. ₸",False,2,False,1,0,90000.0,0.0,2,0,0.0,,1,0,0.0,1,False,False
100000004226848100,terminal,1.0,8,0.4288,"Деньги оседают: получено 302 тыс. ₸ от 1 плательщика, исходящих ≥5 тыс. ₸ нет (узел раскрыт обходом)",False,1,False,1,0,301866.0,0.0,1,0,0.0,,10,1,0.0,1,False,False
100000004232712100,peripheral,1.0,7,0.2338,Граница выборки (4-е колено): исходящие не видны; получено 12 тыс. ₸ от 1 плательщика,False,4,True,1,0,12500.0,0.0,1,0,0.0,,7,0,0.0,1,False,False
100000004235471100,peripheral,1.0,7,0.2933,Граница выборки (4-е колено): исходящие не видны; получено 180 тыс. ₸ от 1 плательщика,False,4,True,1,0,180000.0,0.0,1,0,0.0,,7,0,0.0,1,False,False
100000004241142100,peripheral,1.0,10,0.2528,Граница выборки (4-е колено): исходящие не видны; получено 27 тыс. ₸ от 1 плательщика,False,4,True,1,0,27102.0,0.0,1,0,0.0,,7,0,0.0,1,False,False
100000004254434100,peripheral,1.0,5,0.2627,"Признаков роли нет: связи 1 вх./0 исх., оборот 44 тыс. ₸",False,1,False,1,0,44445.0,0.0,2,0,0.0,,1,1,0.0,1,False,False
100000004257714100,peripheral,1.0,6,0.2689,"Признаков роли нет: связи 1 вх./0 исх., оборот 52 тыс. ₸",False,3,False,1,0,52220.0,0.0,1,0,0.0,,1,0,0.0,1,False,False
100000004260869100,peripheral,1.0,2,0.2304,Граница выборки (4-е колено): исходящие не видны; получено 10 тыс. ₸ от 1 плательщика,False,4,True,1,0,10000.0,0.0,1,0,0.0,,7,0,0.0,1,False,False
100000004261340100,peripheral,1.0,1,0.2656,Граница выборки (4-е колено): исходящие не видны; получено 48 тыс. ₸ от 1 плательщика,False,4,True,1,0,48500.0,0.0,4,0,0.0,,7,0,0.0,1,False,False
100000004263867100,peripheral,1.0,13,0.2284,Граница выборки (4-е колено): исходящие не видны; получено 9 тыс. ₸ от 1 плательщика,False,4,True,1,0,9000.0,0.0,1,0,0.0,,1,0,0.0,1,False,False
100000004265639100,peripheral,1.0,3,0.2304,Граница выборки (4-е колено): исходящие не видны; получено 10 тыс. ₸ от 1 плательщика,False,4,True,1,0,10000.0,0.0,1,0,0.0,,7,0,0.0,1,False,False
100000004268036100,peripheral,1.0,13,0.2252,Граница выборки (4-е колено): исходящие не видны; получено 6 тыс. ₸ от 1 плательщика,False,4,True,1,0,5500.0,0.0,1,0,0.0,,1,0,0.0,1,False,False
100000004269433100,peripheral,1.0,15,0.1292,"Признаков роли нет: связи 0 вх./1 исх., оборот 1,4 млн ₸; курьер из исходного списка",True,0,False,0,1,0.0,1372000.0,0,67,,,0,0,0.0,0,False,False
100000004272302100,peripheral,1.0,1,0.2304,Граница выборки (4-е колено): исходящие не видны; получено 10 тыс. ₸ от 1 плательщика,False,4,True,1,0,10000.0,0.0,1,0,0.0,,7,0,0.0,1,False,False
100000004278574100,peripheral,1.0,7,0.431,"Признаков роли нет: связи 1 вх./1 исх., оборот 25 тыс. ₸",False,3,False,1,1,25000.0,12500.0,1,1,0.5,11.0,7,0,1.9e-05,1,False,False
100000004285800100,peripheral,1.0,8,0.3458,"Признаков роли нет: связи 1 вх./1 исх., оборот 15 тыс. ₸",False,2,False,1,1,5000.0,15000.0,1,1,3.0,,10,0,0.0,1,False,True
100000004286573100,peripheral,1.0,16,0.2392,"Признаков роли нет: связи 1 вх./0 исх., оборот 17 тыс. ₸",False,1,False,1,0,16590.0,0.0,1,0,0.0,,1,1,0.0,1,False,False
100000004291560100,peripheral,1.0,10,0.265,"Признаков роли нет: связи 1 вх./0 исх., оборот 47 тыс. ₸",False,3,False,1,0,47190.0,0.0,1,0,0.0,,7,0,0.0,1,False,False
100000004291663100,peripheral,1.0,10,0.2497,Граница выборки (4-е колено): исходящие не видны; получено 25 тыс. ₸ от 1 плательщика,False,4,True,1,0,25000.0,0.0,1,0,0.0,,7,0,0.0,1,False,False
100000004292885100,peripheral,1.0,6,0.2853,"Признаков роли нет: связи 1 вх./0 исх., оборот 113 тыс. ₸",False,3,False,1,0,112700.0,0.0,1,0,0.0,,1,0,0.0,1,False,False
100000004299488100,consolidator,0.66,3,0.9225,"Признаки консолидации: 6 плательщиков (курьеров: 1), вход 1,7 млн ₸, дальше 2 получ., удержано 80%; синхронный сбор: 3 плат. в 1 день; блокировка отсекает 2,1 млн ₸",False,1,False,6,2,1749000.0,344999.0,22,14,0.1973,0.0,7,1,2.1e-05,3,True,False
100000004315838100,peripheral,1.0,8,0.5323,"Признаков роли нет: связи 2 вх./1 исх., оборот 50 тыс. ₸",False,1,False,2,1,50000.0,18000.0,2,1,0.36,,10,1,2.4e-05,1,False,False
100000004318918100,peripheral,1.0,15,0.2762,"Признаков роли нет: связи 1 вх./0 исх., оборот 76 тыс. ₸",False,1,False,1,0,75600.0,0.0,1,0,0.0,,8,1,0.0,1,False,False
100000004321983100,peripheral,0.84,9,0.4361,"Признаков роли нет: связи 1 вх./2 исх., оборот 36 тыс. ₸",False,3,False,1,2,10840.0,36200.0,1,3,3.3395,4.0,1,0,1e-06,1,True,True
100000004325327100,transit,1.0,10,0.7313,"Признаки транзита: пришло 71 тыс. ₸, ушло 99% за ~2 дн.; связи 2→1; блокировка отсекает 151 тыс. ₸",False,1,False,2,1,70817.0,70000.0,3,1,0.9885,2.0,7,1,3.8e-05,1,False,False
100000004326224100,peripheral,1.0,7,0.272,Граница выборки (4-е колено): исходящие не видны; получено 60 тыс. ₸ от 1 плательщика,False,4,True,1,0,60000.0,0.0,1,0,0.0,,7,0,0.0,1,False,False
100000004330371100,peripheral,1.0,2,0.6132,"Признаков роли нет: связи 2 вх./2 исх., оборот 264 тыс. ₸; в ядре-кольце из 85; блокировка отсекает 355 тыс. ₸",False,1,False,2,2,264171.0,90681.0,12,6,0.3433,2.5,7,1,0.000335,2,True,False
100000004331458100,terminal,1.0,38,0.4924,"Деньги оседают: получено 250 тыс. ₸ от 2 плательщиков, исходящих ≥5 тыс. ₸ нет (узел раскрыт обходом)",False,2,False,2,0,250000.0,0.0,2,0,0.0,,1,0,0.0,1,False,False
100000004336228100,peripheral,1.0,3,0.2686,"Признаков роли нет: связи 1 вх./0 исх., оборот 51 тыс. ₸",False,3,False,1,0,51407.0,0.0,2,0,0.0,,7,0,0.0,1,False,False
100000004336312100,transit,0.5,20,0.7249,"Признаки транзита: пришло 90 тыс. ₸, ушло 80% за ~3 дн.; связи 3→2; синхронный сбор: 3 плат. в 1 день; блокировка отсекает 163 тыс. ₸",False,2,False,3,2,90415.0,72650.0,7,3,0.8035,3.0,7,0,3.4e-05,3,True,False
100000004340038100,peripheral,1.0,1,0.4527,"Признаков роли нет: связи 1 вх./1 исх., оборот 49 тыс. ₸",False,3,False,1,1,9978.0,49000.0,1,1,4.9108,9.0,7,0,1.9e-05,1,False,True
100000004350094100,peripheral,1.0,1,0.2437,Граница выборки (4-е колено): исходящие не видны; получено 20 тыс. ₸ от 1 плательщика,False,4,True,1,0,20000.0,0.0,1,0,0.0,,7,0,0.0,1,False,False
100000004351795100,transit,1.0,1,0.8573,"Признаки транзита: ушло 1,7 млн ₸ при видимом входе 118 тыс. ₸ за ~0 дн. — приток вне выборки; в ядре-кольце из 85; блокировка отсекает 3,3 млн ₸",False,1,False,3,14,118333.0,1715161.0,3,37,14.4944,0.0,7,1,0.002429,1,True,True
100000004356593100,peripheral,1.0,19,0.4544,"Признаков роли нет: связи 1 вх./1 исх., оборот 50 тыс. ₸",False,2,False,1,1,50000.0,10000.0,1,1,0.2,7.0,7,0,1.9e-05,1,False,False
100000004358004100,peripheral,1.0,1,0.1282,"Признаков роли нет: связи 0 вх./11 исх., оборот 981 тыс. ₸; курьер из исходного списка",True,0,False,0,11,0.0,980850.0,0,17,,,0,0,0.0,0,False,False
100000004360785100,peripheral,1.0,2,0.2809,"Признаков роли нет: связи 1 вх./0 исх., оборот 95 тыс. ₸",False,1,False,1,0,94705.0,0.0,1,0,0.0,,7,1,0.0,1,False,False
100000004368189100,peripheral,1.0,13,0.526,"Признаков роли нет: связи 1 вх./2 исх., оборот 385 тыс. ₸; блокировка отсекает 413 тыс. ₸",False,3,False,1,2,384600.0,28200.0,1,2,0.0733,1.0,2,0,3e-06,1,False,False
100000004377043100,peripheral,1.0,20,0.2254,Граница выборки (4-е колено): исходящие не видны; получено 6 тыс. ₸ от 1 плательщика,False,4,True,1,0,5700.0,0.0,1,0,0.0,,7,0,0.0,1,False,False
100000004379306100,peripheral,1.0,3,0.2366,Граница выборки (4-е колено): исходящие не видны; получено 15 тыс. ₸ от 1 плательщика,False,4,True,1,0,15000.0,0.0,1,0,0.0,,7,0,0.0,1,False,False
100000004386258100,peripheral,1.0,16,0.5911,"Признаков роли нет: связи 3 вх./3 исх., оборот 62 тыс. ₸; блокировка отсекает 344 тыс. ₸",False,2,False,3,3,61700.0,40000.0,3,3,0.6483,0.0,9,0,0.00012,2,True,False
100000004386286100,peripheral,1.0,16,0.2338,Граница выборки (4-е колено): исходящие не видны; получено 12 тыс. ₸ от 1 плательщика,False,4,True,1,0,12500.0,0.0,1,0,0.0,,9,0,0.0,1,False,False
100000004386331100,peripheral,1.0,16,0.4307,"Признаков роли нет: связи 1 вх./2 исх., оборот 20 тыс. ₸",False,3,False,1,2,20000.0,17500.0,1,2,0.875,,9,0,2e-05,1,True,False
100000004388209100,peripheral,1.0,5,0.2329,"Признаков роли нет: связи 1 вх./0 исх., оборот 12 тыс. ₸",False,1,False,1,0,11800.0,0.0,1,0,0.0,,1,1,0.0,1,False,False
100000004388353100,peripheral,1.0,15,0.3405,"Признаков роли нет: связи 2 вх./0 исх., оборот 63 тыс. ₸",False,1,False,2,0,62960.0,0.0,2,0,0.0,,8,1,0.0,1,False,False
100000004388983100,peripheral,1.0,45,0.1244,"Признаков роли нет: связи 0 вх./2 исх., оборот 451 тыс. ₸; курьер из исходного списка",True,0,False,0,2,0.0,450816.0,0,23,,,0,0,0.0,0,False,False
100000004390333100,transit,1.0,1,0.8061,"Признаки транзита: ушло 506 тыс. ₸ при видимом входе 65 тыс. ₸ за ~0,5 дн. — приток вне выборки; в ядре-кольце из 85; блокировка отсекает 571 тыс. ₸",False,1,False,2,9,64558.0,506500.0,2,14,7.8457,0.5,7,1,0.000158,1,True,True
100000004394765100,peripheral,1.0,2,0.6441,"Признаков роли нет: связи 3 вх./2 исх., оборот 604 тыс. ₸; блокировка отсекает 686 тыс. ₸",False,1,False,3,2,603844.0,82500.0,10,2,0.1366,1.0,7,1,6.5e-05,2,False,False
100000004398811100,transit,1.0,8,0.7318,"Признаки транзита: ушло 1,0 млн ₸ при видимом входе 426 тыс. ₸ за ~0 дн. — приток вне выборки; блокировка отсекает 1,5 млн ₸",False,2,False,1,3,426000.0,1040672.0,1,4,2.4429,0.0,1,0,1e-06,1,False,True
100000004399686100,terminal,1.0,25,0.4405,"Деньги оседают: получено 806 тыс. ₸ от 1 плательщика, исходящих ≥5 тыс. ₸ нет (узел раскрыт обходом)",False,3,False,1,0,806000.0,0.0,2,0,0.0,,1,0,0.0,1,False,False
100000004400305100,distributor,0.52,10,0.8995,"Признаки веерной раздачи: 82 получателя, отправлено 5,8 млн ₸; в ядре-кольце из 85; блокировка отсекает 8,6 млн ₸",False,2,False,7,82,222800.0,5830181.0,9,101,26.1678,0.0,7,0,0.002609,2,True,True
100000004400361100,peripheral,1.0,8,0.2304,"Признаков роли нет: связи 1 вх./0 исх., оборот 10 тыс. ₸",False,2,False,1,0,10000.0,0.0,1,0,0.0,,7,0,0.0,1,False,False
100000004400480100,peripheral,1.0,13,0.2459,Граница выборки (4-е колено): исходящие не видны; получено 22 тыс. ₸ от 1 плательщика,False,4,True,1,0,21700.0,0.0,1,0,0.0,,2,0,0.0,1,False,False
100000004403548100,peripheral,1.0,3,0.2236,Граница выборки (4-е колено): исходящие не видны; получено 5 тыс. ₸ от 1 плательщика,False,4,True,1,0,5000.0,0.0,1,0,0.0,,7,0,0.0,1,False,False
100000004403641100,peripheral,1.0,4,0.293,Граница выборки (4-е колено): исходящие не видны; получено 172 тыс. ₸ от 1 плательщика,False,4,True,1,0,171500.0,0.0,1,0,0.0,,8,0,0.0,1,False,False
100000004403675100,transit,1.0,12,0.8178,"Признаки транзита: ушло 265 тыс. ₸ при видимом входе 183 тыс. ₸ за ~0,5 дн. — приток вне выборки; в ядре-кольце из 85; блокировка отсекает 514 тыс. ₸",False,1,False,4,5,182980.0,264699.0,8,6,1.4466,0.5,7,2,0.002788,1,True,True
100000004407753100,peripheral,1.0,20,0.4531,"Признаков роли нет: связи 1 вх./1 исх., оборот 250 тыс. ₸; блокировка отсекает 350 тыс. ₸",False,3,False,1,1,250000.0,100000.0,4,1,0.4,1.5,7,0,0.0,1,True,False
100000004408683100,peripheral,1.0,2,0.353,"Признаков роли нет: связи 2 вх./0 исх., оборот 113 тыс. ₸",False,1,False,2,0,112919.68,0.0,3,0,0.0,,7,1,0.0,1,False,False
100000004410489100,peripheral,1.0,1,0.2699,"Признаков роли нет: связи 1 вх./0 исх., оборот 54 тыс. ₸",False,2,False,1,0,54000.0,0.0,1,0,0.0,,7,0,0.0,1,False,False
100000004417753100,peripheral,0.6,3,0.3622,"Признаков роли нет: связи 2 вх./0 исх., оборот 192 тыс. ₸",False,3,False,2,0,192099.0,0.0,2,0,0.0,,7,0,0.0,2,False,False
100000004418967100,peripheral,1.0,4,0.2826,Граница выборки (4-е колено): исходящие не видны; получено 100 тыс. ₸ от 1 плательщика,False,4,True,1,0,100000.0,0.0,1,0,0.0,,8,0,0.0,1,False,False
100000004420041100,peripheral,1.0,16,0.5703,"Признаков роли нет: связи 1 вх./7 исх., оборот 652 тыс. ₸; блокировка отсекает 721 тыс. ₸",False,3,False,1,7,69638.0,651830.0,1,11,9.3603,,7,0,0.000154,1,False,True
100000004424023100,peripheral,1.0,9,0.491,"Признаков роли нет: связи 1 вх./1 исх., оборот 100 тыс. ₸; блокировка отсекает 150 тыс. ₸",False,2,False,1,1,50000.0,100000.0,1,1,2.0,,9,0,2e-05,1,False,True
100000004433250100,peripheral,1.0,10,0.2275,Граница выборки (4-е колено): исходящие не видны; получено 8 тыс. ₸ от 1 плательщика,False,4,True,1,0,8000.0,0.0,1,0,0.0,,7,0,0.0,1,False,False
100000004435304100,peripheral,1.0,5,0.2518,"Признаков роли нет: связи 1 вх./0 исх., оборот 26 тыс. ₸",False,2,False,1,0,26200.0,0.0,1,0,0.0,,1,0,0.0,1,False,False
100000004441291100,peripheral,1.0,8,0.2437,"Признаков роли нет: связи 1 вх./0 исх., оборот 20 тыс. ₸",False,2,False,1,0,20000.0,0.0,1,0,0.0,,10,0,0.0,1,False,False
100000004445291100,peripheral,1.0,27,0.2425,"Признаков роли нет: связи 1 вх./0 исх., оборот 20 тыс. ₸",False,3,False,1,0,19500.0,0.0,2,0,0.0,,7,0,0.0,1,False,False
100000004449824100,peripheral,1.0,13,0.2284,Граница выборки (4-е колено): исходящие не видны; получено 9 тыс. ₸ от 1 плательщика,False,4,True,1,0,9000.0,0.0,1,0,0.0,,1,0,0.0,1,False,False
100000004450649100,peripheral,1.0,7,0.5954,"Признаков роли нет: связи 2 вх./2 исх., оборот 193 тыс. ₸; блокировка отсекает 239 тыс. ₸",False,3,False,2,2,192528.0,46527.0,2,2,0.2417,3.0,7,0,0.000139,1,False,False
100000004451012100,peripheral,1.0,23,0.4992,"Признаков роли нет: связи 1 вх./3 исх., оборот 91 тыс. ₸; блокировка отсекает 157 тыс. ₸",False,3,False,1,3,91245.0,65740.0,1,3,0.7205,,7,0,5.8e-05,1,False,False
100000004456564100,peripheral,1.0,12,0.2304,"Признаков роли нет: связи 1 вх./0 исх., оборот 10 тыс. ₸",False,2,False,1,0,10000.0,0.0,2,0,0.0,,8,0,0.0,1,False,False
100000004463277100,peripheral,1.0,29,0.2584,"Признаков роли нет: связи 1 вх./0 исх., оборот 35 тыс. ₸",False,2,False,1,0,35000.0,0.0,1,0,0.0,,1,0,0.0,1,False,False
100000004467157100,peripheral,1.0,20,0.3547,"Признаков роли нет: связи 1 вх./1 исх., оборот 20 тыс. ₸",False,2,False,1,1,20000.0,7000.0,3,1,0.35,16.0,7,0,0.0,1,True,False
100000004472936100,peripheral,1.0,1,0.2236,Граница выборки (4-е колено): исходящие не видны; получено 5 тыс. ₸ от 1 плательщика,False,4,True,1,0,5000.0,0.0,1,0,0.0,,7,0,0.0,1,False,False
100000004475818100,transit,1.0,9,0.65,Признаки транзита: ушло 54 тыс. ₸ при видимом входе 13 тыс. ₸ за ~0 дн. — приток вне выборки,False,3,False,1,3,13000.0,53989.0,1,3,4.153,0.0,7,0,6.9e-05,1,True,True
100000004479404100,peripheral,1.0,1,0.658,"Признаков роли нет: связи 2 вх./1 исх., оборот 1,5 млн ₸; блокировка отсекает 2,6 млн ₸",False,2,False,2,1,1492000.0,300000.0,8,2,0.2011,18.5,7,0,9.6e-05,1,True,False
100000004480280100,transit,1.0,19,0.7133,Признаки транзита: ушло 296 тыс. ₸ при видимом входе 147 тыс. ₸ за ~1 дн. — приток вне выборки; блокировка отсекает 443 тыс. ₸,False,1,False,1,2,146694.0,295850.0,1,7,2.0168,1.0,10,1,3.6e-05,1,False,True
100000004486525100,consolidator,1.0,1,0.8988,"Признаки консолидации: 8 плательщиков (курьеров: 0), вход 361 тыс. ₸, дальше 2 получ., удержано 25%; синхронный сбор: 5 плат. в 1 день; блокировка отсекает 632 тыс. ₸",False,2,False,8,2,360924.0,271045.0,21,3,0.751,2.0,7,0,5e-06,5,False,False
100000004488265100,peripheral,1.0,3,0.2601,"Признаков роли нет: связи 1 вх./0 исх., оборот 39 тыс. ₸",False,3,False,1,0,38740.0,0.0,1,0,0.0,,7,0,0.0,1,False,False
100000004491749100,peripheral,1.0,9,0.2672,"Признаков роли нет: связи 1 вх./0 исх., оборот 50 тыс. ₸",False,3,False,1,0,50000.0,0.0,1,0,0.0,,1,0,0.0,1,False,False
100000004491881100,peripheral,1.0,5,0.2397,"Признаков роли нет: связи 1 вх./0 исх., оборот 17 тыс. ₸",False,1,False,1,0,17144.0,0.0,1,0,0.0,,1,1,0.0,1,False,False
100000004493586100,peripheral,1.0,1,0.2271,"Признаков роли нет: связи 1 вх./0 исх., оборот 8 тыс. ₸",False,3,False,1,0,7500.0,0.0,1,0,0.0,,7,0,0.0,1,False,False
100000004494983100,peripheral,1.0,5,0.2584,"Признаков роли нет: связи 1 вх./0 исх., оборот 35 тыс. ₸",False,1,False,1,0,35000.0,0.0,1,0,0.0,,1,1,0.0,1,False,False
100000004497606100,peripheral,1.0,5,0.2376,"Признаков роли нет: связи 1 вх./0 исх., оборот 16 тыс. ₸",False,1,False,1,0,15534.0,0.0,1,0,0.0,,1,1,0.0,1,False,False
100000004500444100,peripheral,1.0,12,0.5778,"Признаков роли нет: связи 2 вх./1 исх., оборот 180 тыс. ₸; блокировка отсекает 254 тыс. ₸",False,3,False,2,1,180000.0,74000.0,7,5,0.4111,5.0,7,0,1.9e-05,1,False,False
100000004500781100,peripheral,1.0,12,0.2758,Граница выборки (4-е колено): исходящие не видны; получено 74 тыс. ₸ от 1 плательщика,False,4,True,1,0,74000.0,0.0,5,0,0.0,,7,0,0.0,1,False,False
100000004502048100,peripheral,1.0,23,0.2348,Граница выборки (4-е колено): исходящие не видны; получено 14 тыс. ₸ от 1 плательщика,False,4,True,1,0,13888.0,0.0,1,0,0.0,,7,0,0.0,1,False,False
100000004508696100,transit,1.0,2,0.6702,Признаки транзита: ушло 111 тыс. ₸ при видимом входе 7 тыс. ₸ за ~0 дн. — приток вне выборки; блокировка отсекает 118 тыс. ₸,False,3,False,1,3,7000.0,111000.0,1,4,15.8571,0.0,7,0,3.9e-05,1,True,True
100000004509286100,peripheral,1.0,8,0.2608,"Признаков роли нет: связи 1 вх./0 исх., оборот 40 тыс. ₸",False,1,False,1,0,40000.0,0.0,1,0,0.0,,10,1,0.0,1,False,False
100000004526651100,peripheral,1.0,4,0.2572,Граница выборки (4-е колено): исходящие не видны; получено 33 тыс. ₸ от 1 плательщика,False,4,True,1,0,33000.0,0.0,1,0,0.0,,8,0,0.0,1,False,False
100000004527381100,transit,1.0,2,0.7234,Признаки транзита: ушло 274 тыс. ₸ при видимом входе 119 тыс. ₸ за ~0 дн. — приток вне выборки; в ядре-кольце из 85; блокировка отсекает 393 тыс. ₸,False,2,False,1,1,119333.17,273866.11,1,1,2.295,0.0,7,0,0.000321,1,True,True
100000004539443100,peripheral,1.0,8,0.3403,"Признаков роли нет: связи 2 вх./0 исх., оборот 62 тыс. ₸",False,3,False,2,0,61990.0,0.0,2,0,0.0,,10,0,0.0,2,False,False
100000004544958100,peripheral,1.0,15,0.5075,"Признаков роли нет: связи 1 вх./2 исх., оборот 168 тыс. ₸; блокировка отсекает 191 тыс. ₸",False,2,False,1,2,168000.0,23200.0,3,2,0.1381,2.0,8,0,2.1e-05,1,True,False
100000004549591100,peripheral,1.0,2,0.2659,Граница выборки (4-е колено): исходящие не видны; получено 49 тыс. ₸ от 1 плательщика,False,4,True,1,0,49000.0,0.0,1,0,0.0,,7,0,0.0,1,False,False
100000004552204100,peripheral,1.0,9,0.4317,"Признаков роли нет: связи 1 вх./2 исх., оборот 22 тыс. ₸",False,3,False,1,2,22500.0,10000.0,2,2,0.4444,8.0,8,0,2e-05,1,True,False
100000004553349100,peripheral,1.0,9,0.2273,"Признаков роли нет: связи 1 вх./0 исх., оборот 8 тыс. ₸",False,3,False,1,0,7755.0,0.0,1,0,0.0,,7,0,0.0,1,False,False
100000004559194100,terminal,1.0,2,0.4271,"Деньги оседают: получено 282 тыс. ₸ от 1 плательщика, исходящих ≥5 тыс. ₸ нет (узел раскрыт обходом)",False,1,False,1,0,282145.0,0.0,6,0,0.0,,7,1,0.0,1,False,False
100000004564736100,peripheral,1.0,24,0.2366,"Признаков роли нет: связи 1 вх./0 исх., оборот 15 тыс. ₸",False,3,False,1,0,15000.0,0.0,2,0,0.0,,7,0,0.0,1,False,False
100000004569484100,transit,0.96,11,0.7741,Признаки транзита: ушло 156 тыс. ₸ при видимом входе 98 тыс. ₸ за ~3 дн. — приток вне выборки; в ядре-кольце из 85; блокировка отсекает 254 тыс. ₸,False,3,False,2,4,98312.0,156000.0,3,4,1.5868,3.0,7,0,0.002793,1,True,True
100000004569637100,peripheral,1.0,3,0.2252,Граница выборки (4-е колено): исходящие не видны; получено 6 тыс. ₸ от 1 плательщика,False,4,True,1,0,5500.0,0.0,1,0,0.0,,7,0,0.0,1,False,False
100000004571634100,peripheral,1.0,1,0.2437,Граница выборки (4-е колено): исходящие не видны; получено 20 тыс. ₸ от 1 плательщика,False,4,True,1,0,20000.0,0.0,1,0,0.0,,8,0,0.0,1,False,False
100000004573782100,peripheral,1.0,14,0.2366,"Признаков роли нет: связи 1 вх./0 исх., оборот 15 тыс. ₸",False,2,False,1,0,15000.0,0.0,1,0,0.0,,1,0,0.0,1,False,False
100000004580202100,transit,1.0,24,0.64,Признаки транзита: ушло 45 тыс. ₸ при видимом входе 9 тыс. ₸ за ~2 дн. — приток вне выборки,False,2,False,1,3,9000.0,45000.0,1,4,5.0,2.0,7,0,5.9e-05,1,False,True
100000004580254100,peripheral,1.0,18,0.3205,"Признаков роли нет: связи 2 вх./0 исх., оборот 28 тыс. ₸",False,3,False,2,0,27940.0,0.0,2,0,0.0,,7,0,0.0,1,False,False
100000004584730100,peripheral,1.0,1,0.2647,Граница выборки (4-е колено): исходящие не видны; получено 47 тыс. ₸ от 1 плательщика,False,4,True,1,0,47000.0,0.0,1,0,0.0,,7,0,0.0,1,False,False
100000004586598100,peripheral,1.0,19,0.3148,Граница выборки (4-е колено): исходящие не видны; получено 761 тыс. ₸ от 1 плательщика,False,4,True,1,0,761255.0,0.0,4,0,0.0,,7,0,0.0,1,False,False
100000004587414100,terminal,1.0,7,0.5044,"Деньги оседают: получено 534 тыс. ₸ от 2 плательщиков, исходящих ≥5 тыс. ₸ нет (узел раскрыт обходом)",False,3,False,2,0,533603.0,0.0,2,0,0.0,,7,0,0.0,1,False,False
100000004588479100,peripheral,0.66,2,0.2932,"Признаков роли нет: связи 1 вх./0 исх., оборот 178 тыс. ₸",False,1,False,1,0,177633.0,0.0,2,0,0.0,,7,1,0.0,1,False,False
100000004591973100,peripheral,1.0,16,0.4851,"Признаков роли нет: связи 1 вх./1 исх., оборот 100 тыс. ₸; блокировка отсекает 110 тыс. ₸",False,3,False,1,1,10000.0,100000.0,1,1,10.0,,9,0,2e-05,1,False,True
100000004592467100,peripheral,1.0,8,0.2268,"Признаков роли нет: связи 1 вх./0 исх., оборот 7 тыс. ₸",False,2,False,1,0,7000.0,0.0,1,0,0.0,,1,0,0.0,1,False,False
100000004596284100,peripheral,1.0,2,0.2549,Граница выборки (4-е колено): исходящие не видны; получено 30 тыс. ₸ от 1 плательщика,False,4,True,1,0,30000.0,0.0,1,0,0.0,,7,0,0.0,1,False,False
100000004601193100,peripheral,1.0,1,0.2783,Граница выборки (4-е колено): исходящие не видны; получено 84 тыс. ₸ от 1 плательщика,False,4,True,1,0,84000.0,0.0,3,0,0.0,,8,0,0.0,1,False,False
100000004603109100,peripheral,1.0,25,0.6467,"Признаков роли нет: связи 3 вх./2 исх., оборот 2,7 млн ₸; блокировка отсекает 3,1 млн ₸",False,3,False,3,2,2730000.0,400000.0,8,2,0.1465,1.0,2,0,1e-06,2,True,False
100000004610802100,peripheral,1.0,1,0.2989,Граница выборки (4-е колено): исходящие не видны; получено 241 тыс. ₸ от 1 плательщика,False,4,True,1,0,241000.0,0.0,18,0,0.0,,7,0,0.0,1,False,False
100000004611571100,peripheral,1.0,10,0.2466,"Признаков роли нет: связи 1 вх./0 исх., оборот 23 тыс. ₸",False,3,False,1,0,22550.0,0.0,1,0,0.0,,7,0,0.0,1,False,False
100000004613582100,peripheral,1.0,14,0.393,"Признаков роли нет: связи 1 вх./1 исх., оборот 10 тыс. ₸",False,3,False,1,1,5000.0,9500.0,1,1,1.9,15.0,1,0,0.0,1,False,True
100000004616845100,peripheral,1.0,12,0.2449,Граница выборки (4-е колено): исходящие не видны; получено 20 тыс. ₸ от 1 плательщика,False,4,True,1,0,20200.0,0.0,2,0,0.0,,7,0,0.0,1,False,False
100000004622227100,peripheral,0.66,1,0.4451,"Признаков роли нет: связи 1 вх./3 исх., оборот 25 тыс. ₸",False,1,False,1,3,24931.0,19000.0,1,3,0.7621,3.0,7,1,4.8e-05,1,False,False
100000004629688100,transit,0.96,2,0.5191,Признаки транзита: ушло 15 тыс. ₸ при видимом входе 5 тыс. ₸ за ~3 дн. — приток вне выборки,False,3,False,1,1,5000.0,15000.0,1,2,3.0,3.0,7,0,0.0,1,True,True
100000004634420100,peripheral,1.0,6,0.2514,"Признаков роли нет: связи 1 вх./0 исх., оборот 26 тыс. ₸",False,3,False,1,0,26150.0,0.0,1,0,0.0,,1,0,0.0,1,False,False
100000004635886100,peripheral,1.0,2,0.2469,"Признаков роли нет: связи 1 вх./0 исх., оборот 23 тыс. ₸",False,3,False,1,0,23000.0,0.0,1,0,0.0,,7,0,0.0,1,False,False
100000004644615100,transit,1.0,9,0.6993,Признаки транзита: ушло 380 тыс. ₸ при видимом входе 51 тыс. ₸ за ~0 дн. — приток вне выборки; блокировка отсекает 430 тыс. ₸,False,3,False,1,2,50810.0,379665.0,1,14,7.4722,0.0,1,0,1e-06,1,False,True
100000004652395100,peripheral,1.0,1,0.3632,Граница выборки (4-е колено): исходящие не видны; получено 102 тыс. ₸ от 3 плательщиков,False,4,True,3,0,101528.0,0.0,5,0,0.0,,7,0,0.0,3,False,False
100000004655046100,peripheral,1.0,14,0.2483,Граница выборки (4-е колено): исходящие не видны; получено 24 тыс. ₸ от 1 плательщика,False,4,True,1,0,24000.0,0.0,1,0,0.0,,9,0,0.0,1,False,False
100000004657034100,peripheral,1.0,7,0.2891,"Признаков роли нет: связи 1 вх./0 исх., оборот 141 тыс. ₸",False,3,False,1,0,141250.0,0.0,1,0,0.0,,7,0,0.0,1,False,False
100000004659919100,peripheral,1.0,8,0.4957,"Признаков роли нет: связи 1 вх./1 исх., оборот 110 тыс. ₸; блокировка отсекает 149 тыс. ₸",False,3,False,1,1,110000.0,39000.0,2,1,0.3545,13.5,10,0,2.4e-05,1,False,False
100000004662806100,peripheral,1.0,16,0.5692,"Признаков роли нет: связи 2 вх./2 исх., оборот 107 тыс. ₸; блокировка отсекает 166 тыс. ₸",False,1,False,2,2,106585.0,59900.0,2,3,0.562,1.5,8,1,3.9e-05,1,False,False
100000004664515100,peripheral,1.0,1,0.2598,"Признаков роли нет: связи 1 вх./0 исх., оборот 38 тыс. ₸",False,1,False,1,0,37691.0,0.0,1,0,0.0,,7,1,0.0,1,False,False
100000004664905100,terminal,1.0,2,0.4971,"Деньги оседают: получено 329 тыс. ₸ от 2 плательщиков, исходящих ≥5 тыс. ₸ нет (узел раскрыт обходом)",False,1,False,2,0,329020.0,0.0,4,0,0.0,,7,1,0.0,1,False,False
100000004666651100,terminal,1.0,8,0.4333,"Деньги оседают: получено 429 тыс. ₸ от 1 плательщика, исходящих ≥5 тыс. ₸ нет (узел раскрыт обходом)",False,2,False,1,0,429250.0,0.0,1,0,0.0,,10,0,0.0,1,False,False
100000004670388100,transit,1.0,39,0.7325,Признаки транзита: ушло 720 тыс. ₸ при видимом входе 160 тыс. ₸ за ~0 дн. — приток вне выборки; блокировка отсекает 880 тыс. ₸,False,3,False,1,2,160354.0,720000.0,1,4,4.4901,0.0,7,0,2e-05,1,True,True
100000004671609100,peripheral,1.0,4,0.2826,"Признаков роли нет: связи 1 вх./0 исх., оборот 100 тыс. ₸",False,3,False,1,0,100000.0,0.0,1,0,0.0,,9,0,0.0,1,False,False
100000004673335100,peripheral,1.0,13,0.2772,Граница выборки (4-е колено): исходящие не видны; получено 80 тыс. ₸ от 1 плательщика,False,4,True,1,0,80000.0,0.0,1,0,0.0,,7,0,0.0,1,False,False
100000004674178100,peripheral,1.0,27,0.2437,Граница выборки (4-е колено): исходящие не видны; получено 20 тыс. ₸ от 1 плательщика,False,4,True,1,0,20000.0,0.0,1,0,0.0,,7,0,0.0,1,False,False
100000004674389100,peripheral,1.0,1,0.2366,Граница выборки (4-е колено): исходящие не видны; получено 15 тыс. ₸ от 1 плательщика,False,4,True,1,0,15000.0,0.0,1,0,0.0,,8,0,0.0,1,False,False
100000004674412100,peripheral,1.0,1,0.2639,Граница выборки (4-е колено): исходящие не видны; получено 46 тыс. ₸ от 1 плательщика,False,4,True,1,0,46000.0,0.0,1,0,0.0,,8,0,0.0,1,False,False
100000004674799100,peripheral,1.0,3,0.2886,"Признаков роли нет: связи 1 вх./0 исх., оборот 140 тыс. ₸",False,2,False,1,0,140000.0,0.0,5,0,0.0,,7,0,0.0,1,False,False
100000004676985100,transit,0.52,10,0.5952,"Признаки транзита: пришло 32 тыс. ₸, ушло 84% за ~3 дн.; связи 1→1",False,3,False,1,1,32260.0,27102.0,1,1,0.8401,3.0,7,0,1.9e-05,1,False,False
100000004677680100,transit,0.96,15,0.7584,Признаки транзита: ушло 168 тыс. ₸ при видимом входе 63 тыс. ₸ за ~3 дн. — приток вне выборки; блокировка отсекает 236 тыс. ₸,False,1,False,2,1,63000.0,168000.0,2,3,2.6667,3.0,8,1,4.1e-05,1,True,True
100000004679953100,peripheral,1.0,10,0.6656,"Признаков роли нет: связи 3 вх./3 исх., оборот 344 тыс. ₸; в ядре-кольце из 85; блокировка отсекает 4,0 млн ₸",False,1,False,3,3,343538.0,34100.0,3,3,0.0993,3.0,7,1,0.000354,2,True,False
100000004687099100,peripheral,1.0,14,0.2549,"Признаков роли нет: связи 1 вх./0 исх., оборот 30 тыс. ₸",False,2,False,1,0,30000.0,0.0,1,0,0.0,,1,0,0.0,1,False,False
100000004687282100,peripheral,1.0,2,0.2437,"Признаков роли нет: связи 1 вх./0 исх., оборот 20 тыс. ₸",False,2,False,1,0,20000.0,0.0,1,0,0.0,,7,0,0.0,1,False,False
100000004689658100,peripheral,1.0,17,0.5362,"Признаков роли нет: связи 1 вх./1 исх., оборот 456 тыс. ₸; блокировка отсекает 463 тыс. ₸",False,3,False,1,1,456100.0,7092.0,1,1,0.0155,,7,0,1.9e-05,1,False,False
100000004691350100,peripheral,1.0,39,0.2346,Граница выборки (4-е колено): исходящие не видны; получено 13 тыс. ₸ от 1 плательщика,False,4,True,1,0,13300.0,0.0,1,0,0.0,,7,0,0.0,1,False,False
100000004692798100,peripheral,1.0,16,0.5696,"Признаков роли нет: связи 2 вх./1 исх., оборот 240 тыс. ₸; блокировка отсекает 255 тыс. ₸",False,1,False,2,1,240305.0,15000.0,4,2,0.0624,8.0,1,1,0.0,1,True,False
100000004697956100,transit,0.96,9,0.5129,"Признаки транзита: пришло 10 тыс. ₸, ушло 100% за ~3 дн.; связи 1→1",False,3,False,1,1,10000.0,10000.0,1,1,1.0,3.0,1,0,0.0,1,True,False
100000004698193100,peripheral,1.0,9,0.5733,"Признаков роли нет: связи 2 вх./3 исх., оборот 223 тыс. ₸; блокировка отсекает 261 тыс. ₸",False,2,False,2,3,222700.0,38000.0,15,5,0.1706,4.0,1,0,2e-06,1,True,False
100000004707703100,transit,1.0,2,0.7877,"Признаки транзита: пришло 239 тыс. ₸, ушло 97% за ~0 дн.; связи 2→5; блокировка отсекает 471 тыс. ₸",False,1,False,2,5,239300.0,231650.0,3,6,0.968,0.0,7,1,0.000107,1,False,False
100000004713684100,peripheral,1.0,10,0.2597,"Признаков роли нет: связи 1 вх./0 исх., оборот 38 тыс. ₸",False,3,False,1,0,37500.0,0.0,1,0,0.0,,7,0,0.0,1,False,False
100000004714705100,peripheral,1.0,12,0.0995,"Признаков роли нет: связи 0 вх./1 исх., оборот 37 тыс. ₸; курьер из исходного списка",True,0,False,0,1,0.0,36550.0,0,1,,,0,0,0.0,0,False,False
100000004715209100,transit,1.0,31,0.7191,Признаки транзита: ушло 350 тыс. ₸ при видимом входе 5 тыс. ₸ за ~0 дн. — приток вне выборки; блокировка отсекает 355 тыс. ₸,False,3,False,1,5,5000.0,350450.0,1,17,70.09,0.0,7,0,7.8e-05,1,True,True
100000004717647100,transit,1.0,1,0.7661,"Признаки транзита: ушло 2,2 млн ₸ при видимом входе 300 тыс. ₸ за ~0,5 дн. — приток вне выборки; блокировка отсекает 2,5 млн ₸",False,3,False,1,5,300000.0,2240000.0,2,10,7.4667,0.5,7,0,7.8e-05,1,True,True
100000004722630100,peripheral,1.0,39,0.3049,Граница выборки (4-е колено): исходящие не видны; получено 340 тыс. ₸ от 1 плательщика,False,4,True,1,0,340000.0,0.0,2,0,0.0,,7,0,0.0,1,False,False
100000004722765100,transit,1.0,1,0.7635,"Признаки транзита: ушло 2,3 млн ₸ при видимом входе 230 тыс. ₸ за ~0 дн. — приток вне выборки; блокировка отсекает 2,5 млн ₸",False,3,False,1,3,230000.0,2284500.0,1,9,9.9326,0.0,7,0,5.8e-05,1,False,True
100000004723755100,peripheral,1.0,8,0.1105,"Признаков роли нет: связи 0 вх./1 исх., оборот 95 тыс. ₸; курьер из исходного списка",True,0,False,0,1,0.0,95000.0,0,5,,,0,0,0.0,0,False,False
100000004726132100,peripheral,1.0,3,0.5273,"Признаков роли нет: связи 1 вх./1 исх., оборот 349 тыс. ₸; блокировка отсекает 373 тыс. ₸",False,3,False,1,1,349000.0,24000.0,1,2,0.0688,4.0,7,0,1.9e-05,1,False,False
100000004732589100,terminal,0.92,11,0.4186,"Деньги оседают: получено 228 тыс. ₸ от 1 плательщика, исходящих ≥5 тыс. ₸ нет (узел раскрыт обходом)",False,2,False,1,0,227520.0,0.0,1,0,0.0,,1,0,0.0,1,False,False
100000004737477100,transit,0.54,10,0.68,"Признаки транзита: пришло 50 тыс. ₸, ушло 82% за ~1 дн.; связи 2→1",False,1,False,2,1,49598.0,40500.0,3,3,0.8166,1.0,7,1,1.9e-05,1,False,False
100000004737764100,terminal,1.0,8,0.438,"Деньги оседают: получено 600 тыс. ₸ от 1 плательщика, исходящих ≥5 тыс. ₸ нет (узел раскрыт обходом)",False,3,False,1,0,600000.0,0.0,1,0,0.0,,7,0,0.0,1,False,False
100000004739664100,peripheral,1.0,5,0.4024,"Признаков роли нет: связи 1 вх./1 исх., оборот 12 тыс. ₸",False,1,False,1,1,12000.0,10000.0,1,1,0.8333,,1,1,1e-06,1,False,False
100000004741837100,peripheral,1.0,2,0.2509,"Признаков роли нет: связи 1 вх./0 исх., оборот 26 тыс. ₸",False,1,False,1,0,25596.0,0.0,1,0,0.0,,7,1,0.0,1,False,False
100000004744306100,transit,0.96,12,0.6706,Признаки транзита: ушло 92 тыс. ₸ при видимом входе 69 тыс. ₸ за ~3 дн. — приток вне выборки; блокировка отсекает 161 тыс. ₸,False,1,False,1,2,69000.0,92000.0,1,3,1.3333,3.0,8,1,3.9e-05,1,False,True
100000004746397100,peripheral,1.0,7,0.5337,"Признаков роли нет: связи 1 вх./1 исх., оборот 220 тыс. ₸; в ядре-кольце из 85; блокировка отсекает 227 тыс. ₸",False,3,False,1,1,219520.0,7500.0,1,1,0.0342,,7,0,0.000668,1,True,False
100000004747154100,peripheral,1.0,31,0.2741,Граница выборки (4-е колено): исходящие не видны; получено 67 тыс. ₸ от 1 плательщика,False,4,True,1,0,67000.0,0.0,1,0,0.0,,7,0,0.0,1,False,False
100000004750321100,peripheral,1.0,11,0.3357,"Признаков роли нет: связи 2 вх./0 исх., оборот 50 тыс. ₸",False,3,False,2,0,50185.0,0.0,2,0,0.0,,7,0,0.0,1,False,False
100000004750897100,peripheral,1.0,2,0.2304,"Признаков роли нет: связи 1 вх./0 исх., оборот 10 тыс. ₸",False,3,False,1,0,10000.0,0.0,1,0,0.0,,7,0,0.0,1,False,False
100000004756901100,peripheral,1.0,8,0.2907,"Признаков роли нет: связи 1 вх./0 исх., оборот 153 тыс. ₸",False,2,False,1,0,153248.0,0.0,1,0,0.0,,7,0,0.0,1,False,False
100000004759121100,consolidator,0.66,3,0.9189,"Признаки консолидации: 6 плательщиков (курьеров: 1), вход 710 тыс. ₸, дальше 2 получ., удержано 56%; блокировка отсекает 1,1 млн ₸",False,1,False,6,2,710000.0,312000.0,10,6,0.4394,0.0,7,1,7.7e-05,1,True,False
100000004765639100,transit,1.0,21,0.516,Признаки транзита: ушло 11 тыс. ₸ при видимом входе 5 тыс. ₸ за ~0 дн. — приток вне выборки,False,2,False,1,2,5000.0,11000.0,1,2,2.2,0.0,7,0,0.0,1,True,True
100000004770073100,transit,1.0,1,0.5742,"Признаки транзита: пришло 5 тыс. ₸, ушло 100% за ~0 дн.; связи 1→1",False,3,False,1,1,5462.4,5466.97,1,1,1.0008,0.0,7,0,1.9e-05,1,False,False
100000004777215100,peripheral,1.0,21,0.272,Граница выборки (4-е колено): исходящие не видны; получено 60 тыс. ₸ от 1 плательщика,False,4,True,1,0,60000.0,0.0,1,0,0.0,,7,0,0.0,1,False,False
100000004779204100,peripheral,0.98,10,0.4409,"Признаков роли нет: связи 1 вх./1 исх., оборот 30 тыс. ₸",False,3,False,1,1,30450.0,20000.0,1,2,0.6568,0.0,7,0,1.9e-05,1,False,False
100000004780083100,peripheral,1.0,1,0.229,Граница выборки (4-е колено): исходящие не видны; получено 10 тыс. ₸ от 1 плательщика,False,4,True,1,0,9999.0,0.0,1,0,0.0,,7,0,0.0,1,False,False
100000004780327100,peripheral,1.0,13,0.2331,Граница выборки (4-е колено): исходящие не видны; получено 12 тыс. ₸ от 1 плательщика,False,4,True,1,0,12000.0,0.0,1,0,0.0,,1,0,0.0,1,False,False
100000004783447100,peripheral,1.0,5,0.2518,"Признаков роли нет: связи 1 вх./0 исх., оборот 26 тыс. ₸",False,1,False,1,0,26200.0,0.0,1,0,0.0,,1,1,0.0,1,False,False
100000004784224100,peripheral,1.0,25,0.4705,"Признаков роли нет: связи 1 вх./1 исх., оборот 100 тыс. ₸; блокировка отсекает 124 тыс. ₸",False,1,False,1,1,23500.0,100000.0,2,1,4.2553,5.5,1,1,0.0,1,False,True
100000004788983100,peripheral,1.0,10,0.2525,Граница выборки (4-е колено): исходящие не видны; получено 27 тыс. ₸ от 1 плательщика,False,4,True,1,0,27000.0,0.0,1,0,0.0,,7,0,0.0,1,False,False
100000004790991100,terminal,1.0,2,0.4239,"Деньги оседают: получено 239 тыс. ₸ от 1 плательщика, исходящих ≥5 тыс. ₸ нет (узел раскрыт обходом)",False,1,False,1,0,239413.0,0.0,4,0,0.0,,7,1,0.0,1,False,False
100000004791226100,peripheral,1.0,10,0.2437,Граница выборки (4-е колено): исходящие не видны; получено 20 тыс. ₸ от 1 плательщика,False,4,True,1,0,20000.0,0.0,1,0,0.0,,7,0,0.0,1,False,False
100000004792397100,peripheral,1.0,5,0.2757,"Признаков роли нет: связи 1 вх./0 исх., оборот 74 тыс. ₸",False,1,False,1,0,73520.0,0.0,1,0,0.0,,1,1,0.0,1,False,False
100000004797167100,peripheral,1.0,22,0.2561,Граница выборки (4-е колено): исходящие не видны; получено 31 тыс. ₸ от 1 плательщика,False,4,True,1,0,31000.0,0.0,1,0,0.0,,1,0,0.0,1,False,False
100000004798515100,peripheral,1.0,16,0.2957,Граница выборки (4-е колено): исходящие не видны; получено 200 тыс. ₸ от 1 плательщика,False,4,True,1,0,200000.0,0.0,2,0,0.0,,7,0,0.0,1,False,False
100000004800452100,peripheral,1.0,17,0.2263,Граница выборки (4-е колено): исходящие не видны; получено 7 тыс. ₸ от 1 плательщика,False,4,True,1,0,6544.53,0.0,1,0,0.0,,7,0,0.0,1,False,False
100000004800648100,peripheral,1.0,16,0.2875,Граница выборки (4-е колено): исходящие не видны; получено 131 тыс. ₸ от 1 плательщика,False,4,True,1,0,131000.0,0.0,1,0,0.0,,7,0,0.0,1,False,False
100000004806903100,peripheral,1.0,8,0.2414,"Признаков роли нет: связи 1 вх./0 исх., оборот 18 тыс. ₸",False,2,False,1,0,18000.0,0.0,1,0,0.0,,10,0,0.0,1,False,False
100000004813068100,peripheral,1.0,25,0.1214,"Признаков роли нет: связи 0 вх./3 исх., оборот 297 тыс. ₸; курьер из исходного списка",True,0,False,0,3,0.0,297000.0,0,5,,,0,0,0.0,0,False,False
100000004816564100,peripheral,1.0,2,0.5183,"Признаков роли нет: связи 1 вх./1 исх., оборот 285 тыс. ₸; блокировка отсекает 290 тыс. ₸",False,2,False,1,1,285480.0,5000.0,1,1,0.0175,1.0,7,0,1.9e-05,1,False,False
100000004820260100,transit,0.92,2,0.6991,"Признаки транзита: пришло 234 тыс. ₸, ушло 92% за ~0 дн.; связи 1→3; блокировка отсекает 450 тыс. ₸",False,2,False,1,3,234200.0,215350.0,12,10,0.9195,0.0,7,0,2e-05,1,True,False
100000004825069100,peripheral,1.0,5,0.2549,"Признаков роли нет: связи 1 вх./0 исх., оборот 30 тыс. ₸",False,2,False,1,0,30000.0,0.0,4,0,0.0,,1,0,0.0,1,False,False
100000004840086100,peripheral,1.0,3,0.2826,Граница выборки (4-е колено): исходящие не видны; получено 100 тыс. ₸ от 1 плательщика,False,4,True,1,0,100000.0,0.0,2,0,0.0,,7,0,0.0,1,False,False
100000004841728100,peripheral,1.0,5,0.2689,"Признаков роли нет: связи 1 вх./0 исх., оборот 52 тыс. ₸",False,1,False,1,0,52208.0,0.0,1,0,0.0,,1,1,0.0,1,False,False
100000004847758100,transit,1.0,1,0.8313,"Признаки транзита: ушло 489 тыс. ₸ при видимом входе 115 тыс. ₸ за ~1,5 дн. — приток вне выборки; в ядре-кольце из 85; блокировка отсекает 656 тыс. ₸",False,1,False,4,15,115171.0,488800.0,4,23,4.2441,1.5,7,1,0.001359,1,True,True
100000004848236100,peripheral,1.0,10,0.2271,Граница выборки (4-е колено): исходящие не видны; получено 8 тыс. ₸ от 1 плательщика,False,4,True,1,0,7500.0,0.0,1,0,0.0,,7,0,0.0,1,False,False
100000004850609100,peripheral,1.0,1,0.2304,Граница выборки (4-е колено): исходящие не видны; получено 10 тыс. ₸ от 1 плательщика,False,4,True,1,0,10000.0,0.0,1,0,0.0,,7,0,0.0,1,False,False
100000004856746100,peripheral,1.0,20,0.2437,Граница выборки (4-е колено): исходящие не видны; получено 20 тыс. ₸ от 1 плательщика,False,4,True,1,0,20000.0,0.0,1,0,0.0,,7,0,0.0,1,False,False
100000004877085100,transit,1.0,1,0.6697,Признаки транзита: ушло 96 тыс. ₸ при видимом входе 25 тыс. ₸ за ~0 дн. — приток вне выборки; блокировка отсекает 121 тыс. ₸,False,3,False,1,3,25000.0,95600.0,1,9,3.824,0.0,7,0,5.8e-05,1,False,True
100000004889043100,terminal,1.0,10,0.4939,"Деньги оседают: получено 272 тыс. ₸ от 2 плательщиков, исходящих ≥5 тыс. ₸ нет (узел раскрыт обходом)",False,3,False,2,0,272000.0,0.0,4,0,0.0,,7,0,0.0,2,False,False
100000004890713100,peripheral,1.0,11,0.2613,Граница выборки (4-е колено): исходящие не видны; получено 40 тыс. ₸ от 1 плательщика,False,4,True,1,0,40485.0,0.0,1,0,0.0,,7,0,0.0,1,False,False
100000004891562100,peripheral,1.0,13,0.2838,Граница выборки (4-е колено): исходящие не видны; получено 103 тыс. ₸ от 1 плательщика,False,4,True,1,0,103400.0,0.0,1,0,0.0,,1,0,0.0,1,False,False
100000004892144100,peripheral,1.0,25,0.5809,"Признаков роли нет: связи 2 вх./1 исх., оборот 4,5 млн ₸; блокировка отсекает 4,7 млн ₸",False,3,False,2,1,4500000.0,180300.0,7,1,0.0401,6.0,2,0,0.0,2,True,False
100000004904960100,peripheral,1.0,8,0.3245,"Признаков роли нет: связи 2 вх./0 исх., оборот 32 тыс. ₸",False,2,False,2,0,32000.0,0.0,2,0,0.0,,10,0,0.0,1,False,False
100000004905207100,terminal,1.0,9,0.4318,"Деньги оседают: получено 380 тыс. ₸ от 1 плательщика, исходящих ≥5 тыс. ₸ нет (узел раскрыт обходом)",False,2,False,1,0,380000.0,0.0,1,0,0.0,,11,0,0.0,1,False,False
100000004906181100,transit,1.0,7,0.7702,"Признаки транзита: ушло 2,5 млн ₸ при видимом входе 100 тыс. ₸ за ~0 дн. — приток вне выборки; блокировка отсекает 2,6 млн ₸",False,3,False,1,7,100000.0,2473417.91,1,33,24.7342,0.0,7,0,0.000135,1,False,True
100000004908173100,peripheral,1.0,4,0.2454,Граница выборки (4-е колено): исходящие не видны; получено 21 тыс. ₸ от 1 плательщика,False,4,True,1,0,21000.0,0.0,1,0,0.0,,8,0,0.0,1,False,False
100000004911971100,peripheral,1.0,7,0.2584,Граница выборки (4-е колено): исходящие не видны; получено 35 тыс. ₸ от 1 плательщика,False,4,True,1,0,35000.0,0.0,3,0,0.0,,7,0,0.0,1,False,False
100000004917367100,peripheral,1.0,7,0.3539,"Признаков роли нет: связи 2 вх./0 исх., оборот 120 тыс. ₸",False,3,False,2,0,120000.0,0.0,2,0,0.0,,7,0,0.0,1,False,False
100000004921657100,transit,1.0,8,0.5338,Признаки транзита: ушло 22 тыс. ₸ при видимом входе 8 тыс. ₸ за ~0 дн. — приток вне выборки,False,3,False,1,1,8300.0,22190.0,1,1,2.6735,0.0,10,0,0.0,1,False,True
100000004931931100,transit,0.96,3,0.626,Признаки транзита: ушло 45 тыс. ₸ при видимом входе 24 тыс. ₸ за ~3 дн. — приток вне выборки,False,3,False,1,1,23938.0,45000.0,1,1,1.8799,3.0,7,0,1.9e-05,1,False,True
100000004948177100,terminal,1.0,2,0.5133,"Деньги оседают: получено 437 тыс. ₸ от 3 плательщиков, исходящих ≥5 тыс. ₸ нет (узел раскрыт обходом)",False,1,False,3,0,437163.0,0.0,8,0,0.0,,7,1,0.0,1,False,False
100000004950490100,peripheral,1.0,14,0.2304,"Признаков роли нет: связи 1 вх./0 исх., оборот 10 тыс. ₸",False,2,False,1,0,10000.0,0.0,1,0,0.0,,1,0,0.0,1,False,False
100000004959752100,peripheral,1.0,17,0.2463,"Признаков роли нет: связи 1 вх./0 исх., оборот 22 тыс. ₸",False,3,False,1,0,22200.0,0.0,1,0,0.0,,11,0,0.0,1,False,False
100000004962193100,consolidator,1.0,1,0.68,"Признаки консолидации: 8 плательщиков (курьеров: 0), вход 900 тыс. ₸, дальше 0 получ., удержано 100%; синхронный сбор: 5 плат. в 1 день",False,2,False,8,0,900468.0,0.0,11,0,0.0,,7,0,0.0,5,False,False
100000004970752100,peripheral,1.0,10,0.2304,"Признаков роли нет: связи 1 вх./0 исх., оборот 10 тыс. ₸",False,3,False,1,0,10000.0,0.0,1,0,0.0,,7,0,0.0,1,False,False
100000004971871100,peripheral,1.0,43,0.1254,"Признаков роли нет: связи 1 вх./1 исх., оборот 25 тыс. ₸; курьер из исходного списка",True,0,False,1,1,25400.0,5650.0,3,1,,2.5,0,0,0.0,1,True,False
100000004975919100,peripheral,1.0,3,0.4379,"Признаков роли нет: связи 1 вх./2 исх., оборот 22 тыс. ₸",False,3,False,1,2,22351.0,15000.0,1,2,0.6711,,7,0,3.8e-05,1,False,False
100000004976946100,peripheral,1.0,10,0.2992,Граница выборки (4-е колено): исходящие не видны; получено 246 тыс. ₸ от 1 плательщика,False,4,True,1,0,246000.0,0.0,1,0,0.0,,7,0,0.0,1,False,False
100000004979264100,peripheral,1.0,4,0.2605,Граница выборки (4-е колено): исходящие не видны; получено 40 тыс. ₸ от 1 плательщика,False,4,True,1,0,39800.0,0.0,1,0,0.0,,8,0,0.0,1,False,False
100000004979283100,peripheral,1.0,11,0.2612,"Признаков роли нет: связи 1 вх./0 исх., оборот 40 тыс. ₸",False,3,False,1,0,40132.0,0.0,1,0,0.0,,7,0,0.0,1,False,False
100000004979498100,peripheral,1.0,40,0.4869,"Признаков роли нет: связи 1 вх./1 исх., оборот 700 тыс. ₸; блокировка отсекает 900 тыс. ₸",False,2,False,1,1,700000.0,200000.0,2,1,0.2857,0.0,1,0,0.0,1,True,False
100000004981068100,peripheral,1.0,1,0.2304,Граница выборки (4-е колено): исходящие не видны; получено 10 тыс. ₸ от 1 плательщика,False,4,True,1,0,10000.0,0.0,1,0,0.0,,7,0,0.0,1,False,False
100000004984689100,peripheral,1.0,3,0.2694,"Признаков роли нет: связи 1 вх./0 исх., оборот 53 тыс. ₸",False,3,False,1,0,53030.0,0.0,1,0,0.0,,7,0,0.0,1,False,False
100000004988240100,peripheral,1.0,10,0.2437,Граница выборки (4-е колено): исходящие не видны; получено 20 тыс. ₸ от 1 плательщика,False,4,True,1,0,20000.0,0.0,1,0,0.0,,7,0,0.0,1,False,False
100000004991593100,peripheral,1.0,1,0.2633,Граница выборки (4-е колено): исходящие не видны; получено 45 тыс. ₸ от 1 плательщика,False,4,True,1,0,45000.0,0.0,2,0,0.0,,7,0,0.0,1,False,False
100000004991812100,peripheral,1.0,24,0.2304,"Признаков роли нет: связи 1 вх./0 исх., оборот 10 тыс. ₸",False,3,False,1,0,10000.0,0.0,1,0,0.0,,7,0,0.0,1,False,False
100000004993576100,peripheral,0.9,2,0.2923,"Признаков роли нет: связи 1 вх./0 исх., оборот 167 тыс. ₸",False,2,False,1,0,167000.0,0.0,1,0,0.0,,7,0,0.0,1,False,False
100000004997515100,peripheral,1.0,4,0.6354,"Признаков роли нет: связи 4 вх./4 исх., оборот 395 тыс. ₸; блокировка отсекает 450 тыс. ₸",False,3,False,4,4,395000.0,54500.0,4,4,0.138,6.5,9,0,9e-05,1,False,False
100000005008589100,peripheral,1.0,1,0.2622,"Признаков роли нет: связи 1 вх./0 исх., оборот 43 тыс. ₸",False,3,False,1,0,42806.68,0.0,1,0,0.0,,7,0,0.0,1,False,False
100000005010159100,peripheral,1.0,17,0.227,Граница выборки (4-е колено): исходящие не видны; получено 7 тыс. ₸ от 1 плательщика,False,4,True,1,0,7092.0,0.0,1,0,0.0,,7,0,0.0,1,False,False
100000005017150100,peripheral,1.0,0,0.0,Нет переводов ≥5 тыс. ₸ внутри банка за июль; курьер из исходного списка,True,0,False,0,0,0.0,0.0,0,0,,,0,0,0.0,0,False,False
100000005022552100,peripheral,1.0,2,0.446,"Признаков роли нет: связи 1 вх./1 исх., оборот 241 тыс. ₸; блокировка отсекает 246 тыс. ₸",False,3,False,1,1,241000.0,5000.0,3,1,0.0207,14.0,7,0,0.0,1,False,False
100000005022964100,peripheral,1.0,8,0.2437,"Признаков роли нет: связи 1 вх./0 исх., оборот 20 тыс. ₸",False,2,False,1,0,20000.0,0.0,1,0,0.0,,10,0,0.0,1,False,False
100000005025629100,peripheral,1.0,7,0.2246,Граница выборки (4-е колено): исходящие не видны; получено 5 тыс. ₸ от 1 плательщика,False,4,True,1,0,5227.0,0.0,1,0,0.0,,7,0,0.0,1,False,False
100000005030592100,peripheral,1.0,2,0.2304,"Признаков роли нет: связи 1 вх./0 исх., оборот 10 тыс. ₸",False,2,False,1,0,10000.0,0.0,1,0,0.0,,7,0,0.0,1,False,False
100000005031696100,transit,1.0,8,0.6863,Признаки транзита: ушло 115 тыс. ₸ при видимом входе 5 тыс. ₸ за ~2 дн. — приток вне выборки; блокировка отсекает 177 тыс. ₸,False,2,False,1,2,5000.0,115000.0,1,3,23.0,2.0,10,0,9.6e-05,1,False,True
100000005032294100,peripheral,1.0,12,0.2304,"Признаков роли нет: связи 1 вх./0 исх., оборот 10 тыс. ₸",False,2,False,1,0,10000.0,0.0,1,0,0.0,,8,0,0.0,1,False,False
100000005034574100,terminal,1.0,45,0.4253,"Деньги оседают: получено 259 тыс. ₸ от 1 плательщика, исходящих ≥5 тыс. ₸ нет (узел раскрыт обходом)",False,1,False,1,0,258816.0,0.0,16,0,0.0,,1,1,0.0,1,False,False
100000005037490100,transit,1.0,19,0.6163,Признаки транзита: ушло 30 тыс. ₸ при видимом входе 15 тыс. ₸ за ~0 дн. — приток вне выборки,False,3,False,1,2,15000.0,30000.0,1,3,2.0,0.0,7,0,1.9e-05,1,True,True
100000005041147100,peripheral,1.0,3,0.2304,Граница выборки (4-е колено): исходящие не видны; получено 10 тыс. ₸ от 1 плательщика,False,4,True,1,0,10000.0,0.0,1,0,0.0,,7,0,0.0,1,False,False
100000005041905100,peripheral,1.0,6,0.4928,"Признаков роли нет: связи 1 вх./1 исх., оборот 1,1 млн ₸; блокировка отсекает 1,1 млн ₸",False,3,False,1,1,5000.0,1080351.0,1,5,216.0702,,1,0,0.0,1,True,True
100000005042822100,peripheral,1.0,30,0.3167,"Граница выборки (4-е колено): исходящие не видны; получено 1,0 млн ₸ от 1 плательщика",False,4,True,1,0,1000000.0,0.0,1,0,0.0,,7,0,0.0,1,False,False
100000005048668100,transit,1.0,1,0.7664,"Признаки транзита: ушло 159 тыс. ₸ при видимом входе 17 тыс. ₸ за ~1,5 дн. — приток вне выборки; в ядре-кольце из 85; блокировка отсекает 176 тыс. ₸",False,3,False,2,8,16668.0,159400.0,2,11,9.5632,1.5,7,0,0.000654,1,True,True
100000005049404100,peripheral,1.0,7,0.2817,Граница выборки (4-е колено): исходящие не видны; получено 98 тыс. ₸ от 1 плательщика,False,4,True,1,0,98000.0,0.0,2,0,0.0,,7,0,0.0,1,False,False
100000005052998100,peripheral,1.0,3,0.4306,"Признаков роли нет: связи 1 вх./1 исх., оборот 28 тыс. ₸; в ядре-кольце из 85",False,3,False,1,1,9500.0,28400.0,1,1,2.9895,,7,0,4e-06,1,True,True
100000005053653100,peripheral,1.0,1,0.534,"Признаков роли нет: связи 2 вх./1 исх., оборот 63 тыс. ₸",False,2,False,2,1,63073.0,25000.0,2,1,0.3964,,7,0,1.9e-05,1,False,False
100000005055454100,peripheral,1.0,29,0.2263,"Признаков роли нет: связи 1 вх./0 исх., оборот 6 тыс. ₸",False,3,False,1,0,6500.0,0.0,1,0,0.0,,1,0,0.0,1,False,False
100000005056870100,peripheral,1.0,37,0.2437,"Признаков роли нет: связи 1 вх./0 исх., оборот 20 тыс. ₸",False,1,False,1,0,20000.0,0.0,1,0,0.0,,1,1,0.0,1,False,False
100000005059998100,peripheral,1.0,1,0.2414,"Признаков роли нет: связи 1 вх./0 исх., оборот 18 тыс. ₸",False,2,False,1,0,18000.0,0.0,1,0,0.0,,7,0,0.0,1,False,False
100000005061890100,peripheral,1.0,19,0.2796,"Признаков роли нет: связи 1 вх./0 исх., оборот 90 тыс. ₸",False,3,False,1,0,90000.0,0.0,1,0,0.0,,7,0,0.0,1,False,False
100000005074393100,transit,1.0,32,0.8443,"Признаки транзита: ушло 686 тыс. ₸ при видимом входе 563 тыс. ₸ за ~1 дн. — приток вне выборки; блокировка отсекает 1,8 млн ₸",False,1,False,4,6,563026.0,685500.0,5,10,1.2175,1.0,10,1,0.000217,1,True,True
100000005075949100,peripheral,1.0,1,0.3207,"Граница выборки (4-е колено): исходящие не видны; получено 2,2 млн ₸ от 1 плательщика",False,4,True,1,0,2226000.0,0.0,7,0,0.0,,7,0,0.0,1,False,False
100000005077484100,peripheral,1.0,29,0.4855,"Признаков роли нет: связи 1 вх./2 исх., оборот 150 тыс. ₸; блокировка отсекает 164 тыс. ₸",False,2,False,1,2,150000.0,13550.0,1,2,0.0903,0.0,1,0,0.0,1,True,False
100000005079473100,peripheral,1.0,17,0.2603,Граница выборки (4-е колено): исходящие не видны; получено 39 тыс. ₸ от 1 плательщика,False,4,True,1,0,39312.0,0.0,1,0,0.0,,7,0,0.0,1,False,False
100000005079754100,transit,1.0,8,0.6899,Признаки транзита: ушло 122 тыс. ₸ при видимом входе 70 тыс. ₸ за ~1 дн. — приток вне выборки; блокировка отсекает 214 тыс. ₸,False,1,False,1,2,70000.0,122000.0,1,2,1.7429,1.0,10,1,9.5e-05,1,False,True
100000005082652100,peripheral,1.0,14,0.2549,"Признаков роли нет: связи 1 вх./0 исх., оборот 30 тыс. ₸",False,3,False,1,0,30000.0,0.0,1,0,0.0,,1,0,0.0,1,False,False
100000005087431100,peripheral,1.0,0,0.0,Нет переводов ≥5 тыс. ₸ внутри банка за июль; курьер из исходного списка,True,0,False,0,0,0.0,0.0,0,0,,,0,0,0.0,0,False,False
100000005087923100,peripheral,1.0,9,0.2437,Граница выборки (4-е колено): исходящие не видны; получено 20 тыс. ₸ от 1 плательщика,False,4,True,1,0,20000.0,0.0,1,0,0.0,,1,0,0.0,1,False,False
100000005089460100,peripheral,1.0,6,0.2336,"Признаков роли нет: связи 1 вх./0 исх., оборот 12 тыс. ₸",False,3,False,1,0,12300.0,0.0,1,0,0.0,,1,0,0.0,1,False,False
100000005092518100,peripheral,1.0,5,0.2513,"Признаков роли нет: связи 1 вх./0 исх., оборот 26 тыс. ₸",False,1,False,1,0,26144.0,0.0,1,0,0.0,,1,1,0.0,1,False,False
100000005093521100,peripheral,1.0,8,0.2373,"Признаков роли нет: связи 1 вх./0 исх., оборот 15 тыс. ₸",False,1,False,1,0,15200.0,0.0,1,0,0.0,,10,1,0.0,1,False,False
100000005100475100,peripheral,1.0,9,0.2608,"Признаков роли нет: связи 1 вх./0 исх., оборот 40 тыс. ₸",False,3,False,1,0,40000.0,0.0,1,0,0.0,,1,0,0.0,1,False,False
100000005105153100,peripheral,1.0,3,0.2549,"Признаков роли нет: связи 1 вх./0 исх., оборот 30 тыс. ₸",False,2,False,1,0,30000.0,0.0,1,0,0.0,,7,0,0.0,1,False,False
100000005124479100,peripheral,1.0,8,0.576,"Признаков роли нет: связи 2 вх./2 исх., оборот 138 тыс. ₸; блокировка отсекает 175 тыс. ₸",False,1,False,2,2,137753.0,22000.0,2,2,0.1597,4.0,10,1,4.8e-05,1,False,False
100000005127767100,peripheral,1.0,2,0.2268,"Признаков роли нет: связи 1 вх./0 исх., оборот 7 тыс. ₸",False,3,False,1,0,7000.0,0.0,1,0,0.0,,7,0,0.0,1,False,False
100000005133757100,peripheral,1.0,17,0.341,"Признаков роли нет: связи 2 вх./0 исх., оборот 65 тыс. ₸",False,1,False,2,0,65000.0,0.0,2,0,0.0,,10,1,0.0,1,False,False
100000005140601100,transit,1.0,3,0.7674,Признаки транзита: ушло 195 тыс. ₸ при видимом входе 53 тыс. ₸ за ~1 дн. — приток вне выборки; блокировка отсекает 248 тыс. ₸,False,2,False,3,2,52685.0,195300.0,4,5,3.7069,1.0,7,0,2e-05,2,True,True
100000005142492100,transit,1.0,9,0.5687,Признаки транзита: ушло 57 тыс. ₸ при видимом входе 10 тыс. ₸ за ~0 дн. — приток вне выборки,False,3,False,1,1,10000.0,57000.0,1,1,5.7,0.0,7,0,0.0,1,True,True
100000005142589100,peripheral,1.0,1,0.2672,"Признаков роли нет: связи 1 вх./0 исх., оборот 50 тыс. ₸",False,2,False,1,0,50000.0,0.0,2,0,0.0,,7,0,0.0,1,False,False
100000005146665100,peripheral,1.0,12,0.2252,Граница выборки (4-е колено): исходящие не видны; получено 6 тыс. ₸ от 1 плательщика,False,4,True,1,0,5500.0,0.0,1,0,0.0,,7,0,0.0,1,False,False
100000005168487100,transit,1.0,15,0.5908,Признаки транзита: ушло 104 тыс. ₸ при видимом входе 15 тыс. ₸ за ~1 дн. — приток вне выборки; блокировка отсекает 119 тыс. ₸,False,2,False,1,1,15000.0,103510.0,1,14,6.9007,1.0,8,0,0.0,1,True,True
100000005171642100,peripheral,1.0,9,0.616,"Признаков роли нет: связи 2 вх./1 исх., оборот 697 тыс. ₸; блокировка отсекает 1,4 млн ₸",False,3,False,2,1,696800.0,683600.0,5,4,0.9811,7.0,1,0,0.0,1,True,False
100000005172860100,peripheral,1.0,1,0.2374,"Признаков роли нет: связи 1 вх./0 исх., оборот 15 тыс. ₸",False,3,False,1,0,15209.2,0.0,1,0,0.0,,7,0,0.0,1,False,False
100000005175148100,peripheral,1.0,2,0.4729,"Признаков роли нет: связи 2 вх./1 исх., оборот 79 тыс. ₸",False,2,False,2,1,79000.0,15000.0,4,1,0.1899,1.0,7,0,0.0,1,True,False
100000005182219100,peripheral,1.0,19,0.338,"Признаков роли нет: связи 2 вх./0 исх., оборот 55 тыс. ₸",False,3,False,2,0,55000.0,0.0,2,0,0.0,,7,0,0.0,1,False,False
100000005183943100,terminal,1.0,36,0.4388,"Деньги оседают: получено 681 тыс. ₸ от 1 плательщика, исходящих ≥5 тыс. ₸ нет (узел раскрыт обходом)",False,1,False,1,0,680900.0,0.0,9,0,0.0,,1,1,0.0,1,False,False
100000005186109100,peripheral,1.0,2,0.2236,"Признаков роли нет: связи 1 вх./0 исх., оборот 5 тыс. ₸",False,3,False,1,0,5000.0,0.0,1,0,0.0,,7,0,0.0,1,False,False
100000005186131100,transit,1.0,10,0.5814,"Признаки транзита: пришло 10 тыс. ₸, ушло 100% за ~0 дн.; связи 1→1",False,3,False,1,1,10000.0,10000.0,1,1,1.0,0.0,7,0,1.9e-05,1,False,False
100000005187208100,peripheral,1.0,9,0.2354,"Признаков роли нет: связи 1 вх./0 исх., оборот 14 тыс. ₸",False,3,False,1,0,14160.0,0.0,1,0,0.0,,7,0,0.0,1,False,False
100000005189258100,peripheral,1.0,1,0.2672,Граница выборки (4-е колено): исходящие не видны; получено 50 тыс. ₸ от 1 плательщика,False,4,True,1,0,50000.0,0.0,1,0,0.0,,7,0,0.0,1,False,False
100000005198498100,peripheral,1.0,6,0.2536,"Признаков роли нет: связи 1 вх./0 исх., оборот 29 тыс. ₸",False,3,False,1,0,28800.0,0.0,1,0,0.0,,1,0,0.0,1,False,False
100000005198906100,peripheral,1.0,7,0.5135,"Признаков роли нет: связи 1 вх./1 исх., оборот 228 тыс. ₸; блокировка отсекает 288 тыс. ₸",False,3,False,1,1,227970.0,60000.0,1,1,0.2632,,7,0,1.9e-05,1,False,False
100000005203590100,peripheral,1.0,9,0.2796,"Признаков роли нет: связи 1 вх./0 исх., оборот 90 тыс. ₸",False,2,False,1,0,90000.0,0.0,1,0,0.0,,1,0,0.0,1,False,False
100000005205745100,peripheral,1.0,9,0.2257,"Признаков роли нет: связи 1 вх./0 исх., оборот 6 тыс. ₸",False,2,False,1,0,6000.0,0.0,1,0,0.0,,7,0,0.0,1,False,False
100000005209352100,peripheral,1.0,3,0.2236,Граница выборки (4-е колено): исходящие не видны; получено 5 тыс. ₸ от 1 плательщика,False,4,True,1,0,5000.0,0.0,1,0,0.0,,7,0,0.0,1,False,False
100000005222360100,peripheral,0.84,12,0.4588,"Признаков роли нет: связи 1 вх./1 исх., оборот 27 тыс. ₸; в ядре-кольце из 85",False,3,False,1,1,5000.0,27000.0,1,1,5.4,4.0,7,0,0.001909,1,True,True
100000005226217100,peripheral,1.0,4,0.2403,Граница выборки (4-е колено): исходящие не видны; получено 18 тыс. ₸ от 1 плательщика,False,4,True,1,0,17500.0,0.0,1,0,0.0,,9,0,0.0,1,False,False
100000005228059100,peripheral,1.0,5,0.2511,"Признаков роли нет: связи 1 вх./0 исх., оборот 26 тыс. ₸",False,1,False,1,0,26000.0,0.0,1,0,0.0,,1,1,0.0,1,False,False
100000005233755100,peripheral,1.0,18,0.4283,"Признаков роли нет: связи 1 вх./1 исх., оборот 25 тыс. ₸",False,3,False,1,1,25000.0,5000.0,1,1,0.2,0.0,7,0,1.9e-05,1,False,False
100000005235389100,peripheral,1.0,0,0.0,Нет переводов ≥5 тыс. ₸ внутри банка за июль; курьер из исходного списка,True,0,False,0,0,0.0,0.0,0,0,,,0,0,0.0,0,False,False
100000005237935150,peripheral,1.0,9,0.2579,"Признаков роли нет: связи 1 вх./0 исх., оборот 35 тыс. ₸",False,2,False,1,0,34508.0,0.0,1,0,0.0,,1,0,0.0,1,False,False
100000005241556100,peripheral,1.0,4,0.2826,"Признаков роли нет: связи 1 вх./0 исх., оборот 100 тыс. ₸",False,3,False,1,0,100000.0,0.0,1,0,0.0,,8,0,0.0,1,False,False
100000005242320100,distributor,0.68,13,0.8687,"Признаки веерной раздачи: 21 получатель, отправлено 8,9 млн ₸; блокировка отсекает 9,7 млн ₸",False,2,False,2,21,365700.0,8936295.0,2,29,24.4361,0.5,2,0,3e-05,1,False,True
100000005264874100,peripheral,1.0,34,0.4646,"Признаков роли нет: связи 1 вх./2 исх., оборот 78 тыс. ₸; блокировка отсекает 108 тыс. ₸",False,3,False,1,2,30000.0,78000.0,1,3,2.6,,1,0,1e-06,1,True,True
100000005264990100,peripheral,1.0,12,0.185,"Признаков роли нет: связи 1 вх./2 исх., оборот 122 тыс. ₸; курьер из исходного списка",True,0,False,1,2,17070.0,122000.0,1,2,,4.0,7,0,7.8e-05,1,False,False
100000005265073100,peripheral,1.0,15,0.4091,"Признаков роли нет: связи 1 вх./1 исх., оборот 9 тыс. ₸",False,3,False,1,1,5000.0,9000.0,1,1,1.8,,8,0,2.1e-05,1,False,True
100000005268319100,transit,1.0,1,0.6647,Признаки транзита: ушло 91 тыс. ₸ при видимом входе 20 тыс. ₸ за ~0 дн. — приток вне выборки; в ядре-кольце из 85; блокировка отсекает 111 тыс. ₸,False,3,False,1,5,19712.8,91000.0,2,10,4.6163,0.0,7,0,4e-05,1,True,True
100000005272139100,peripheral,1.0,2,0.2919,Граница выборки (4-е колено): исходящие не видны; получено 165 тыс. ₸ от 1 плательщика,False,4,True,1,0,165000.0,0.0,1,0,0.0,,7,0,0.0,1,False,False
100000005287097100,transit,1.0,2,0.8384,"Признаки транзита: ушло 697 тыс. ₸ при видимом входе 127 тыс. ₸ за ~0 дн. — приток вне выборки; в ядре-кольце из 85; блокировка отсекает 3,6 млн ₸",False,1,False,2,9,127173.0,697300.0,5,42,5.4831,0.0,7,1,0.000783,1,True,True
100000005293969100,peripheral,1.0,1,0.225,Граница выборки (4-е колено): исходящие не видны; получено 5 тыс. ₸ от 1 плательщика,False,4,True,1,0,5466.97,0.0,1,0,0.0,,7,0,0.0,1,False,False
100000005308954100,peripheral,1.0,2,0.4747,"Признаков роли нет: связи 1 вх./1 исх., оборот 69 тыс. ₸",False,3,False,1,1,69020.0,30000.0,1,1,0.4347,5.0,7,0,2e-05,1,False,False
100000005314565100,terminal,0.7,1,0.4072,"Деньги оседают: получено 218 тыс. ₸ от 1 плательщика, исходящих ≥5 тыс. ₸ нет (узел раскрыт обходом)",False,3,False,1,0,218500.0,0.0,3,0,0.0,,7,0,0.0,1,False,False
100000005316708100,peripheral,1.0,9,0.5122,"Признаков роли нет: связи 1 вх./2 исх., оборот 258 тыс. ₸; блокировка отсекает 348 тыс. ₸",False,1,False,1,2,90000.0,257500.0,1,4,2.8611,,1,1,1e-06,1,False,True
100000005317181100,peripheral,1.0,3,0.4933,"Признаков роли нет: связи 1 вх./1 исх., оборот 141 тыс. ₸; блокировка отсекает 156 тыс. ₸",False,3,False,1,1,141250.0,14500.0,1,1,0.1027,,7,0,1.9e-05,1,False,False
100000005326681100,peripheral,1.0,2,0.2563,"Признаков роли нет: связи 1 вх./0 исх., оборот 31 тыс. ₸",False,2,False,1,0,31228.0,0.0,1,0,0.0,,7,0,0.0,1,False,False
100000005328215100,peripheral,1.0,11,0.2525,"Признаков роли нет: связи 1 вх./0 исх., оборот 27 тыс. ₸",False,2,False,1,0,27000.0,0.0,1,0,0.0,,1,0,0.0,1,False,False
100000005339662100,transit,1.0,2,0.8145,Признаки транзита: ушло 295 тыс. ₸ при видимом входе 203 тыс. ₸ за ~0 дн. — приток вне выборки; блокировка отсекает 578 тыс. ₸,False,1,False,4,4,202939.0,295160.0,9,15,1.4544,0.0,7,1,0.00014,2,True,True
100000005342513100,peripheral,1.0,5,0.4466,"Признаков роли нет: связи 1 вх./1 исх., оборот 235 тыс. ₸; блокировка отсекает 265 тыс. ₸",False,3,False,1,1,235000.0,30000.0,2,1,0.1277,0.0,1,0,0.0,1,True,False
100000005357034100,peripheral,1.0,10,0.229,"Признаков роли нет: связи 1 вх./0 исх., оборот 10 тыс. ₸",False,3,False,1,0,9754.0,0.0,1,0,0.0,,7,0,0.0,1,False,False
100000005357705100,transit,1.0,3,0.7243,Признаки транзита: ушло 387 тыс. ₸ при видимом входе 53 тыс. ₸ за ~0 дн. — приток вне выборки; блокировка отсекает 440 тыс. ₸,False,3,False,1,4,52595.0,387080.0,1,5,7.3596,0.0,7,0,7.7e-05,1,False,True
100000005360814100,peripheral,1.0,17,0.2894,Граница выборки (4-е колено): исходящие не видны; получено 144 тыс. ₸ от 1 плательщика,False,4,True,1,0,144000.0,0.0,3,0,0.0,,7,0,0.0,1,False,False
100000005362848100,peripheral,1.0,11,0.2538,"Признаков роли нет: связи 1 вх./0 исх., оборот 29 тыс. ₸",False,3,False,1,0,29000.0,0.0,1,0,0.0,,7,0,0.0,1,False,False
100000005363908100,transit,1.0,38,0.5332,"Признаки транзита: пришло 20 тыс. ₸, ушло 100% за ~0 дн.; связи 1→1",False,1,False,1,1,19500.0,19500.0,1,1,1.0,0.0,1,1,0.0,1,False,False
100000005367180100,peripheral,1.0,3,0.2272,Граница выборки (4-е колено): исходящие не видны; получено 8 тыс. ₸ от 1 плательщика,False,4,True,1,0,7700.0,0.0,1,0,0.0,,7,0,0.0,1,False,False
100000005367284100,transit,1.0,3,0.6388,Признаки транзита: ушло 48 тыс. ₸ при видимом входе 14 тыс. ₸ за ~0 дн. — приток вне выборки,False,3,False,1,2,13700.0,48300.0,1,5,3.5255,0.0,7,0,3.8e-05,1,False,True
100000005367445100,transit,1.0,17,0.5059,"Признаки транзита: пришло 5 тыс. ₸, ушло 100% за ~1 дн.; связи 1→1",False,3,False,1,1,5000.0,5000.0,1,1,1.0,1.0,9,0,0.0,1,True,False
100000005370558100,peripheral,1.0,1,0.2236,Граница выборки (4-е колено): исходящие не видны; получено 5 тыс. ₸ от 1 плательщика,False,4,True,1,0,5000.0,0.0,1,0,0.0,,7,0,0.0,1,False,False
100000005370580100,peripheral,1.0,19,0.1243,"Признаков роли нет: связи 1 вх./0 исх., оборот 24 тыс. ₸; курьер из исходного списка",True,0,False,1,0,24075.0,0.0,1,0,,,7,0,0.0,1,False,False
100000005375968100,peripheral,1.0,10,0.5178,"Признаков роли нет: связи 1 вх./2 исх., оборот 170 тыс. ₸; блокировка отсекает 256 тыс. ₸",False,3,False,1,2,170082.0,86000.0,1,4,0.5056,0.0,7,0,3.8e-05,1,False,False
100000005382566100,consolidator,1.0,2,0.3752,"Признаки консолидации: 7 плательщиков (курьеров: 6), вход 393 тыс. ₸, дальше 1 получ. (курьер: входящие занижены выгрузкой)",True,0,False,7,1,393066.0,50000.0,11,1,,5.0,14,6,4.6e-05,2,True,False
100000005386383100,peripheral,1.0,2,0.2015,"Признаков роли нет: связи 2 вх./1 исх., оборот 38 тыс. ₸; курьер из исходного списка",True,0,False,2,1,37500.0,29000.0,2,1,,,7,0,2.9e-05,2,False,False
100000005392290100,peripheral,1.0,47,0.1088,"Признаков роли нет: связи 0 вх./1 исх., оборот 81 тыс. ₸; курьер из исходного списка",True,0,False,0,1,0.0,81465.0,0,1,,,0,0,0.0,0,False,False
100000005394708100,transit,1.0,12,0.632,Признаки транзита: ушло 65 тыс. ₸ при видимом входе 26 тыс. ₸ за ~1 дн. — приток вне выборки,False,1,False,1,1,26000.0,65000.0,1,1,2.5,1.0,1,1,0.0,1,False,True
100000005395727100,peripheral,1.0,2,0.1197,"Признаков роли нет: связи 1 вх./0 исх., оборот 17 тыс. ₸; курьер из исходного списка",True,0,False,1,0,17000.0,0.0,1,0,,,7,0,0.0,1,False,False
100000005402643100,peripheral,1.0,12,0.4873,"Признаков роли нет: связи 1 вх./1 исх., оборот 128 тыс. ₸; блокировка отсекает 218 тыс. ₸",False,2,False,1,1,127800.0,90000.0,1,1,0.7042,,1,0,0.0,1,False,False
100000005409156100,terminal,1.0,7,0.493,"Деньги оседают: получено 260 тыс. ₸ от 2 плательщиков, исходящих ≥5 тыс. ₸ нет (узел раскрыт обходом)",False,3,False,2,0,260080.0,0.0,2,0,0.0,,7,0,0.0,1,False,False
100000005409680100,peripheral,1.0,10,0.1691,"Признаков роли нет: связи 2 вх./0 исх., оборот 55 тыс. ₸; курьер из исходного списка",True,0,False,2,0,55060.0,0.0,2,0,,,9,0,0.0,1,False,False
100000005413948100,peripheral,1.0,17,0.508,"Признаков роли нет: связи 2 вх./1 исх., оборот 28 тыс. ₸",False,2,False,2,1,28215.0,5000.0,2,1,0.1772,10.0,9,0,2.2e-05,1,True,False
100000005417257100,peripheral,1.0,12,0.1121,"Признаков роли нет: связи 0 вх./2 исх., оборот 106 тыс. ₸; курьер из исходного списка",True,0,False,0,2,0.0,106000.0,0,2,,,0,0,0.0,0,False,False
100000005432267100,terminal,1.0,8,0.4983,"Деньги оседают: получено 350 тыс. ₸ от 2 плательщиков, исходящих ≥5 тыс. ₸ нет (узел раскрыт обходом)",False,1,False,2,0,350001.0,0.0,2,0,0.0,,10,1,0.0,2,False,False
100000005454368100,peripheral,1.0,19,0.1667,"Признаков роли нет: связи 2 вх./0 исх., оборот 49 тыс. ₸; курьер из исходного списка",True,0,False,2,0,48600.0,0.0,2,0,,,7,0,0.0,1,False,False
100000005456919100,peripheral,1.0,35,0.5388,"Признаков роли нет: связи 2 вх./1 исх., оборот 480 тыс. ₸; блокировка отсекает 485 тыс. ₸",False,1,False,2,1,479950.0,5000.0,10,1,0.0104,6.5,1,1,0.0,2,True,False
100000005473151100,peripheral,1.0,14,0.6717,"Признаков роли нет: связи 3 вх./4 исх., оборот 1,2 млн ₸; блокировка отсекает 2,3 млн ₸",False,1,False,3,4,1220000.0,225000.0,4,6,0.1844,0.0,9,1,0.000242,2,True,False
100000005474472100,peripheral,1.0,25,0.2826,"Признаков роли нет: связи 1 вх./0 исх., оборот 100 тыс. ₸",False,2,False,1,0,100000.0,0.0,1,0,0.0,,1,0,0.0,1,False,False
100000005475379100,peripheral,1.0,1,0.509,"Признаков роли нет: связи 1 вх./3 исх., оборот 108 тыс. ₸; блокировка отсекает 189 тыс. ₸",False,3,False,1,3,108370.0,81000.0,1,3,0.7474,9.0,8,0,6.5e-05,1,False,False
100000005480435100,peripheral,1.0,0,0.0,Нет переводов ≥5 тыс. ₸ внутри банка за июль; курьер из исходного списка,True,0,False,0,0,0.0,0.0,0,0,,,0,0,0.0,0,False,False
100000005481280100,transit,1.0,2,0.6469,Признаки транзита: ушло 50 тыс. ₸ при видимом входе 33 тыс. ₸ за ~1 дн. — приток вне выборки,False,2,False,1,3,32700.0,50000.0,1,3,1.5291,1.0,7,0,4.4e-05,1,False,True
100000005485830100,peripheral,1.0,37,0.1206,"Признаков роли нет: связи 0 вх./5 исх., оборот 276 тыс. ₸; курьер из исходного списка",True,0,False,0,5,0.0,275885.0,0,9,,,0,0,0.0,0,False,False
100000005493505100,peripheral,1.0,19,0.1762,"Признаков роли нет: связи 3 вх./0 исх., оборот 62 тыс. ₸; курьер из исходного списка",True,0,False,3,0,62020.0,0.0,3,0,,,11,1,0.0,1,False,False
100000005495211100,peripheral,1.0,3,0.2356,Граница выборки (4-е колено): исходящие не видны; получено 14 тыс. ₸ от 1 плательщика,False,4,True,1,0,14500.0,0.0,1,0,0.0,,7,0,0.0,1,False,False
100000005495722100,peripheral,1.0,0,0.0,Нет переводов ≥5 тыс. ₸ внутри банка за июль; курьер из исходного списка,True,0,False,0,0,0.0,0.0,0,0,,,0,0,0.0,0,False,False
100000005496254100,peripheral,1.0,1,0.2339,"Признаков роли нет: связи 1 вх./0 исх., оборот 13 тыс. ₸",False,1,False,1,0,12700.0,0.0,1,0,0.0,,7,1,0.0,1,False,False
100000005497148100,peripheral,1.0,7,0.2483,Граница выборки (4-е колено): исходящие не видны; получено 24 тыс. ₸ от 1 плательщика,False,4,True,1,0,24000.0,0.0,2,0,0.0,,7,0,0.0,1,False,False
100000005498992100,peripheral,0.9,11,0.1303,"Признаков роли нет: связи 0 вх./16 исх., оборот 2,3 млн ₸; курьер из исходного списка",True,0,False,0,16,0.0,2262868.0,0,19,,,0,0,0.0,0,False,False
100000005505655100,peripheral,1.0,27,0.5864,"Признаков роли нет: связи 2 вх./1 исх., оборот 33 тыс. ₸; блокировка отсекает 864 тыс. ₸",False,1,False,2,1,33070.0,20000.0,2,1,0.6048,1.5,7,1,0.000269,1,True,False
100000005507142100,peripheral,1.0,34,0.5826,"Признаков роли нет: связи 3 вх./3 исх., оборот 100 тыс. ₸; блокировка отсекает 412 тыс. ₸",False,2,False,3,3,51000.0,100000.0,3,4,1.9608,11.5,1,0,5e-06,1,True,True
100000005514161100,peripheral,1.0,9,0.6349,"Признаков роли нет: связи 4 вх./1 исх., оборот 402 тыс. ₸; блокировка отсекает 552 тыс. ₸",False,1,False,4,1,401500.0,50000.0,7,1,0.1245,,9,1,4e-05,2,False,False
100000005519347100,peripheral,1.0,2,0.2046,"Признаков роли нет: связи 2 вх./1 исх., оборот 99 тыс. ₸; курьер из исходного списка",True,0,False,2,1,73100.0,99000.0,2,1,,8.0,9,1,2e-06,1,False,False
100000005519998100,transit,1.0,20,0.7866,"Признаки транзита: пришло 182 тыс. ₸, ушло 103% за ~1 дн.; связи 3→3; блокировка отсекает 370 тыс. ₸",False,2,False,3,3,182000.0,188000.0,5,8,1.033,1.0,7,0,6e-05,1,True,False
100000005523088100,terminal,1.0,2,0.2196,"Деньги оседают: получено 700 тыс. ₸ от 1 плательщика, исходящих ≥5 тыс. ₸ нет (узел раскрыт обходом)",True,0,False,1,0,700000.0,0.0,2,0,,,15,1,0.0,1,False,False
100000005527892100,transit,1.0,4,0.8305,Признаки транзита: ушло 552 тыс. ₸ при видимом входе 220 тыс. ₸ за ~2 дн. — приток вне выборки; блокировка отсекает 872 тыс. ₸,False,1,False,3,8,220001.0,552419.0,3,8,2.511,2.0,8,1,0.000496,1,False,True
100000005530114100,peripheral,1.0,18,0.5569,"Признаков роли нет: связи 2 вх./1 исх., оборот 137 тыс. ₸; блокировка отсекает 162 тыс. ₸",False,3,False,2,1,136970.0,25000.0,2,1,0.1825,2.0,7,0,4e-06,1,False,False
100000005532138100,peripheral,1.0,10,0.2505,"Признаков роли нет: связи 1 вх./0 исх., оборот 25 тыс. ₸",False,3,False,1,0,25046.0,0.0,1,0,0.0,,7,0,0.0,1,False,False
100000005539201100,peripheral,1.0,2,0.4882,"Признаков роли нет: связи 1 вх./1 исх., оборот 46 тыс. ₸; блокировка отсекает 229 тыс. ₸",False,1,False,1,1,45504.0,25000.0,1,1,0.5494,,7,1,4.2e-05,1,False,False
100000005539910100,peripheral,1.0,8,0.4965,"Признаков роли нет: связи 1 вх./2 исх., оборот 102 тыс. ₸; блокировка отсекает 124 тыс. ₸",False,2,False,1,2,102000.0,22000.0,1,2,0.2157,4.0,10,0,4.8e-05,1,False,False
100000005543136100,peripheral,1.0,19,0.0852,"Признаков роли нет: связи 0 вх./1 исх., оборот 10 тыс. ₸; курьер из исходного списка",True,0,False,0,1,0.0,10000.0,0,1,,,0,0,0.0,0,False,False
100000005546031100,peripheral,1.0,38,0.5597,"Признаков роли нет: связи 3 вх./1 исх., оборот 67 тыс. ₸; блокировка отсекает 285 тыс. ₸",False,1,False,3,1,66800.0,8000.0,6,1,0.1198,2.0,1,1,1e-06,2,True,False
100000005547096100,peripheral,1.0,38,0.499,"Признаков роли нет: связи 1 вх./2 исх., оборот 226 тыс. ₸; блокировка отсекает 234 тыс. ₸",False,2,False,1,2,8000.0,226300.0,1,3,28.2875,,1,0,0.0,1,True,True
100000005550592100,peripheral,1.0,0,0.0,Нет переводов ≥5 тыс. ₸ внутри банка за июль; курьер из исходного списка,True,0,False,0,0,0.0,0.0,0,0,,,0,0,0.0,0,False,False
100000005553088100,peripheral,1.0,17,0.2403,Граница выборки (4-е колено): исходящие не видны; получено 18 тыс. ₸ от 1 плательщика,False,4,True,1,0,17500.0,0.0,1,0,0.0,,7,0,0.0,1,False,False
100000005560900100,peripheral,1.0,0,0.0,Нет переводов ≥5 тыс. ₸ внутри банка за июль; курьер из исходного списка,True,0,False,0,0,0.0,0.0,0,0,,,0,0,0.0,0,False,False
100000005561741100,peripheral,1.0,14,0.2497,"Признаков роли нет: связи 1 вх./0 исх., оборот 25 тыс. ₸",False,2,False,1,0,25000.0,0.0,1,0,0.0,,9,0,0.0,1,False,False
100000005567828100,peripheral,1.0,11,0.2806,Граница выборки (4-е колено): исходящие не видны; получено 94 тыс. ₸ от 1 плательщика,False,4,True,1,0,94000.0,0.0,1,0,0.0,,7,0,0.0,1,False,False
100000005568407100,peripheral,1.0,0,0.0,Нет переводов ≥5 тыс. ₸ внутри банка за июль; курьер из исходного списка,True,0,False,0,0,0.0,0.0,0,0,,,0,0,0.0,0,False,False
100000005572303100,peripheral,1.0,2,0.501,"Признаков роли нет: связи 1 вх./1 исх., оборот 75 тыс. ₸; блокировка отсекает 260 тыс. ₸",False,2,False,1,1,75000.0,20000.0,1,1,0.2667,,7,0,3.8e-05,1,False,False
100000005578559100,distributor,0.68,11,0.8632,"Признаки веерной раздачи: 21 получатель, отправлено 893 тыс. ₸; в ядре-кольце из 85; блокировка отсекает 1,3 млн ₸",False,2,False,2,21,131000.0,893163.67,2,23,6.818,0.0,7,0,0.000967,1,True,True
100000005584222100,peripheral,1.0,1,0.5899,"Признаков роли нет: связи 2 вх./2 исх., оборот 193 тыс. ₸; блокировка отсекает 301 тыс. ₸",False,1,False,2,2,192717.0,108587.0,6,3,0.5635,1.0,7,1,3.9e-05,1,True,False
100000005588444100,peripheral,1.0,14,0.2336,"Признаков роли нет: связи 1 вх./0 исх., оборот 12 тыс. ₸",False,1,False,1,0,12300.0,0.0,1,0,0.0,,1,1,0.0,1,False,False
100000005589319100,peripheral,1.0,1,0.2511,Граница выборки (4-е колено): исходящие не видны; получено 26 тыс. ₸ от 1 плательщика,False,4,True,1,0,26000.0,0.0,1,0,0.0,,7,0,0.0,1,False,False
100000005602999100,transit,1.0,15,0.604,Признаки транзита: ушло 16 тыс. ₸ при видимом входе 5 тыс. ₸ за ~2 дн. — приток вне выборки,False,2,False,1,2,5000.0,16000.0,1,3,3.2,2.0,8,0,4.2e-05,1,True,True
100000005608515100,peripheral,1.0,14,0.273,"Признаков роли нет: связи 1 вх./0 исх., оборот 64 тыс. ₸",False,2,False,1,0,64000.0,0.0,4,0,0.0,,1,0,0.0,1,False,False
100000005610717100,peripheral,1.0,3,0.631,"Признаков роли нет: связи 4 вх./1 исх., оборот 484 тыс. ₸; блокировка отсекает 750 тыс. ₸",False,3,False,4,1,484500.0,265200.0,6,7,0.5474,0.0,7,0,1.9e-05,1,False,False
100000005612411100,transit,1.0,1,0.822,Признаки транзита: ушло 507 тыс. ₸ при видимом входе 116 тыс. ₸ за ~0 дн. — приток вне выборки; блокировка отсекает 672 тыс. ₸,False,1,False,3,8,115500.0,506997.0,4,8,4.3896,0.0,8,1,0.000155,2,False,True
100000005614315100,terminal,1.0,2,0.4343,"Деньги оседают: получено 455 тыс. ₸ от 1 плательщика, исходящих ≥5 тыс. ₸ нет (узел раскрыт обходом)",False,2,False,1,0,455000.0,0.0,1,0,0.0,,7,0,0.0,1,False,False
100000005616568100,peripheral,1.0,7,0.3115,Граница выборки (4-е колено): исходящие не видны; получено 530 тыс. ₸ от 1 плательщика,False,4,True,1,0,530000.0,0.0,1,0,0.0,,7,0,0.0,1,False,False
100000005619339100,peripheral,1.0,2,0.3322,"Признаков роли нет: связи 1 вх./1 исх., оборот 5 тыс. ₸",False,2,False,1,1,5000.0,5442.6,1,1,1.0885,,7,0,0.0,1,False,False
100000005620225100,peripheral,1.0,1,0.334,"Признаков роли нет: связи 2 вх./0 исх., оборот 50 тыс. ₸",False,1,False,2,0,49845.66,0.0,2,0,0.0,,7,1,0.0,1,False,False
100000005621418100,peripheral,1.0,28,0.2549,Граница выборки (4-е колено): исходящие не видны; получено 30 тыс. ₸ от 1 плательщика,False,4,True,1,0,30000.0,0.0,1,0,0.0,,7,0,0.0,1,False,False
100000005628518100,peripheral,1.0,23,0.2768,"Признаков роли нет: связи 1 вх./0 исх., оборот 77 тыс. ₸",False,3,False,1,0,77000.0,0.0,3,0,0.0,,7,0,0.0,1,False,False
100000005634552100,peripheral,1.0,1,0.5709,"Признаков роли нет: связи 1 вх./3 исх., оборот 1,2 млн ₸; блокировка отсекает 1,2 млн ₸",False,1,False,1,3,25850.0,1196000.0,1,4,46.2669,,7,1,2.9e-05,1,False,True
100000005636951100,peripheral,1.0,9,0.2608,Граница выборки (4-е колено): исходящие не видны; получено 40 тыс. ₸ от 1 плательщика,False,4,True,1,0,40000.0,0.0,1,0,0.0,,1,0,0.0,1,False,False
100000005660203100,peripheral,1.0,2,0.5474,"Признаков роли нет: связи 1 вх./2 исх., оборот 573 тыс. ₸; блокировка отсекает 614 тыс. ₸",False,2,False,1,2,572899.0,41000.0,12,5,0.0716,2.0,7,0,1.9e-05,1,True,False
100000005661528100,peripheral,1.0,17,0.2497,"Признаков роли нет: связи 1 вх./0 исх., оборот 25 тыс. ₸",False,3,False,1,0,25000.0,0.0,1,0,0.0,,7,0,0.0,1,False,False
100000005661829100,transit,1.0,1,0.6216,"Признаки транзита: пришло 38 тыс. ₸, ушло 107% за ~0 дн.; связи 1→2",False,3,False,1,2,37790.0,40362.0,1,4,1.0681,0.0,7,0,2e-06,1,False,False
100000005664632100,peripheral,0.52,8,0.2952,"Признаков роли нет: связи 1 вх./0 исх., оборот 199 тыс. ₸",False,2,False,1,0,198620.0,0.0,18,0,0.0,,10,0,0.0,1,False,False
100000005664922100,peripheral,1.0,25,0.6055,"Признаков роли нет: связи 2 вх./3 исх., оборот 537 тыс. ₸; блокировка отсекает 559 тыс. ₸",False,2,False,2,3,22000.0,537000.0,2,4,24.4091,,1,0,4e-06,1,True,True
100000005665181100,peripheral,1.0,9,0.6185,"Признаков роли нет: связи 4 вх./11 исх., оборот 182 тыс. ₸; блокировка отсекает 309 тыс. ₸",False,2,False,4,11,45498.0,181915.0,5,11,3.9983,5.0,7,0,0.000268,2,True,True
100000005667841100,peripheral,0.64,4,0.3615,"Признаков роли нет: связи 2 вх./0 исх., оборот 186 тыс. ₸",False,3,False,2,0,186000.0,0.0,2,0,0.0,,8,0,0.0,2,False,False
100000005668605100,peripheral,1.0,12,0.1802,"Признаков роли нет: связи 3 вх./0 исх., оборот 94 тыс. ₸; курьер из исходного списка",True,0,False,3,0,94500.0,0.0,3,0,,,10,1,0.0,1,False,False
100000005669845100,peripheral,1.0,29,0.2437,"Признаков роли нет: связи 1 вх./0 исх., оборот 20 тыс. ₸",False,1,False,1,0,20000.0,0.0,1,0,0.0,,1,1,0.0,1,False,False
100000005674387100,peripheral,1.0,6,0.2518,"Признаков роли нет: связи 1 вх./0 исх., оборот 26 тыс. ₸",False,3,False,1,0,26200.0,0.0,1,0,0.0,,1,0,0.0,1,False,False
100000005685783100,peripheral,1.0,6,0.2514,Граница выборки (4-е колено): исходящие не видны; получено 26 тыс. ₸ от 1 плательщика,False,4,True,1,0,26150.0,0.0,1,0,0.0,,1,0,0.0,1,False,False
100000005704413100,distributor,1.0,11,0.8976,"Признаки веерной раздачи: 32 получателя, отправлено 1,4 млн ₸; в ядре-кольце из 85; блокировка отсекает 1,5 млн ₸",False,3,False,3,32,97834.67,1363593.0,4,35,13.9377,0.0,7,0,0.002563,2,True,True
100000005709551100,peripheral,1.0,1,0.2488,"Признаков роли нет: связи 1 вх./0 исх., оборот 25 тыс. ₸",False,3,False,1,0,24560.0,0.0,1,0,0.0,,7,0,0.0,1,False,False
100000005711521100,peripheral,1.0,1,0.2985,Граница выборки (4-е колено): исходящие не видны; получено 238 тыс. ₸ от 1 плательщика,False,4,True,1,0,238000.0,0.0,1,0,0.0,,7,0,0.0,1,False,False
100000005723580100,peripheral,1.0,4,0.2584,Граница выборки (4-е колено): исходящие не видны; получено 35 тыс. ₸ от 1 плательщика,False,4,True,1,0,35000.0,0.0,1,0,0.0,,8,0,0.0,1,False,False
100000005730108100,peripheral,1.0,10,0.2275,"Признаков роли нет: связи 1 вх./0 исх., оборот 8 тыс. ₸",False,2,False,1,0,8000.0,0.0,1,0,0.0,,7,0,0.0,1,False,False
100000005744674100,peripheral,1.0,2,0.1039,"Признаков роли нет: связи 0 вх./1 исх., оборот 50 тыс. ₸; курьер из исходного списка",True,0,False,0,1,0.0,50066.0,0,2,,,0,0,0.0,0,False,False
100000005745873100,peripheral,1.0,10,0.2973,Граница выборки (4-е колено): исходящие не видны; получено 223 тыс. ₸ от 1 плательщика,False,4,True,1,0,223000.0,0.0,1,0,0.0,,7,0,0.0,1,False,False
100000005754335100,peripheral,1.0,19,0.2625,"Признаков роли нет: связи 1 вх./0 исх., оборот 44 тыс. ₸",False,3,False,1,0,44037.0,0.0,1,0,0.0,,7,0,0.0,1,False,False
100000005756189100,peripheral,0.68,7,0.4707,"Признаков роли нет: связи 1 вх./1 исх., оборот 65 тыс. ₸; блокировка отсекает 114 тыс. ₸",False,3,False,1,1,65000.0,49050.0,1,1,0.7546,0.0,7,0,1.9e-05,1,False,False
100000005756535100,peripheral,1.0,5,0.2437,"Признаков роли нет: связи 1 вх./0 исх., оборот 20 тыс. ₸",False,3,False,1,0,20000.0,0.0,1,0,0.0,,1,0,0.0,1,False,False
100000005767403100,peripheral,1.0,20,0.3173,"Граница выборки (4-е колено): исходящие не видны; получено 1,1 млн ₸ от 1 плательщика",False,4,True,1,0,1100000.0,0.0,2,0,0.0,,7,0,0.0,1,False,False
100000005778283100,terminal,1.0,10,0.518,"Деньги оседают: получено 616 тыс. ₸ от 3 плательщиков, исходящих ≥5 тыс. ₸ нет (узел раскрыт обходом)",False,1,False,3,0,615760.0,0.0,3,0,0.0,,9,2,0.0,1,False,False
100000005782781100,consolidator,0.66,10,0.9352,"Признаки консолидации: 6 плательщиков (курьеров: 0), вход 172 тыс. ₸, дальше 10 получ., отдал больше, чем видно входящих; в ядре-кольце из 85; синхронный сбор: 3 плат. в 1 день",False,2,False,6,10,171888.0,1263597.0,10,10,7.3513,0.0,7,0,0.000568,3,True,True
100000005782886100,peripheral,1.0,4,0.2351,Граница выборки (4-е колено): исходящие не видны; получено 14 тыс. ₸ от 1 плательщика,False,4,True,1,0,14000.0,0.0,1,0,0.0,,9,0,0.0,1,False,False
100000005783452100,peripheral,1.0,4,0.3698,Граница выборки (4-е колено): исходящие не видны; получено 286 тыс. ₸ от 2 плательщиков,False,4,True,2,0,286500.0,0.0,2,0,0.0,,8,0,0.0,2,False,False
100000005799271100,peripheral,1.0,15,0.2633,"Признаков роли нет: связи 1 вх./0 исх., оборот 45 тыс. ₸",False,2,False,1,0,45000.0,0.0,2,0,0.0,,8,0,0.0,1,False,False
100000005807278100,peripheral,1.0,37,0.2277,"Признаков роли нет: связи 1 вх./0 исх., оборот 8 тыс. ₸",False,1,False,1,0,8385.0,0.0,1,0,0.0,,1,1,0.0,1,False,False
100000005809252100,peripheral,1.0,3,0.2497,"Признаков роли нет: связи 1 вх./0 исх., оборот 25 тыс. ₸",False,2,False,1,0,25000.0,0.0,1,0,0.0,,7,0,0.0,1,False,False
100000005815602100,peripheral,1.0,2,0.5031,"Признаков роли нет: связи 1 вх./1 исх., оборот 165 тыс. ₸; блокировка отсекает 185 тыс. ₸",False,3,False,1,1,20000.0,165000.0,1,1,8.25,19.0,7,0,1.9e-05,1,False,True
100000005820746100,peripheral,1.0,25,0.5042,"Признаков роли нет: связи 1 вх./1 исх., оборот 2,0 млн ₸; блокировка отсекает 2,0 млн ₸",False,3,False,1,1,1989000.0,60000.0,2,1,0.0302,4.0,1,0,0.0,1,True,False
100000005830339100,peripheral,0.8,3,0.6287,"Признаков роли нет: связи 5 вх./1 исх., оборот 476 тыс. ₸; блокировка отсекает 816 тыс. ₸",False,3,False,5,1,476341.0,339251.0,12,1,0.7122,13.5,7,0,4e-06,1,False,False
100000005834479100,peripheral,1.0,3,0.4059,"Признаков роли нет: связи 1 вх./2 исх., оборот 14 тыс. ₸",False,2,False,1,2,7500.0,14470.0,1,2,1.9293,,7,0,2e-06,1,False,True
100000005844459100,terminal,1.0,1,0.4919,"Деньги оседают: получено 243 тыс. ₸ от 2 плательщиков, исходящих ≥5 тыс. ₸ нет (узел раскрыт обходом)",False,1,False,2,0,243400.0,0.0,2,0,0.0,,7,1,0.0,1,False,False
100000005847078100,peripheral,1.0,6,0.2388,"Признаков роли нет: связи 1 вх./0 исх., оборот 16 тыс. ₸",False,3,False,1,0,16300.0,0.0,1,0,0.0,,1,0,0.0,1,False,False
100000005849100100,peripheral,1.0,8,0.2573,"Признаков роли нет: связи 1 вх./0 исх., оборот 33 тыс. ₸",False,2,False,1,0,33300.0,0.0,1,0,0.0,,10,0,0.0,1,False,False
100000005849862100,peripheral,1.0,10,0.2343,Граница выборки (4-е колено): исходящие не видны; получено 13 тыс. ₸ от 1 плательщика,False,4,True,1,0,13000.0,0.0,2,0,0.0,,7,0,0.0,1,False,False
100000005852946100,peripheral,1.0,8,0.248,"Признаков роли нет: связи 1 вх./0 исх., оборот 24 тыс. ₸",False,1,False,1,0,23746.0,0.0,1,0,0.0,,10,1,0.0,1,False,False
100000005857058100,peripheral,1.0,2,0.357,"Признаков роли нет: связи 3 вх./0 исх., оборот 80 тыс. ₸",False,3,False,3,0,80222.0,0.0,3,0,0.0,,7,0,0.0,1,False,False
100000005873152100,peripheral,1.0,15,0.3958,"Признаков роли нет: связи 1 вх./1 исх., оборот 10 тыс. ₸",False,3,False,1,1,10000.0,10000.0,1,1,1.0,,11,0,0.0,1,True,False
100000005877725100,peripheral,1.0,5,0.2747,"Признаков роли нет: связи 1 вх./0 исх., оборот 70 тыс. ₸",False,1,False,1,0,70000.0,0.0,1,0,0.0,,1,1,0.0,1,False,False
100000005878334100,peripheral,1.0,22,0.2765,Граница выборки (4-е колено): исходящие не видны; получено 76 тыс. ₸ от 1 плательщика,False,4,True,1,0,76400.0,0.0,2,0,0.0,,7,0,0.0,1,False,False
100000005882013100,peripheral,1.0,32,0.4902,"Признаков роли нет: связи 2 вх./1 исх., оборот 135 тыс. ₸; блокировка отсекает 145 тыс. ₸",False,2,False,2,1,135000.0,10000.0,3,1,0.0741,1.0,10,0,0.0,1,True,False
100000005888829100,peripheral,1.0,4,0.295,Граница выборки (4-е колено): исходящие не видны; получено 197 тыс. ₸ от 1 плательщика,False,4,True,1,0,197000.0,0.0,1,0,0.0,,8,0,0.0,1,False,False
100000005893892100,peripheral,1.0,7,0.2837,"Признаков роли нет: связи 1 вх./0 исх., оборот 103 тыс. ₸",False,3,False,1,0,102780.0,0.0,1,0,0.0,,7,0,0.0,1,False,False
100000005895525100,peripheral,1.0,37,0.2863,"Признаков роли нет: связи 1 вх./0 исх., оборот 120 тыс. ₸",False,1,False,1,0,120000.0,0.0,3,0,0.0,,1,1,0.0,1,False,False
100000005897462100,peripheral,1.0,15,0.2817,"Признаков роли нет: связи 1 вх./0 исх., оборот 98 тыс. ₸",False,1,False,1,0,98400.0,0.0,1,0,0.0,,8,1,0.0,1,False,False
100000005901606100,peripheral,1.0,5,0.2588,"Признаков роли нет: связи 1 вх./0 исх., оборот 36 тыс. ₸",False,1,False,1,0,35660.0,0.0,1,0,0.0,,1,1,0.0,1,False,False
100000005904580100,peripheral,1.0,16,0.3431,"Признаков роли нет: связи 2 вх./0 исх., оборот 72 тыс. ₸",False,2,False,2,0,72000.0,0.0,2,0,0.0,,7,0,0.0,2,False,False
100000005910114100,transit,0.5,1,0.8258,"Признаки транзита: ушло 1,5 млн ₸ при видимом входе 326 тыс. ₸ за ~0 дн. — приток вне выборки; в ядре-кольце из 85; блокировка отсекает 1,8 млн ₸",False,3,False,3,19,326144.0,1469993.0,3,56,4.5072,0.0,7,0,0.005842,1,True,True
100000005910895100,peripheral,1.0,15,0.2245,Граница выборки (4-е колено): исходящие не видны; получено 5 тыс. ₸ от 1 плательщика,False,4,True,1,0,5100.0,0.0,1,0,0.0,,8,0,0.0,1,False,False
100000005911352100,peripheral,1.0,2,0.535,"Признаков роли нет: связи 2 вх./3 исх., оборот 24 тыс. ₸; блокировка отсекает 143 тыс. ₸",False,2,False,2,3,15000.0,24000.0,2,3,1.6,6.5,7,0,9.7e-05,1,True,True
100000005931985100,peripheral,1.0,9,0.2764,"Признаков роли нет: связи 1 вх./0 исх., оборот 76 тыс. ₸",False,2,False,1,0,76000.0,0.0,1,0,0.0,,1,0,0.0,1,False,False
100000005932987100,peripheral,1.0,20,0.2497,"Признаков роли нет: связи 1 вх./0 исх., оборот 25 тыс. ₸",False,2,False,1,0,25000.0,0.0,3,0,0.0,,7,0,0.0,1,False,False
100000005933757100,distributor,1.0,12,0.9199,"Признаки веерной раздачи: 34 получателя, отправлено 3,0 млн ₸; в ядре-кольце из 85; блокировка отсекает 10,6 млн ₸",False,2,False,4,34,1246000.0,3002628.0,6,46,2.4098,0.0,7,0,0.003893,2,True,True
100000005939154100,peripheral,1.0,2,0.2461,"Признаков роли нет: связи 1 вх./0 исх., оборот 22 тыс. ₸",False,2,False,1,0,22000.0,0.0,2,0,0.0,,7,0,0.0,1,False,False
100000005940652100,peripheral,1.0,1,0.2278,"Признаков роли нет: связи 1 вх./0 исх., оборот 8 тыс. ₸",False,1,False,1,0,8395.0,0.0,1,0,0.0,,10,1,0.0,1,False,False
100000005941908100,peripheral,1.0,12,0.2304,"Признаков роли нет: связи 1 вх./0 исх., оборот 10 тыс. ₸",False,3,False,1,0,10000.0,0.0,1,0,0.0,,8,0,0.0,1,False,False
100000005942793100,peripheral,1.0,1,0.3551,"Признаков роли нет: связи 4 вх./0 исх., оборот 55 тыс. ₸",False,2,False,4,0,55000.0,0.0,4,0,0.0,,7,0,0.0,2,False,False
100000005958064100,peripheral,1.0,12,0.5064,"Признаков роли нет: связи 1 вх./2 исх., оборот 164 тыс. ₸; блокировка отсекает 170 тыс. ₸",False,1,False,1,2,5746.0,163986.84,1,3,28.5393,26.0,7,1,2.5e-05,1,False,True
100000005961971100,peripheral,1.0,5,0.2651,"Признаков роли нет: связи 1 вх./0 исх., оборот 47 тыс. ₸",False,1,False,1,0,47353.0,0.0,1,0,0.0,,1,1,0.0,1,False,False
100000005974542100,peripheral,1.0,24,0.2807,"Признаков роли нет: связи 1 вх./0 исх., оборот 94 тыс. ₸",False,3,False,1,0,94500.0,0.0,3,0,0.0,,7,0,0.0,1,False,False
100000005979037100,peripheral,1.0,3,0.2724,Граница выборки (4-е колено): исходящие не видны; получено 60 тыс. ₸ от 1 плательщика,False,4,True,1,0,60300.0,0.0,1,0,0.0,,7,0,0.0,1,False,False
100000005995391100,peripheral,1.0,6,0.2399,"Признаков роли нет: связи 1 вх./0 исх., оборот 17 тыс. ₸",False,3,False,1,0,17200.0,0.0,1,0,0.0,,1,0,0.0,1,False,False
100000005996909100,peripheral,1.0,2,0.2252,"Признаков роли нет: связи 1 вх./0 исх., оборот 6 тыс. ₸",False,3,False,1,0,5500.0,0.0,1,0,0.0,,7,0,0.0,1,False,False
100000006008169100,peripheral,1.0,16,0.2747,"Признаков роли нет: связи 1 вх./0 исх., оборот 70 тыс. ₸",False,1,False,1,0,70000.0,0.0,1,0,0.0,,1,1,0.0,1,False,False
100000006020215100,peripheral,1.0,1,0.4611,"Признаков роли нет: связи 1 вх./2 исх., оборот 34 тыс. ₸",False,3,False,1,2,30000.0,33800.0,1,2,1.1267,13.0,7,0,6.1e-05,1,False,False
100000006030946100,peripheral,1.0,5,0.2756,"Признаков роли нет: связи 1 вх./0 исх., оборот 73 тыс. ₸",False,1,False,1,0,73289.0,0.0,1,0,0.0,,1,1,0.0,1,False,False
100000006048193100,peripheral,1.0,3,0.2618,"Признаков роли нет: связи 1 вх./0 исх., оборот 42 тыс. ₸",False,3,False,1,0,41559.0,0.0,1,0,0.0,,7,0,0.0,1,False,False
100000006069103100,transit,1.0,2,0.7992,"Признаки транзита: пришло 229 тыс. ₸, ушло 118% за ~0,5 дн.; связи 3→3; блокировка отсекает 499 тыс. ₸",False,1,False,3,3,228818.0,270000.0,3,4,1.18,0.5,7,1,5.8e-05,1,True,False
100000006100920100,peripheral,1.0,1,0.2826,"Признаков роли нет: связи 1 вх./0 исх., оборот 100 тыс. ₸",False,3,False,1,0,100000.0,0.0,1,0,0.0,,7,0,0.0,1,False,False
100000006111439100,peripheral,1.0,1,0.5078,"Признаков роли нет: связи 3 вх./4 исх., оборот 24 тыс. ₸",False,3,False,3,4,20570.0,24000.0,3,4,1.1667,8.5,7,0,1.8e-05,1,True,False
100000006111442100,peripheral,1.0,4,0.273,"Признаков роли нет: связи 1 вх./0 исх., оборот 64 тыс. ₸",False,3,False,1,0,64000.0,0.0,1,0,0.0,,8,0,0.0,1,False,False
100000006122699100,peripheral,1.0,2,0.3314,"Признаков роли нет: связи 2 вх./0 исх., оборот 46 тыс. ₸",False,2,False,2,0,45865.0,0.0,2,0,0.0,,7,0,0.0,2,False,False
100000006126743100,peripheral,1.0,7,0.2704,"Признаков роли нет: связи 1 вх./0 исх., оборот 55 тыс. ₸",False,3,False,1,0,55000.0,0.0,1,0,0.0,,7,0,0.0,1,False,False
100000006161893100,peripheral,1.0,2,0.2351,"Признаков роли нет: связи 1 вх./0 исх., оборот 14 тыс. ₸",False,2,False,1,0,14000.0,0.0,1,0,0.0,,7,0,0.0,1,False,False
100000006165886100,peripheral,1.0,3,0.5667,"Признаков роли нет: связи 2 вх./1 исх., оборот 184 тыс. ₸; блокировка отсекает 259 тыс. ₸",False,3,False,2,1,184481.0,75000.0,2,1,0.4065,5.5,7,0,1e-06,1,False,False
100000006169033100,transit,0.96,19,0.746,"Признаки транзита: ушло 1,1 млн ₸ при видимом входе 49 тыс. ₸ за ~3 дн. — приток вне выборки; блокировка отсекает 1,2 млн ₸",False,3,False,1,3,49000.0,1140271.0,1,10,23.2708,3.0,7,0,3.9e-05,1,True,True
100000006171671100,peripheral,1.0,10,0.2304,Граница выборки (4-е колено): исходящие не видны; получено 10 тыс. ₸ от 1 плательщика,False,4,True,1,0,10000.0,0.0,1,0,0.0,,7,0,0.0,1,False,False
100000006177176100,peripheral,1.0,2,0.2282,"Признаков роли нет: связи 1 вх./0 исх., оборот 9 тыс. ₸",False,1,False,1,0,8911.0,0.0,1,0,0.0,,7,1,0.0,1,False,False
100000006209210100,terminal,0.94,10,0.4198,"Деньги оседают: получено 229 тыс. ₸ от 1 плательщика, исходящих ≥5 тыс. ₸ нет (узел раскрыт обходом)",False,3,False,1,0,229111.0,0.0,1,0,0.0,,7,0,0.0,1,False,False
100000006225798100,peripheral,1.0,18,0.6407,"Признаков роли нет: связи 3 вх./2 исх., оборот 722 тыс. ₸; блокировка отсекает 748 тыс. ₸",False,3,False,3,2,722000.0,26300.0,4,2,0.0364,,7,0,3.8e-05,1,False,False
100000006232642100,peripheral,1.0,19,0.3092,Граница выборки (4-е колено): исходящие не видны; получено 456 тыс. ₸ от 1 плательщика,False,4,True,1,0,456000.0,0.0,4,0,0.0,,7,0,0.0,1,False,False
100000006232815100,peripheral,1.0,29,0.182,"Признаков роли нет: связи 1 вх./5 исх., оборот 296 тыс. ₸; курьер из исходного списка",True,0,False,1,5,160000.0,296500.0,2,5,,4.0,0,0,3e-06,1,True,False
100000006240939100,transit,1.0,9,0.726,Признаки транзита: ушло 778 тыс. ₸ при видимом входе 160 тыс. ₸ за ~0 дн. — приток вне выборки; блокировка отсекает 938 тыс. ₸,False,2,False,1,5,160000.0,778015.0,1,5,4.8626,0.0,1,0,4e-06,1,False,True
100000006248077100,peripheral,1.0,8,0.2672,"Признаков роли нет: связи 1 вх./0 исх., оборот 50 тыс. ₸",False,2,False,1,0,50000.0,0.0,1,0,0.0,,7,0,0.0,1,False,False
100000006249740100,peripheral,1.0,41,0.1102,"Признаков роли нет: связи 0 вх./3 исх., оборот 93 тыс. ₸; курьер из исходного списка",True,0,False,0,3,0.0,93007.0,0,5,,,0,0,0.0,0,False,False
100000006257675100,peripheral,1.0,21,0.2747,Граница выборки (4-е колено): исходящие не видны; получено 70 тыс. ₸ от 1 плательщика,False,4,True,1,0,70000.0,0.0,2,0,0.0,,7,0,0.0,1,False,False
100000006274203100,peripheral,1.0,10,0.6551,"Признаков роли нет: связи 2 вх./3 исх., оборот 3,4 млн ₸; блокировка отсекает 3,5 млн ₸",False,3,False,2,3,3417512.0,72000.0,41,3,0.0211,3.0,9,0,3.7e-05,1,True,False
100000006288612100,peripheral,1.0,16,0.2559,Граница выборки (4-е колено): исходящие не видны; получено 31 тыс. ₸ от 1 плательщика,False,4,True,1,0,30805.0,0.0,3,0,0.0,,7,0,0.0,1,False,False
100000006308406100,peripheral,1.0,21,0.2937,Граница выборки (4-е колено): исходящие не видны; получено 183 тыс. ₸ от 1 плательщика,False,4,True,1,0,183000.0,0.0,2,0,0.0,,7,0,0.0,1,False,False
100000006326645100,peripheral,1.0,5,0.2506,"Признаков роли нет: связи 1 вх./0 исх., оборот 25 тыс. ₸",False,1,False,1,0,25264.0,0.0,1,0,0.0,,1,1,0.0,1,False,False
100000006351075100,peripheral,1.0,10,0.2608,Граница выборки (4-е колено): исходящие не видны; получено 40 тыс. ₸ от 1 плательщика,False,4,True,1,0,40000.0,0.0,2,0,0.0,,7,0,0.0,1,False,False
100000006369769100,peripheral,1.0,5,0.2608,"Признаков роли нет: связи 1 вх./0 исх., оборот 40 тыс. ₸",False,1,False,1,0,40000.0,0.0,1,0,0.0,,1,1,0.0,1,False,False
100000006381453100,peripheral,1.0,4,0.2633,Граница выборки (4-е колено): исходящие не видны; получено 45 тыс. ₸ от 1 плательщика,False,4,True,1,0,45000.0,0.0,1,0,0.0,,8,0,0.0,1,False,False
100000006385877100,peripheral,0.92,11,0.3973,"Признаков роли нет: связи 1 вх./1 исх., оборот 54 тыс. ₸",False,2,False,1,1,53706.62,36602.93,5,5,0.6815,0.0,1,0,0.0,1,True,False
100000006412162100,peripheral,1.0,13,0.2366,Граница выборки (4-е колено): исходящие не видны; получено 15 тыс. ₸ от 1 плательщика,False,4,True,1,0,15000.0,0.0,2,0,0.0,,1,0,0.0,1,False,False
100000006416061100,peripheral,1.0,3,0.2549,Граница выборки (4-е колено): исходящие не видны; получено 30 тыс. ₸ от 1 плательщика,False,4,True,1,0,30000.0,0.0,1,0,0.0,,7,0,0.0,1,False,False
100000006424479100,peripheral,1.0,32,0.5684,"Признаков роли нет: связи 1 вх./2 исх., оборот 500 тыс. ₸; блокировка отсекает 1,0 млн ₸",False,2,False,1,2,500000.0,220000.0,2,3,0.44,14.0,10,0,7.3e-05,1,False,False
100000006443391100,peripheral,1.0,11,0.5543,"Признаков роли нет: связи 3 вх./2 исх., оборот 87 тыс. ₸; блокировка отсекает 152 тыс. ₸",False,1,False,3,2,86775.93,60041.71,7,6,0.6919,5.0,1,1,1e-06,1,True,False
100000006444163100,peripheral,1.0,19,0.2259,"Признаков роли нет: связи 1 вх./0 исх., оборот 6 тыс. ₸",False,3,False,1,0,6026.0,0.0,1,0,0.0,,7,0,0.0,1,False,False
100000006445501100,peripheral,1.0,15,0.28,"Признаков роли нет: связи 1 вх./0 исх., оборот 91 тыс. ₸",False,1,False,1,0,91000.0,0.0,1,0,0.0,,8,1,0.0,1,False,False
100000006446271100,peripheral,1.0,8,0.3449,"Признаков роли нет: связи 2 вх./0 исх., оборот 80 тыс. ₸",False,1,False,2,0,80000.0,0.0,2,0,0.0,,10,1,0.0,2,False,False
100000006471232100,peripheral,1.0,6,0.2618,"Признаков роли нет: связи 1 вх./0 исх., оборот 42 тыс. ₸",False,3,False,1,0,41800.0,0.0,1,0,0.0,,1,0,0.0,1,False,False
100000006476758100,peripheral,1.0,15,0.2246,"Признаков роли нет: связи 1 вх./0 исх., оборот 5 тыс. ₸",False,3,False,1,0,5200.0,0.0,1,0,0.0,,8,0,0.0,1,False,False
100000006490557100,peripheral,1.0,14,0.2236,"Признаков роли нет: связи 1 вх./0 исх., оборот 5 тыс. ₸",False,2,False,1,0,5000.0,0.0,1,0,0.0,,1,0,0.0,1,False,False
100000006490615100,peripheral,1.0,1,0.2618,Граница выборки (4-е колено): исходящие не видны; получено 42 тыс. ₸ от 1 плательщика,False,4,True,1,0,41600.0,0.0,6,0,0.0,,7,0,0.0,1,False,False
100000006491272100,peripheral,1.0,6,0.2518,"Признаков роли нет: связи 1 вх./0 исх., оборот 26 тыс. ₸",False,3,False,1,0,26200.0,0.0,1,0,0.0,,1,0,0.0,1,False,False
100000006491963100,peripheral,1.0,13,0.2385,Граница выборки (4-е колено): исходящие не видны; получено 16 тыс. ₸ от 1 плательщика,False,4,True,1,0,16000.0,0.0,3,0,0.0,,1,0,0.0,1,False,False
100000006492770100,peripheral,1.0,10,0.5171,"Признаков роли нет: связи 1 вх./1 исх., оборот 269 тыс. ₸; блокировка отсекает 289 тыс. ₸",False,3,False,1,1,269000.0,20000.0,1,1,0.0743,1.0,7,0,1.9e-05,1,False,False
100000006512787100,peripheral,1.0,10,0.2437,Граница выборки (4-е колено): исходящие не видны; получено 20 тыс. ₸ от 1 плательщика,False,4,True,1,0,20000.0,0.0,2,0,0.0,,7,0,0.0,1,False,False
100000006518161100,transit,1.0,2,0.8259,"Признаки транзита: пришло 594 тыс. ₸, ушло 100% за ~0 дн.; связи 3→2; блокировка отсекает 1,2 млн ₸",False,1,False,3,2,594200.0,595899.0,13,13,1.0029,0.0,7,1,5.8e-05,2,True,False
100000006522972100,peripheral,1.0,9,0.2289,"Признаков роли нет: связи 1 вх./0 исх., оборот 10 тыс. ₸",False,3,False,1,0,9515.0,0.0,1,0,0.0,,7,0,0.0,1,False,False
100000006523053100,peripheral,1.0,8,0.2236,"Признаков роли нет: связи 1 вх./0 исх., оборот 5 тыс. ₸",False,2,False,1,0,5000.0,0.0,1,0,0.0,,10,0,0.0,1,False,False
100000006527156100,peripheral,1.0,1,0.2656,Граница выборки (4-е колено): исходящие не видны; получено 48 тыс. ₸ от 1 плательщика,False,4,True,1,0,48500.0,0.0,1,0,0.0,,7,0,0.0,1,False,False
100000006530134100,peripheral,1.0,7,0.3571,"Признаков роли нет: связи 2 вх./0 исх., оборот 145 тыс. ₸",False,3,False,2,0,144663.0,0.0,2,0,0.0,,7,0,0.0,1,False,False
100000006532229100,peripheral,1.0,4,0.2841,"Признаков роли нет: связи 1 вх./0 исх., оборот 105 тыс. ₸",False,3,False,1,0,105000.0,0.0,1,0,0.0,,8,0,0.0,1,False,False
100000006534886100,transit,1.0,2,0.6138,Признаки транзита: ушло 168 тыс. ₸ при видимом входе 72 тыс. ₸ за ~1 дн. — приток вне выборки; в ядре-кольце из 85; блокировка отсекает 239 тыс. ₸,False,2,False,1,1,71700.0,167500.0,5,8,2.3361,1.0,7,0,0.0,1,True,True
100000006557763100,peripheral,1.0,8,0.2304,"Признаков роли нет: связи 1 вх./0 исх., оборот 10 тыс. ₸",False,2,False,1,0,10000.0,0.0,1,0,0.0,,10,0,0.0,1,False,False
100000006562026100,peripheral,1.0,41,0.3435,"Признаков роли нет: связи 2 вх./0 исх., оборот 75 тыс. ₸",False,1,False,2,0,75000.0,0.0,6,0,0.0,,2,2,0.0,1,False,False
100000006564102100,terminal,0.98,1,0.4221,"Деньги оседают: получено 233 тыс. ₸ от 1 плательщика, исходящих ≥5 тыс. ₸ нет (узел раскрыт обходом)",False,2,False,1,0,233235.0,0.0,1,0,0.0,,9,0,0.0,1,False,False
100000006567935100,terminal,0.5,13,0.3959,"Деньги оседают: получено 200 тыс. ₸ от 1 плательщика, исходящих ≥5 тыс. ₸ нет (узел раскрыт обходом)",False,2,False,1,0,200000.0,0.0,1,0,0.0,,7,0,0.0,1,False,False
100000006573438100,peripheral,1.0,19,0.2236,"Признаков роли нет: связи 1 вх./0 исх., оборот 5 тыс. ₸",False,3,False,1,0,5000.0,0.0,1,0,0.0,,7,0,0.0,1,False,False
100000006579678100,transit,1.0,2,0.836,"Признаки транзита: ушло 1,7 млн ₸ при видимом входе 193 тыс. ₸ за ~2 дн. — приток вне выборки; в ядре-кольце из 85; блокировка отсекает 1,9 млн ₸",False,1,False,2,6,192930.0,1668800.0,2,15,8.6498,2.0,7,1,0.000449,1,True,True
100000006595426100,peripheral,1.0,1,0.2784,"Признаков роли нет: связи 1 вх./0 исх., оборот 85 тыс. ₸",False,2,False,1,0,84800.0,0.0,3,0,0.0,,7,0,0.0,1,False,False
100000006612238100,peripheral,1.0,5,0.433,"Признаков роли нет: связи 1 вх./1 исх., оборот 160 тыс. ₸; блокировка отсекает 185 тыс. ₸",False,2,False,1,1,160000.0,25000.0,1,1,0.1562,0.0,1,0,0.0,1,True,False
100000006638021100,peripheral,1.0,4,0.3745,Граница выборки (4-е колено): исходящие не видны; получено 388 тыс. ₸ от 2 плательщиков,False,4,True,2,0,388500.0,0.0,2,0,0.0,,9,0,0.0,2,False,False
100000006641671100,transit,1.0,3,0.6726,"Признаки транзита: пришло 22 тыс. ₸, ушло 114% за ~0 дн.; связи 2→1",False,3,False,2,1,22000.0,25000.0,2,3,1.1364,0.0,7,0,5e-06,1,False,False
100000006656003100,peripheral,1.0,5,0.3555,"Признаков роли нет: связи 1 вх./1 исх., оборот 20 тыс. ₸",False,1,False,1,1,20000.0,9000.0,1,1,0.45,0.0,1,1,0.0,1,True,False
100000006658598100,peripheral,1.0,2,0.2284,"Признаков роли нет: связи 1 вх./0 исх., оборот 9 тыс. ₸",False,1,False,1,0,9000.0,0.0,1,0,0.0,,7,1,0.0,1,False,False
100000006664478100,transit,1.0,9,0.6371,"Признаки транзита: пришло 55 тыс. ₸, ушло 109% за ~0 дн.; связи 1→2; блокировка отсекает 115 тыс. ₸",False,3,False,1,2,55000.0,60000.0,3,2,1.0909,0.0,1,0,1e-06,1,False,False
100000006679055100,peripheral,1.0,1,0.2497,"Признаков роли нет: связи 1 вх./0 исх., оборот 25 тыс. ₸",False,2,False,1,0,25000.0,0.0,1,0,0.0,,9,0,0.0,1,False,False
100000006684930100,peripheral,1.0,32,0.2304,"Признаков роли нет: связи 1 вх./0 исх., оборот 10 тыс. ₸",False,2,False,1,0,10000.0,0.0,1,0,0.0,,10,0,0.0,1,False,False
100000006687202100,peripheral,1.0,1,0.2672,"Признаков роли нет: связи 1 вх./0 исх., оборот 50 тыс. ₸",False,1,False,1,0,50000.0,0.0,1,0,0.0,,7,1,0.0,1,False,False
100000006689603100,peripheral,1.0,17,0.3073,Граница выборки (4-е колено): исходящие не видны; получено 400 тыс. ₸ от 1 плательщика,False,4,True,1,0,400000.0,0.0,2,0,0.0,,7,0,0.0,1,False,False
100000006693788100,peripheral,1.0,3,0.2321,Граница выборки (4-е колено): исходящие не видны; получено 11 тыс. ₸ от 1 плательщика,False,4,True,1,0,10764.0,0.0,1,0,0.0,,7,0,0.0,1,False,False
100000006701983100,peripheral,1.0,6,0.2525,"Признаков роли нет: связи 1 вх./0 исх., оборот 27 тыс. ₸",False,3,False,1,0,27000.0,0.0,1,0,0.0,,1,0,0.0,1,False,False
100000006704530100,transit,0.96,28,0.7363,"Признаки транзита: пришло 450 тыс. ₸, ушло 95% за ~3 дн.; связи 1→3; блокировка отсекает 878 тыс. ₸",False,3,False,1,3,450500.0,428000.0,1,5,0.9501,3.0,7,0,5.9e-05,1,False,False
100000006706519100,peripheral,1.0,10,0.2591,Граница выборки (4-е колено): исходящие не видны; получено 36 тыс. ₸ от 1 плательщика,False,4,True,1,0,36000.0,0.0,3,0,0.0,,7,0,0.0,1,False,False
100000006707582100,transit,1.0,11,0.8324,"Признаки транзита: ушло 961 тыс. ₸ при видимом входе 40 тыс. ₸ за ~0 дн. — приток вне выборки; блокировка отсекает 1,8 млн ₸",False,1,False,2,14,39520.0,961138.0,2,15,24.3203,0.0,1,1,0.000363,1,True,True
100000006710485100,peripheral,1.0,6,0.2437,"Признаков роли нет: связи 1 вх./0 исх., оборот 20 тыс. ₸",False,3,False,1,0,20000.0,0.0,1,0,0.0,,1,0,0.0,1,False,False
100000006714366100,peripheral,1.0,1,0.4067,"Признаков роли нет: связи 1 вх./1 исх., оборот 10 тыс. ₸",False,3,False,1,1,10500.0,5000.0,1,1,0.4762,0.0,7,0,1.9e-05,1,False,False
100000006734214100,peripheral,0.8,18,0.6488,"Признаков роли нет: связи 5 вх./3 исх., оборот 610 тыс. ₸; блокировка отсекает 646 тыс. ₸",False,3,False,5,3,610000.0,36000.0,10,4,0.059,5.0,7,0,5.9e-05,2,False,False
100000006734554100,peripheral,1.0,29,0.4224,"Признаков роли нет: связи 1 вх./1 исх., оборот 25 тыс. ₸",False,1,False,1,1,16500.0,25000.0,1,1,1.5152,19.0,1,1,1e-06,1,False,True
100000006735545100,peripheral,1.0,1,0.2236,Граница выборки (4-е колено): исходящие не видны; получено 5 тыс. ₸ от 1 плательщика,False,4,True,1,0,5000.0,0.0,1,0,0.0,,7,0,0.0,1,False,False
100000006745291100,peripheral,1.0,15,0.278,"Признаков роли нет: связи 1 вх./0 исх., оборот 83 тыс. ₸",False,1,False,1,0,82534.0,0.0,1,0,0.0,,8,1,0.0,1,False,False
100000006746688100,peripheral,1.0,6,0.2615,"Признаков роли нет: связи 1 вх./0 исх., оборот 41 тыс. ₸",False,3,False,1,0,41000.0,0.0,1,0,0.0,,1,0,0.0,1,False,False
100000006755850100,terminal,1.0,15,0.4338,"Деньги оседают: получено 443 тыс. ₸ от 1 плательщика, исходящих ≥5 тыс. ₸ нет (узел раскрыт обходом)",False,2,False,1,0,443475.8,0.0,3,0,0.0,,11,0,0.0,1,False,False
100000006756956100,peripheral,1.0,1,0.2865,Граница выборки (4-е колено): исходящие не видны; получено 121 тыс. ₸ от 1 плательщика,False,4,True,1,0,121200.0,0.0,9,0,0.0,,7,0,0.0,1,False,False
100000006787636100,peripheral,1.0,2,0.2437,"Признаков роли нет: связи 1 вх./0 исх., оборот 20 тыс. ₸",False,2,False,1,0,20000.0,0.0,1,0,0.0,,7,0,0.0,1,False,False
100000006788200100,peripheral,1.0,9,0.6237,"Признаков роли нет: связи 4 вх./3 исх., оборот 272 тыс. ₸; блокировка отсекает 347 тыс. ₸",False,1,False,4,3,272155.8,64500.0,4,4,0.237,8.0,7,1,9.7e-05,1,False,False
100000006789108100,peripheral,1.0,15,0.2597,"Признаков роли нет: связи 1 вх./0 исх., оборот 38 тыс. ₸",False,1,False,1,0,37500.0,0.0,1,0,0.0,,8,1,0.0,1,False,False
100000006831291100,peripheral,1.0,41,0.0882,"Признаков роли нет: связи 0 вх./1 исх., оборот 15 тыс. ₸; курьер из исходного списка",True,0,False,0,1,0.0,15000.0,0,3,,,0,0,0.0,0,False,False
100000006844004100,peripheral,1.0,1,0.2451,"Признаков роли нет: связи 1 вх./0 исх., оборот 21 тыс. ₸",False,3,False,1,0,20600.0,0.0,1,0,0.0,,7,0,0.0,1,False,False
100000006844768100,peripheral,0.94,3,0.5421,"Признаков роли нет: связи 1 вх./2 исх., оборот 282 тыс. ₸; блокировка отсекает 510 тыс. ₸",False,2,False,1,2,282000.0,188000.0,5,5,0.6667,3.0,7,0,3.9e-05,1,True,False
100000006852430100,peripheral,1.0,15,0.2594,"Признаков роли нет: связи 1 вх./0 исх., оборот 37 тыс. ₸",False,2,False,1,0,37000.0,0.0,1,0,0.0,,11,0,0.0,1,False,False
100000006866783100,coordinator,1.0,1,0.4035,"Кандидат в координаторы: собирает от 13 плательщиков (839 тыс. ₸) и раздаёт 67 получателям (3,9 млн ₸); в ядре-кольце из 85; синхронный сбор: 5 плат. в 1 день",True,0,False,13,67,838812.0,3948037.0,31,90,,0.0,6,0,0.006045,5,True,False
100000006866831100,peripheral,1.0,3,0.2391,Граница выборки (4-е колено): исходящие не видны; получено 16 тыс. ₸ от 1 плательщика,False,4,True,1,0,16500.0,0.0,1,0,0.0,,7,0,0.0,1,False,False
100000006882208100,peripheral,1.0,2,0.2414,"Признаков роли нет: связи 1 вх./0 исх., оборот 18 тыс. ₸",False,3,False,1,0,18000.0,0.0,1,0,0.0,,7,0,0.0,1,False,False
100000006888238100,peripheral,1.0,43,0.4289,"Признаков роли нет: связи 1 вх./1 исх., оборот 30 тыс. ₸",False,2,False,1,1,18000.0,30000.0,1,1,1.6667,,1,0,0.0,1,False,True
100000006889963100,peripheral,1.0,15,0.6613,"Признаков роли нет: связи 4 вх./1 исх., оборот 1,4 млн ₸; синхронный сбор: 4 плат. в 1 день; блокировка отсекает 1,9 млн ₸",False,1,False,4,1,1431000.0,443475.8,6,3,0.3099,0.0,11,2,2.5e-05,4,False,False
100000006894637100,peripheral,1.0,3,0.2691,"Признаков роли нет: связи 1 вх./0 исх., оборот 53 тыс. ₸",False,3,False,1,0,52831.0,0.0,1,0,0.0,,7,0,0.0,1,False,False
100000006901046100,peripheral,1.0,2,0.4007,"Признаков роли нет: связи 1 вх./1 исх., оборот 76 тыс. ₸",False,2,False,1,1,75800.0,5500.0,3,1,0.0726,1.0,7,0,0.0,1,True,False
100000006903193100,peripheral,1.0,3,0.2284,Граница выборки (4-е колено): исходящие не видны; получено 9 тыс. ₸ от 1 плательщика,False,4,True,1,0,9000.0,0.0,1,0,0.0,,7,0,0.0,1,False,False
100000006912294100,peripheral,1.0,11,0.4263,"Признаков роли нет: связи 1 вх./2 исх., оборот 30 тыс. ₸",False,2,False,1,2,6335.09,30000.0,1,2,4.7355,,1,0,1e-06,1,True,True
100000006918814100,peripheral,1.0,1,0.2437,Граница выборки (4-е колено): исходящие не видны; получено 20 тыс. ₸ от 1 плательщика,False,4,True,1,0,20000.0,0.0,2,0,0.0,,7,0,0.0,1,False,False
100000006919124100,peripheral,1.0,10,0.2497,"Признаков роли нет: связи 1 вх./0 исх., оборот 25 тыс. ₸",False,3,False,1,0,25000.0,0.0,1,0,0.0,,7,0,0.0,1,False,False
100000006952718100,peripheral,1.0,2,0.2754,"Признаков роли нет: связи 1 вх./0 исх., оборот 71 тыс. ₸",False,1,False,1,0,71489.0,0.0,1,0,0.0,,7,1,0.0,1,False,False
100000006965162100,peripheral,1.0,20,0.2304,"Признаков роли нет: связи 1 вх./0 исх., оборот 10 тыс. ₸",False,3,False,1,0,10000.0,0.0,1,0,0.0,,7,0,0.0,1,False,False
100000006967370100,peripheral,1.0,18,0.4408,"Признаков роли нет: связи 1 вх./1 исх., оборот 33 тыс. ₸",False,3,False,1,1,33225.0,13526.27,1,1,0.4071,0.0,7,0,1.9e-05,1,False,False
100000006972210100,terminal,1.0,11,0.515,"Деньги оседают: получено 489 тыс. ₸ от 3 плательщиков, исходящих ≥5 тыс. ₸ нет (узел раскрыт обходом)",False,1,False,3,0,488775.0,0.0,4,0,0.0,,8,3,0.0,1,False,False
100000006977207100,peripheral,1.0,22,0.5895,"Признаков роли нет: связи 1 вх./15 исх., оборот 4,2 млн ₸; блокировка отсекает 5,2 млн ₸",False,2,False,1,15,414000.0,4157018.0,1,15,10.0411,,1,0,3.3e-05,1,False,True
100000006989106100,peripheral,1.0,14,0.273,"Признаков роли нет: связи 1 вх./0 исх., оборот 64 тыс. ₸",False,2,False,1,0,64000.0,0.0,2,0,0.0,,1,0,0.0,1,False,False
100000006989232100,peripheral,1.0,3,0.2463,"Признаков роли нет: связи 1 вх./0 исх., оборот 22 тыс. ₸",False,3,False,1,0,22194.0,0.0,1,0,0.0,,7,0,0.0,1,False,False
100000006994985100,peripheral,1.0,9,0.4561,"Признаков роли нет: связи 1 вх./1 исх., оборот 48 тыс. ₸",False,2,False,1,1,48500.0,10200.0,2,2,0.2103,1.0,7,0,2e-05,1,False,False
100000007005380100,peripheral,1.0,9,0.2288,"Признаков роли нет: связи 1 вх./0 исх., оборот 9 тыс. ₸",False,3,False,1,0,9400.0,0.0,1,0,0.0,,7,0,0.0,1,False,False
100000007018630100,peripheral,1.0,44,0.1178,"Признаков роли нет: связи 0 вх./1 исх., оборот 200 тыс. ₸; курьер из исходного списка",True,0,False,0,1,0.0,200000.0,0,5,,,0,0,0.0,0,False,False
100000007020162100,peripheral,1.0,12,0.2788,"Признаков роли нет: связи 1 вх./0 исх., оборот 86 тыс. ₸",False,3,False,1,0,86395.0,0.0,1,0,0.0,,7,0,0.0,1,False,False
100000007022818100,peripheral,1.0,6,0.2399,"Признаков роли нет: связи 1 вх./0 исх., оборот 17 тыс. ₸",False,3,False,1,0,17200.0,0.0,1,0,0.0,,1,0,0.0,1,False,False
100000007034089100,peripheral,1.0,4,0.3627,Граница выборки (4-е колено): исходящие не видны; получено 198 тыс. ₸ от 2 плательщиков,False,4,True,2,0,198000.0,0.0,2,0,0.0,,8,0,0.0,2,False,False
100000007042175100,peripheral,1.0,10,0.272,Граница выборки (4-е колено): исходящие не видны; получено 60 тыс. ₸ от 1 плательщика,False,4,True,1,0,60000.0,0.0,1,0,0.0,,7,0,0.0,1,False,False
100000007055802100,consolidator,0.66,3,0.9158,"Признаки консолидации: 6 плательщиков (курьеров: 1), вход 2,0 млн ₸, дальше 1 получ., удержано 70%; синхронный сбор: 4 плат. в 1 день; блокировка отсекает 2,6 млн ₸",False,1,False,6,1,2024999.0,605000.0,34,7,0.2988,0.0,7,1,4e-06,4,True,False
100000007071852100,peripheral,1.0,3,0.2948,Граница выборки (4-е колено): исходящие не видны; получено 195 тыс. ₸ от 1 плательщика,False,4,True,1,0,195000.0,0.0,1,0,0.0,,7,0,0.0,1,False,False
100000007129492100,peripheral,0.72,15,0.538,"Признаков роли нет: связи 2 вх./1 исх., оборот 51 тыс. ₸",False,1,False,2,1,50990.0,37000.0,2,1,0.7256,0.0,11,2,2.5e-05,1,False,False
100000007131370100,peripheral,1.0,2,0.3756,"Признаков роли нет: связи 1 вх./1 исх., оборот 30 тыс. ₸",False,3,False,1,1,30000.0,30000.0,1,1,1.0,,7,0,0.0,1,True,False
100000007138613100,peripheral,1.0,3,0.6509,"Признаков роли нет: связи 3 вх./2 исх., оборот 1,0 млн ₸; блокировка отсекает 1,2 млн ₸",False,3,False,3,2,1002000.0,179000.0,3,2,0.1786,,7,0,3.9e-05,1,False,False
100000007140834100,peripheral,1.0,9,0.2319,"Признаков роли нет: связи 1 вх./0 исх., оборот 10 тыс. ₸",False,3,False,1,0,10200.0,0.0,2,0,0.0,,7,0,0.0,1,False,False
100000007153161100,peripheral,1.0,10,0.2629,Граница выборки (4-е колено): исходящие не видны; получено 45 тыс. ₸ от 1 плательщика,False,4,True,1,0,44997.0,0.0,1,0,0.0,,7,0,0.0,1,False,False
100000007170072100,transit,1.0,17,0.6779,"Признаки транзита: пришло 100 тыс. ₸, ушло 100% за ~2 дн.; связи 1→2; блокировка отсекает 200 тыс. ₸",False,3,False,1,2,100000.0,99500.0,1,9,0.995,2.0,7,0,3.8e-05,1,False,False
100000007173936100,peripheral,1.0,13,0.2304,"Признаков роли нет: связи 1 вх./0 исх., оборот 10 тыс. ₸",False,2,False,1,0,10000.0,0.0,1,0,0.0,,7,0,0.0,1,False,False
100000007175718100,peripheral,1.0,37,0.2437,"Признаков роли нет: связи 1 вх./0 исх., оборот 20 тыс. ₸",False,1,False,1,0,20000.0,0.0,1,0,0.0,,1,1,0.0,1,False,False
100000007181706100,peripheral,0.66,8,0.3607,"Признаков роли нет: связи 2 вх./0 исх., оборот 176 тыс. ₸",False,1,False,2,0,176272.0,0.0,2,0,0.0,,10,1,0.0,2,False,False
100000007197866100,peripheral,0.68,3,0.424,"Признаков роли нет: связи 1 вх./1 исх., оборот 20 тыс. ₸",False,3,False,1,1,20000.0,15000.0,1,1,0.75,0.0,7,0,1.9e-05,1,False,False
100000007229557100,terminal,1.0,4,0.5208,"Деньги оседают: получено 878 тыс. ₸ от 3 плательщиков, исходящих ≥5 тыс. ₸ нет (узел раскрыт обходом); синхронный сбор: 3 плат. в 1 день",False,3,False,3,0,878000.0,0.0,3,0,0.0,,9,0,0.0,3,False,False
100000007242833100,peripheral,1.0,16,0.4927,"Признаков роли нет: связи 1 вх./1 исх., оборот 108 тыс. ₸; блокировка отсекает 152 тыс. ₸",False,2,False,1,1,107500.0,45000.0,3,2,0.4186,1.0,9,0,2e-05,1,False,False
100000007267915100,peripheral,1.0,18,0.486,"Признаков роли нет: связи 2 вх./1 исх., оборот 21 тыс. ₸",False,3,False,2,1,21000.0,10000.0,3,1,0.4762,2.0,7,0,2e-06,1,False,False
100000007274584100,peripheral,1.0,8,0.2599,"Признаков роли нет: связи 1 вх./0 исх., оборот 38 тыс. ₸",False,1,False,1,0,38000.0,0.0,1,0,0.0,,10,1,0.0,1,False,False
100000007281639100,terminal,0.7,2,0.4748,"Деньги оседают: получено 217 тыс. ₸ от 2 плательщиков, исходящих ≥5 тыс. ₸ нет (узел раскрыт обходом)",False,1,False,2,0,216770.0,0.0,4,0,0.0,,7,1,0.0,1,False,False
100000007283257100,peripheral,0.6,45,0.2945,"Признаков роли нет: связи 1 вх./0 исх., оборот 192 тыс. ₸",False,1,False,1,0,192000.0,0.0,7,0,0.0,,1,1,0.0,1,False,False
100000007289427100,peripheral,1.0,1,0.2336,"Признаков роли нет: связи 1 вх./0 исх., оборот 12 тыс. ₸",False,2,False,1,0,12300.0,0.0,1,0,0.0,,1,0,0.0,1,False,False
100000007303047100,peripheral,1.0,6,0.2689,"Признаков роли нет: связи 1 вх./0 исх., оборот 52 тыс. ₸",False,3,False,1,0,52250.0,0.0,1,0,0.0,,1,0,0.0,1,False,False
100000007311010100,peripheral,1.0,8,0.5411,"Признаков роли нет: связи 2 вх./1 исх., оборот 64 тыс. ₸",False,1,False,2,1,64480.0,20000.0,2,1,0.3102,,10,1,2.4e-05,1,False,False
100000007322059100,peripheral,0.62,9,0.52,"Признаков роли нет: связи 2 вх./1 исх., оборот 29 тыс. ₸",False,2,False,2,1,29000.0,22500.0,2,2,0.7759,2.5,8,0,4e-05,1,True,False
100000007330432100,peripheral,1.0,2,0.3125,Граница выборки (4-е колено): исходящие не видны; получено 585 тыс. ₸ от 1 плательщика,False,4,True,1,0,584900.0,0.0,1,0,0.0,,7,0,0.0,1,False,False
100000007333038100,peripheral,1.0,13,0.4374,"Признаков роли нет: связи 1 вх./2 исх., оборот 35 тыс. ₸",False,3,False,1,2,17500.0,34994.0,1,2,1.9997,,1,0,2e-06,1,False,True
100000007334196100,peripheral,1.0,15,0.2903,"Признаков роли нет: связи 1 вх./0 исх., оборот 150 тыс. ₸",False,1,False,1,0,150002.0,0.0,1,0,0.0,,8,1,0.0,1,False,False
100000007337374100,peripheral,1.0,5,0.2437,"Признаков роли нет: связи 1 вх./0 исх., оборот 20 тыс. ₸",False,2,False,1,0,20000.0,0.0,2,0,0.0,,1,0,0.0,1,False,False
100000007347733100,peripheral,1.0,41,0.247,"Признаков роли нет: связи 1 вх./0 исх., оборот 23 тыс. ₸",False,1,False,1,0,23007.0,0.0,1,0,0.0,,1,1,0.0,1,False,False
100000007357489100,peripheral,1.0,4,0.3593,Граница выборки (4-е колено): исходящие не видны; получено 164 тыс. ₸ от 2 плательщиков,False,4,True,2,0,164500.0,0.0,2,0,0.0,,8,0,0.0,2,False,False
100000007381662100,peripheral,1.0,10,0.2324,Граница выборки (4-е колено): исходящие не видны; получено 11 тыс. ₸ от 1 плательщика,False,4,True,1,0,11000.0,0.0,1,0,0.0,,7,0,0.0,1,False,False
100000007382152100,peripheral,1.0,1,0.2255,"Признаков роли нет: связи 1 вх./0 исх., оборот 6 тыс. ₸",False,2,False,1,0,5860.0,0.0,1,0,0.0,,7,0,0.0,1,False,False
100000007382543100,transit,0.96,20,0.8245,Признаки транзита: ушло 427 тыс. ₸ при видимом входе 218 тыс. ₸ за ~3 дн. — приток вне выборки; блокировка отсекает 999 тыс. ₸,False,2,False,3,5,218000.0,427000.0,3,8,1.9587,3.0,7,0,0.000244,1,True,True
100000007390016100,peripheral,0.92,19,0.483,"Признаков роли нет: связи 1 вх./1 исх., оборот 511 тыс. ₸; блокировка отсекает 858 тыс. ₸",False,3,False,1,1,511000.0,346500.0,13,14,0.6781,0.0,7,0,0.0,1,True,False
100000007392365100,peripheral,0.84,10,0.5871,"Признаков роли нет: связи 1 вх./6 исх., оборот 1,8 млн ₸; блокировка отсекает 1,8 млн ₸",False,3,False,1,6,9613.0,1765600.0,1,9,183.6679,4.0,7,0,0.000115,1,False,True
100000007442518100,transit,0.78,13,0.8546,"Признаки транзита: ушло 4,4 млн ₸ при видимом входе 510 тыс. ₸ за ~3 дн. — приток вне выборки; блокировка отсекает 7,2 млн ₸",False,1,False,5,9,510000.0,4419999.0,8,12,8.6667,3.0,7,1,0.000252,1,True,True
100000007472293100,peripheral,0.84,4,0.5393,"Признаков роли нет: связи 1 вх./3 исх., оборот 346 тыс. ₸; блокировка отсекает 351 тыс. ₸",False,3,False,1,3,5000.0,345900.0,1,3,69.18,4.0,9,0,4.8e-05,1,False,True
100000007484343100,peripheral,1.0,10,0.3199,"Признаков роли нет: связи 2 вх./0 исх., оборот 27 тыс. ₸",False,3,False,2,0,26757.0,0.0,2,0,0.0,,7,0,0.0,2,False,False
100000007487729100,peripheral,1.0,3,0.2497,"Признаков роли нет: связи 1 вх./0 исх., оборот 25 тыс. ₸",False,3,False,1,0,25000.0,0.0,1,0,0.0,,7,0,0.0,1,False,False
100000007507343100,terminal,1.0,40,0.4313,"Деньги оседают: получено 370 тыс. ₸ от 1 плательщика, исходящих ≥5 тыс. ₸ нет (узел раскрыт обходом)",False,1,False,1,0,370000.0,0.0,1,0,0.0,,1,1,0.0,1,False,False
100000007510567100,peripheral,1.0,11,0.2687,Граница выборки (4-е колено): исходящие не видны; получено 52 тыс. ₸ от 1 плательщика,False,4,True,1,0,52000.0,0.0,1,0,0.0,,7,0,0.0,1,False,False
100000007510875100,peripheral,1.0,11,0.2236,"Признаков роли нет: связи 1 вх./0 исх., оборот 5 тыс. ₸",False,3,False,1,0,5000.0,0.0,1,0,0.0,,1,0,0.0,1,False,False
100000007511163100,transit,1.0,2,0.7425,Признаки транзита: ушло 82 тыс. ₸ при видимом входе 64 тыс. ₸ за ~0 дн. — приток вне выборки; блокировка отсекает 146 тыс. ₸,False,1,False,2,3,63666.0,82052.0,2,3,1.2888,0.0,7,1,0.000136,1,True,True
100000007511780100,peripheral,1.0,19,0.2909,Граница выборки (4-е колено): исходящие не видны; получено 155 тыс. ₸ от 1 плательщика,False,4,True,1,0,155000.0,0.0,2,0,0.0,,7,0,0.0,1,False,False
100000007534354100,peripheral,1.0,9,0.5155,"Признаков роли нет: связи 1 вх./3 исх., оборот 148 тыс. ₸; блокировка отсекает 577 тыс. ₸",False,2,False,1,3,50000.0,147810.0,1,3,2.9562,,1,0,2e-06,1,False,True
100000007536804100,peripheral,1.0,14,0.5034,"Признаков роли нет: связи 1 вх./2 исх., оборот 100 тыс. ₸; блокировка отсекает 523 тыс. ₸",False,1,False,1,2,100000.0,55000.0,1,2,0.55,2.0,1,1,1e-06,1,False,False
100000007539296100,peripheral,1.0,9,0.2639,Граница выборки (4-е колено): исходящие не видны; получено 46 тыс. ₸ от 1 плательщика,False,4,True,1,0,46000.0,0.0,2,0,0.0,,7,0,0.0,1,False,False
100000007544358100,transit,1.0,2,0.7872,"Признаки транзита: пришло 322 тыс. ₸, ушло 109% за ~1,5 дн.; связи 2→1; блокировка отсекает 672 тыс. ₸",False,1,False,2,1,322500.0,350000.0,2,3,1.0853,1.5,7,1,2e-05,1,False,False
100000007591246100,peripheral,1.0,2,0.4783,"Признаков роли нет: связи 1 вх./1 исх., оборот 120 тыс. ₸; блокировка отсекает 132 тыс. ₸",False,3,False,1,1,12190.0,120000.0,1,1,9.8441,,7,0,1e-06,1,False,True
100000007593823100,transit,1.0,1,0.7803,Признаки транзита: ушло 163 тыс. ₸ при видимом входе 25 тыс. ₸ за ~0 дн. — приток вне выборки; в ядре-кольце из 85; блокировка отсекает 188 тыс. ₸,False,3,False,3,13,25000.0,162900.0,3,21,6.516,0.0,7,0,0.000681,1,True,True
100000007594394100,consolidator,0.66,10,0.934,"Признаки консолидации: 6 плательщиков (курьеров: 0), вход 395 тыс. ₸, дальше 1 получ., отдал больше, чем видно входящих; блокировка отсекает 3,8 млн ₸",False,2,False,6,1,395385.0,3376312.0,6,40,8.5393,0.0,9,0,3.6e-05,2,True,True
100000007597382100,peripheral,1.0,7,0.2381,"Признаков роли нет: связи 1 вх./0 исх., оборот 16 тыс. ₸",False,3,False,1,0,15700.0,0.0,1,0,0.0,,7,0,0.0,1,False,False
100000007617808100,terminal,1.0,8,0.434,"Деньги оседают: получено 450 тыс. ₸ от 1 плательщика, исходящих ≥5 тыс. ₸ нет (узел раскрыт обходом)",False,2,False,1,0,450000.0,0.0,1,0,0.0,,7,0,0.0,1,False,False
100000007618425100,peripheral,1.0,18,0.2603,"Признаков роли нет: связи 1 вх./0 исх., оборот 39 тыс. ₸",False,3,False,1,0,39348.0,0.0,1,0,0.0,,7,0,0.0,1,False,False
100000007629096100,peripheral,0.82,19,0.6475,"Признаков роли нет: связи 4 вх./1 исх., оборот 1,1 млн ₸; блокировка отсекает 1,8 млн ₸",False,2,False,4,1,1075170.0,765205.0,5,5,0.7117,1.0,7,0,1.5e-05,2,True,False
100000007629121100,peripheral,1.0,8,0.2538,"Признаков роли нет: связи 1 вх./0 исх., оборот 29 тыс. ₸",False,2,False,1,0,29000.0,0.0,1,0,0.0,,10,0,0.0,1,False,False
100000007631637100,peripheral,1.0,5,0.2374,"Признаков роли нет: связи 1 вх./0 исх., оборот 15 тыс. ₸",False,1,False,1,0,15341.0,0.0,1,0,0.0,,1,1,0.0,1,False,False
100000007639767100,peripheral,0.84,3,0.6676,"Признаков роли нет: связи 4 вх./10 исх., оборот 822 тыс. ₸; в ядре-кольце из 85; блокировка отсекает 913 тыс. ₸",False,1,False,4,10,90913.0,822244.0,4,13,9.0443,4.0,7,1,0.002511,1,True,True
100000007641183100,peripheral,1.0,2,0.253,"Признаков роли нет: связи 1 вх./0 исх., оборот 28 тыс. ₸",False,1,False,1,0,28000.0,0.0,1,0,0.0,,7,1,0.0,1,False,False
100000007641801100,terminal,0.5,14,0.3959,"Деньги оседают: получено 200 тыс. ₸ от 1 плательщика, исходящих ≥5 тыс. ₸ нет (узел раскрыт обходом)",False,1,False,1,0,200000.0,0.0,1,0,0.0,,1,1,0.0,1,False,False
100000007647294100,terminal,1.0,33,0.4319,"Деньги оседают: получено 385 тыс. ₸ от 1 плательщика, исходящих ≥5 тыс. ₸ нет (узел раскрыт обходом)",False,3,False,1,0,385000.0,0.0,1,0,0.0,,7,0,0.0,1,False,False
100000007648946100,transit,0.96,1,0.6008,Признаки транзита: ушло 25 тыс. ₸ при видимом входе 20 тыс. ₸ за ~3 дн. — приток вне выборки,False,1,False,1,1,19550.0,25000.0,1,1,1.2788,3.0,7,1,3e-06,1,False,True
100000007653003100,peripheral,1.0,18,0.2826,"Признаков роли нет: связи 1 вх./0 исх., оборот 100 тыс. ₸",False,3,False,1,0,100000.0,0.0,1,0,0.0,,7,0,0.0,1,False,False
100000007653094100,peripheral,1.0,1,0.2385,Граница выборки (4-е колено): исходящие не видны; получено 16 тыс. ₸ от 1 плательщика,False,4,True,1,0,16000.0,0.0,1,0,0.0,,7,0,0.0,1,False,False
100000007689942100,peripheral,1.0,1,0.4332,"Признаков роли нет: связи 1 вх./2 исх., оборот 25 тыс. ₸",False,3,False,1,2,5000.0,25000.0,1,2,5.0,,7,0,2e-05,1,True,True
100000007731977100,peripheral,1.0,10,0.2672,Граница выборки (4-е колено): исходящие не видны; получено 50 тыс. ₸ от 1 плательщика,False,4,True,1,0,50000.0,0.0,1,0,0.0,,7,0,0.0,1,False,False
100000007737775100,peripheral,1.0,15,0.2257,"Признаков роли нет: связи 1 вх./0 исх., оборот 6 тыс. ₸",False,3,False,1,0,6000.0,0.0,1,0,0.0,,8,0,0.0,1,False,False
100000007745062100,peripheral,1.0,16,0.2826,Граница выборки (4-е колено): исходящие не видны; получено 100 тыс. ₸ от 1 плательщика,False,4,True,1,0,100000.0,0.0,1,0,0.0,,9,0,0.0,1,False,False
100000007747786100,distributor,1.0,14,0.2438,"Признаки веерной раздачи: 31 получатель, отправлено 4,2 млн ₸; курьер, вход вне выборки",True,0,False,0,31,0.0,4238009.4,0,35,,,0,0,0.0,0,False,False
100000007749092100,peripheral,1.0,2,0.3989,"Признаков роли нет: связи 1 вх./1 исх., оборот 70 тыс. ₸",False,2,False,1,1,7650.0,70375.0,1,5,9.1993,,7,0,0.0,1,True,True
100000007749747100,peripheral,1.0,4,0.2672,Граница выборки (4-е колено): исходящие не видны; получено 50 тыс. ₸ от 1 плательщика,False,4,True,1,0,50000.0,0.0,1,0,0.0,,8,0,0.0,1,False,False
100000007754369100,peripheral,1.0,3,0.2779,"Признаков роли нет: связи 1 вх./0 исх., оборот 82 тыс. ₸",False,3,False,1,0,82424.0,0.0,1,0,0.0,,7,0,0.0,1,False,False
100000007777377100,peripheral,1.0,8,0.5614,"Признаков роли нет: связи 1 вх./2 исх., оборот 456 тыс. ₸; блокировка отсекает 591 тыс. ₸",False,2,False,1,2,456290.0,10000.0,7,2,0.0219,2.5,7,0,0.000136,1,False,False
100000007793871100,peripheral,1.0,11,0.2511,"Признаков роли нет: связи 1 вх./0 исх., оборот 26 тыс. ₸",False,3,False,1,0,26000.0,0.0,3,0,0.0,,8,0,0.0,1,False,False
100000007797290100,peripheral,1.0,1,0.4811,"Признаков роли нет: связи 1 вх./1 исх., оборот 100 тыс. ₸; блокировка отсекает 120 тыс. ₸",False,2,False,1,1,100000.0,20000.0,1,1,0.2,9.0,7,0,1.9e-05,1,False,False
100000007811950100,peripheral,1.0,27,0.2672,Граница выборки (4-е колено): исходящие не видны; получено 50 тыс. ₸ от 1 плательщика,False,4,True,1,0,50000.0,0.0,1,0,0.0,,7,0,0.0,1,False,False
100000007841978100,peripheral,1.0,7,0.3088,Граница выборки (4-е колено): исходящие не видны; получено 449 тыс. ₸ от 1 плательщика,False,4,True,1,0,449000.0,0.0,1,0,0.0,,7,0,0.0,1,False,False
100000007861311100,peripheral,1.0,14,0.2633,"Признаков роли нет: связи 1 вх./0 исх., оборот 45 тыс. ₸",False,2,False,1,0,45000.0,0.0,1,0,0.0,,1,0,0.0,1,False,False
100000007863304100,peripheral,1.0,7,0.2497,"Признаков роли нет: связи 1 вх./0 исх., оборот 25 тыс. ₸",False,3,False,1,0,25000.0,0.0,1,0,0.0,,7,0,0.0,1,False,False
100000007864477100,transit,1.0,1,0.7709,Признаки транзита: ушло 204 тыс. ₸ при видимом входе 76 тыс. ₸ за ~0 дн. — приток вне выборки; блокировка отсекает 280 тыс. ₸,False,3,False,2,6,76000.0,203500.0,2,10,2.6776,0.0,7,0,7.5e-05,1,False,True
100000007865484100,peripheral,1.0,10,0.3125,Граница выборки (4-е колено): исходящие не видны; получено 585 тыс. ₸ от 1 плательщика,False,4,True,1,0,584600.0,0.0,2,0,0.0,,7,0,0.0,1,False,False
100000007867364100,peripheral,1.0,23,0.2619,Граница выборки (4-е колено): исходящие не видны; получено 42 тыс. ₸ от 1 плательщика,False,4,True,1,0,41852.0,0.0,1,0,0.0,,7,0,0.0,1,False,False
100000007898453100,transit,1.0,8,0.7071,Признаки транзита: ушло 320 тыс. ₸ при видимом входе 25 тыс. ₸ за ~1 дн. — приток вне выборки; блокировка отсекает 345 тыс. ₸,False,2,False,1,2,24750.0,320000.0,1,2,12.9293,1.0,10,0,2.4e-05,1,True,True
100000007908818100,peripheral,1.0,17,0.6626,"Признаков роли нет: связи 4 вх./6 исх., оборот 727 тыс. ₸; блокировка отсекает 1,1 млн ₸",False,1,False,4,6,727475.0,302000.0,4,13,0.4151,6.5,11,2,0.000178,2,False,False
100000007930878100,peripheral,1.0,36,0.2236,"Признаков роли нет: связи 1 вх./0 исх., оборот 5 тыс. ₸",False,2,False,1,0,5000.0,0.0,1,0,0.0,,1,0,0.0,1,False,False
100000007938486100,peripheral,1.0,5,0.2604,"Признаков роли нет: связи 1 вх./0 исх., оборот 40 тыс. ₸",False,1,False,1,0,39500.0,0.0,1,0,0.0,,1,1,0.0,1,False,False
100000007939160100,peripheral,1.0,36,0.5419,"Признаков роли нет: связи 1 вх./2 исх., оборот 795 тыс. ₸; блокировка отсекает 809 тыс. ₸",False,1,False,1,2,795000.0,14300.0,2,2,0.018,,1,1,0.0,1,True,False
100000007953156100,peripheral,1.0,12,0.4239,"Признаков роли нет: связи 1 вх./1 исх., оборот 18 тыс. ₸",False,2,False,1,1,18000.0,10000.0,1,1,0.5556,11.0,8,0,2e-05,1,False,False
100000007960337100,peripheral,1.0,17,0.2587,Граница выборки (4-е колено): исходящие не видны; получено 36 тыс. ₸ от 1 плательщика,False,4,True,1,0,35500.0,0.0,1,0,0.0,,7,0,0.0,1,False,False
100000007982728100,peripheral,1.0,9,0.1299,"Признаков роли нет: связи 0 вх./8 исх., оборот 1,8 млн ₸; курьер из исходного списка",True,0,False,0,8,0.0,1804384.0,0,12,,,0,0,0.0,0,False,False
100000007982908100,peripheral,1.0,5,0.2562,"Признаков роли нет: связи 1 вх./0 исх., оборот 31 тыс. ₸",False,2,False,1,0,31080.0,0.0,1,0,0.0,,1,0,0.0,1,False,False
100000007988344100,peripheral,1.0,3,0.2437,Граница выборки (4-е колено): исходящие не видны; получено 20 тыс. ₸ от 1 плательщика,False,4,True,1,0,20000.0,0.0,3,0,0.0,,7,0,0.0,1,False,False
100000007997939100,peripheral,1.0,4,0.2343,Граница выборки (4-е колено): исходящие не видны; получено 13 тыс. ₸ от 1 плательщика,False,4,True,1,0,13000.0,0.0,1,0,0.0,,9,0,0.0,1,False,False
100000007998965100,peripheral,0.8,11,0.6096,"Признаков роли нет: связи 5 вх./1 исх., оборот 278 тыс. ₸; блокировка отсекает 304 тыс. ₸",False,2,False,5,1,278000.0,26000.0,7,3,0.0935,6.0,8,0,2e-05,2,False,False
100000007999728100,peripheral,1.0,12,0.2472,"Признаков роли нет: связи 1 вх./0 исх., оборот 23 тыс. ₸",False,3,False,1,0,23250.0,0.0,1,0,0.0,,7,0,0.0,1,False,False
100000008002020100,peripheral,1.0,16,0.5025,"Признаков роли нет: связи 1 вх./1 исх., оборот 74 тыс. ₸; блокировка отсекает 633 тыс. ₸",False,1,False,1,1,73860.0,17000.0,1,1,0.2302,7.0,1,1,2e-06,1,False,False
100000008003034100,transit,1.0,2,0.7419,"Признаки транзита: ушло 135 тыс. ₸ при видимом входе 12 тыс. ₸ за ~0 дн. — приток вне выборки; в ядре-кольце из 85; блокировка отсекает 2,3 млн ₸",False,1,False,1,4,12201.0,135000.0,1,4,11.0647,0.0,7,1,0.001993,1,True,True
100000008008463100,peripheral,1.0,9,0.27,"Признаков роли нет: связи 1 вх./0 исх., оборот 54 тыс. ₸",False,2,False,1,0,54180.0,0.0,1,0,0.0,,1,0,0.0,1,False,False
100000008011159100,peripheral,1.0,19,0.6497,"Признаков роли нет: связи 3 вх./5 исх., оборот 363 тыс. ₸; блокировка отсекает 1,3 млн ₸",False,2,False,3,5,363000.0,153037.0,6,5,0.4216,7.0,7,0,0.000122,1,True,False
100000008011573100,peripheral,1.0,18,0.2366,"Признаков роли нет: связи 1 вх./0 исх., оборот 15 тыс. ₸",False,3,False,1,0,15000.0,0.0,1,0,0.0,,7,0,0.0,1,False,False
100000008027922100,peripheral,1.0,24,0.2747,Граница выборки (4-е колено): исходящие не видны; получено 70 тыс. ₸ от 1 плательщика,False,4,True,1,0,70000.0,0.0,1,0,0.0,,7,0,0.0,1,False,False
100000008028628100,peripheral,1.0,5,0.2712,"Признаков роли нет: связи 1 вх./0 исх., оборот 57 тыс. ₸",False,1,False,1,0,57224.0,0.0,1,0,0.0,,1,1,0.0,1,False,False
100000008029279100,peripheral,1.0,3,0.2394,"Признаков роли нет: связи 1 вх./0 исх., оборот 17 тыс. ₸",False,3,False,1,0,17000.0,0.0,1,0,0.0,,7,0,0.0,1,False,False
100000008038077100,terminal,1.0,7,0.4356,"Деньги оседают: получено 500 тыс. ₸ от 1 плательщика, исходящих ≥5 тыс. ₸ нет (узел раскрыт обходом)",False,3,False,1,0,499850.0,0.0,2,0,0.0,,7,0,0.0,1,False,False
100000008042075100,peripheral,1.0,25,0.2236,"Признаков роли нет: связи 1 вх./0 исх., оборот 5 тыс. ₸",False,3,False,1,0,5000.0,0.0,1,0,0.0,,1,0,0.0,1,False,False
100000008043184100,peripheral,1.0,18,0.2682,"Признаков роли нет: связи 1 вх./0 исх., оборот 51 тыс. ₸",False,3,False,1,0,50564.0,0.0,1,0,0.0,,7,0,0.0,1,False,False
100000008050986100,peripheral,1.0,7,0.2811,Граница выборки (4-е колено): исходящие не видны; получено 95 тыс. ₸ от 1 плательщика,False,4,True,1,0,95000.0,0.0,2,0,0.0,,7,0,0.0,1,False,False
100000008055972100,peripheral,1.0,6,0.2532,"Признаков роли нет: связи 1 вх./0 исх., оборот 28 тыс. ₸",False,3,False,1,0,28300.0,0.0,1,0,0.0,,1,0,0.0,1,False,False
100000008060273100,peripheral,1.0,17,0.2304,"Признаков роли нет: связи 1 вх./0 исх., оборот 10 тыс. ₸",False,2,False,1,0,10000.0,0.0,2,0,0.0,,11,0,0.0,1,False,False
100000008066326100,peripheral,1.0,1,0.2424,"Признаков роли нет: связи 1 вх./0 исх., оборот 19 тыс. ₸",False,1,False,1,0,19320.0,0.0,1,0,0.0,,7,1,0.0,1,False,False
100000008070101100,peripheral,1.0,4,0.2826,"Признаков роли нет: связи 1 вх./0 исх., оборот 100 тыс. ₸",False,3,False,1,0,100000.0,0.0,1,0,0.0,,8,0,0.0,1,False,False
100000008071620100,peripheral,1.0,1,0.2645,"Признаков роли нет: связи 1 вх./0 исх., оборот 47 тыс. ₸",False,1,False,1,0,46968.0,0.0,1,0,0.0,,7,1,0.0,1,False,False
100000008071749100,peripheral,1.0,11,0.2489,Граница выборки (4-е колено): исходящие не видны; получено 25 тыс. ₸ от 1 плательщика,False,4,True,1,0,24943.0,0.0,1,0,0.0,,7,0,0.0,1,False,False
100000008074304100,peripheral,1.0,7,0.2252,Граница выборки (4-е колено): исходящие не видны; получено 6 тыс. ₸ от 1 плательщика,False,4,True,1,0,5500.0,0.0,1,0,0.0,,7,0,0.0,1,False,False
100000008077552100,terminal,0.68,3,0.4059,"Деньги оседают: получено 214 тыс. ₸ от 1 плательщика, исходящих ≥5 тыс. ₸ нет (узел раскрыт обходом)",False,3,False,1,0,214000.0,0.0,1,0,0.0,,7,0,0.0,1,False,False
100000008086440100,transit,0.54,3,0.6876,"Признаки транзита: пришло 200 тыс. ₸, ушло 81% за ~2 дн.; связи 1→5; в ядре-кольце из 85; блокировка отсекает 361 тыс. ₸",False,3,False,1,5,199733.0,161300.0,1,6,0.8076,2.0,7,0,0.000105,1,True,False
100000008088082100,peripheral,1.0,1,0.4608,"Признаков роли нет: связи 1 вх./1 исх., оборот 50 тыс. ₸",False,3,False,1,1,39138.0,50000.0,1,1,1.2775,20.0,7,0,1.9e-05,1,False,True
100000008094734100,terminal,0.98,1,0.5072,"Деньги оседают: получено 236 тыс. ₸ от 4 плательщиков, исходящих ≥5 тыс. ₸ нет (узел раскрыт обходом)",False,1,False,4,0,236249.0,0.0,4,0,0.0,,8,2,0.0,1,False,False
100000008097580100,peripheral,1.0,3,0.3245,"Признаков роли нет: связи 2 вх./0 исх., оборот 32 тыс. ₸",False,3,False,2,0,32000.0,0.0,4,0,0.0,,7,0,0.0,1,False,False
100000008104567100,peripheral,0.7,9,0.5712,"Признаков роли нет: связи 3 вх./3 исх., оборот 54 тыс. ₸; в ядре-кольце из 85",False,2,False,3,3,53550.0,40000.0,3,4,0.747,3.0,7,0,0.002026,1,True,False
100000008106997100,peripheral,1.0,1,0.5125,"Признаков роли нет: связи 2 вх./1 исх., оборот 36 тыс. ₸",False,2,False,2,1,35600.0,20600.0,2,1,0.5787,0.0,7,0,1.9e-05,1,False,False
100000008111003100,consolidator,0.66,1,0.9124,"Признаки консолидации: 6 плательщиков (курьеров: 0), вход 223 тыс. ₸, дальше 1 получ., удержано 84%; в ядре-кольце из 85; блокировка отсекает 1,2 млн ₸",False,2,False,6,1,222716.0,35000.0,9,1,0.1572,5.0,7,0,0.000882,2,True,False
100000008116374100,peripheral,1.0,2,0.2564,"Признаков роли нет: связи 1 вх./0 исх., оборот 31 тыс. ₸",False,1,False,1,0,31284.0,0.0,1,0,0.0,,7,1,0.0,1,False,False
100000008117324100,peripheral,1.0,0,0.0,Нет переводов ≥5 тыс. ₸ внутри банка за июль; курьер из исходного списка,True,0,False,0,0,0.0,0.0,0,0,,,0,0,0.0,0,False,False
100000008121806100,transit,1.0,17,0.718,Признаки транзита: ушло 249 тыс. ₸ при видимом входе 67 тыс. ₸ за ~0 дн. — приток вне выборки; в ядре-кольце из 85; блокировка отсекает 316 тыс. ₸,False,3,False,1,4,67000.0,248509.0,1,6,3.7091,0.0,7,0,0.000781,1,True,True
100000008129393100,peripheral,1.0,41,0.2304,"Признаков роли нет: связи 1 вх./0 исх., оборот 10 тыс. ₸",False,1,False,1,0,10000.0,0.0,1,0,0.0,,1,1,0.0,1,False,False
100000008130868100,peripheral,1.0,13,0.2467,Граница выборки (4-е колено): исходящие не видны; получено 23 тыс. ₸ от 1 плательщика,False,4,True,1,0,22782.0,0.0,1,0,0.0,,1,0,0.0,1,False,False
100000008136608100,peripheral,1.0,11,0.2928,Граница выборки (4-е колено): исходящие не видны; получено 170 тыс. ₸ от 1 плательщика,False,4,True,1,0,170000.0,0.0,1,0,0.0,,7,0,0.0,1,False,False
100000008137435100,transit,1.0,24,0.8316,"Признаки транзита: ушло 1,4 млн ₸ при видимом входе 94 тыс. ₸ за ~0 дн. — приток вне выборки; в ядре-кольце из 85; блокировка отсекает 1,5 млн ₸",False,1,False,2,6,93906.0,1419700.0,2,7,15.1183,0.0,7,1,0.000298,2,True,True
100000008141170100,peripheral,1.0,2,0.2324,"Признаков роли нет: связи 1 вх./0 исх., оборот 11 тыс. ₸",False,2,False,1,0,11000.0,0.0,1,0,0.0,,7,0,0.0,1,False,False
100000008144528100,terminal,0.8,2,0.5187,"Деньги оседают: получено 1,1 млн ₸ от 5 плательщиков, исходящих ≥5 тыс. ₸ нет (узел раскрыт обходом)",False,2,False,5,0,1068202.6,0.0,13,0,0.0,,7,0,0.0,2,False,False
100000008151098100,peripheral,1.0,28,0.2549,Граница выборки (4-е колено): исходящие не видны; получено 30 тыс. ₸ от 1 плательщика,False,4,True,1,0,30000.0,0.0,1,0,0.0,,7,0,0.0,1,False,False
100000008165763100,consolidator,0.62,1,0.9401,"Признаки консолидации: 15 плательщиков (курьеров: 1), вход 1,2 млн ₸, дальше 17 получ., отдал больше, чем видно входящих; синхронный сбор: 4 плат. в 1 день; блокировка отсекает 2,4 млн ₸",False,1,False,15,17,1165815.0,1267858.0,26,17,1.0875,0.0,9,1,0.000345,4,False,False
100000008168850100,peripheral,1.0,7,0.2941,Граница выборки (4-е колено): исходящие не видны; получено 188 тыс. ₸ от 1 плательщика,False,4,True,1,0,187910.0,0.0,2,0,0.0,,7,0,0.0,1,False,False
100000008169544100,peripheral,1.0,2,0.5151,"Признаков роли нет: связи 1 вх./4 исх., оборот 137 тыс. ₸; в ядре-кольце из 85; блокировка отсекает 180 тыс. ₸",False,1,False,1,4,137104.0,42800.0,2,7,0.3122,1.0,7,1,0.000118,1,True,False
100000008172352100,transit,1.0,9,0.8042,Признаки транзита: ушло 290 тыс. ₸ при видимом входе 90 тыс. ₸ за ~0 дн. — приток вне выборки; блокировка отсекает 425 тыс. ₸,False,1,False,3,7,90265.0,289510.0,3,8,3.2073,0.0,8,1,0.000187,2,False,True
100000008172721100,peripheral,1.0,3,0.2926,Граница выборки (4-е колено): исходящие не видны; получено 168 тыс. ₸ от 1 плательщика,False,4,True,1,0,168335.0,0.0,1,0,0.0,,7,0,0.0,1,False,False
100000008173359100,peripheral,1.0,2,0.2261,"Признаков роли нет: связи 1 вх./0 исх., оборот 6 тыс. ₸",False,1,False,1,0,6110.0,0.0,1,0,0.0,,7,1,0.0,1,False,False
100000008174521100,peripheral,1.0,2,0.2778,"Признаков роли нет: связи 1 вх./0 исх., оборот 82 тыс. ₸",False,2,False,1,0,82110.0,0.0,1,0,0.0,,7,0,0.0,1,False,False
100000008175078100,peripheral,1.0,7,0.32,"Граница выборки (4-е колено): исходящие не видны; получено 1,8 млн ₸ от 1 плательщика",False,4,True,1,0,1846711.0,0.0,15,0,0.0,,7,0,0.0,1,False,False
100000008183752100,peripheral,1.0,4,0.2886,Граница выборки (4-е колено): исходящие не видны; получено 140 тыс. ₸ от 1 плательщика,False,4,True,1,0,140000.0,0.0,1,0,0.0,,8,0,0.0,1,False,False
100000008188026100,peripheral,1.0,2,0.6254,"Признаков роли нет: связи 2 вх./4 исх., оборот 338 тыс. ₸; в ядре-кольце из 85; блокировка отсекает 698 тыс. ₸",False,1,False,2,4,86468.0,337983.17,5,4,3.9088,21.0,7,1,8.2e-05,1,True,True
100000008190411100,peripheral,1.0,31,0.2951,Граница выборки (4-е колено): исходящие не видны; получено 198 тыс. ₸ от 1 плательщика,False,4,True,1,0,198450.0,0.0,12,0,0.0,,7,0,0.0,1,False,False
100000008190442100,peripheral,1.0,6,0.2343,"Признаков роли нет: связи 1 вх./0 исх., оборот 13 тыс. ₸",False,3,False,1,0,13000.0,0.0,1,0,0.0,,1,0,0.0,1,False,False
100000008192264100,transit,1.0,7,0.6896,"Признаки транзита: пришло 163 тыс. ₸, ушло 115% за ~0 дн.; связи 1→1; блокировка отсекает 351 тыс. ₸",False,3,False,1,1,162810.0,187910.0,1,2,1.1542,0.0,7,0,1.9e-05,1,False,False
100000008193258100,peripheral,1.0,18,0.4721,"Признаков роли нет: связи 1 вх./1 исх., оборот 75 тыс. ₸; блокировка отсекает 105 тыс. ₸",False,3,False,1,1,75000.0,30000.0,2,1,0.4,10.5,7,0,1.9e-05,1,False,False
100000008193577100,transit,1.0,35,0.7779,Признаки транзита: ушло 480 тыс. ₸ при видимом входе 154 тыс. ₸ за ~0 дн. — приток вне выборки; блокировка отсекает 634 тыс. ₸,False,1,False,2,5,154300.0,480180.0,6,16,3.112,0.0,1,1,1e-06,1,True,True
100000008200810100,terminal,1.0,13,0.4347,"Деньги оседают: получено 475 тыс. ₸ от 1 плательщика, исходящих ≥5 тыс. ₸ нет (узел раскрыт обходом)",False,3,False,1,0,475000.0,0.0,1,0,0.0,,2,0,0.0,1,False,False
100000008205000100,peripheral,1.0,0,0.0,Нет переводов ≥5 тыс. ₸ внутри банка за июль; курьер из исходного списка,True,0,False,0,0,0.0,0.0,0,0,,,0,0,0.0,0,False,False
100000008205937100,peripheral,1.0,32,0.2584,"Признаков роли нет: связи 1 вх./0 исх., оборот 35 тыс. ₸",False,2,False,1,0,35000.0,0.0,3,0,0.0,,10,0,0.0,1,False,False
100000008213966100,transit,1.0,20,0.811,Признаки транзита: ушло 437 тыс. ₸ при видимом входе 187 тыс. ₸ за ~1 дн. — приток вне выборки; блокировка отсекает 656 тыс. ₸,False,2,False,3,1,187004.0,436900.0,7,8,2.3363,1.0,7,0,4.3e-05,1,True,True
100000008219168100,peripheral,1.0,14,0.2694,"Признаков роли нет: связи 1 вх./0 исх., оборот 53 тыс. ₸",False,1,False,1,0,53200.0,0.0,2,0,0.0,,1,1,0.0,1,False,False
100000008221543100,terminal,1.0,18,0.5046,"Деньги оседают: получено 542 тыс. ₸ от 2 плательщиков, исходящих ≥5 тыс. ₸ нет (узел раскрыт обходом)",False,1,False,2,0,542000.0,0.0,2,0,0.0,,7,1,0.0,1,False,False
100000008221765100,peripheral,1.0,7,0.2911,Граница выборки (4-е колено): исходящие не видны; получено 156 тыс. ₸ от 1 плательщика,False,4,True,1,0,156354.0,0.0,1,0,0.0,,7,0,0.0,1,False,False
100000008223661100,transit,1.0,1,0.7943,Признаки транзита: ушло 263 тыс. ₸ при видимом входе 202 тыс. ₸ за ~0 дн. — приток вне выборки; блокировка отсекает 465 тыс. ₸,False,3,False,2,5,202000.0,262580.0,2,5,1.2999,0.0,8,0,0.000325,2,False,True
100000008223756100,terminal,1.0,17,0.4972,"Деньги оседают: получено 332 тыс. ₸ от 2 плательщиков, исходящих ≥5 тыс. ₸ нет (узел раскрыт обходом)",False,3,False,2,0,331682.0,0.0,2,0,0.0,,7,0,0.0,1,False,False
100000008229700100,peripheral,1.0,16,0.4151,"Признаков роли нет: связи 1 вх./1 исх., оборот 24 тыс. ₸",False,1,False,1,1,23500.0,7200.0,1,1,0.3064,11.0,1,1,0.0,1,False,False
100000008232832100,peripheral,1.0,1,0.4658,"Признаков роли нет: связи 1 вх./1 исх., оборот 337 тыс. ₸; блокировка отсекает 475 тыс. ₸",False,1,False,1,1,337000.0,138000.0,2,1,0.4095,,10,1,0.0,1,False,False
100000008237827100,peripheral,1.0,8,0.2611,"Признаков роли нет: связи 1 вх./0 исх., оборот 40 тыс. ₸",False,1,False,1,0,40001.0,0.0,1,0,0.0,,10,1,0.0,1,False,False
100000008238112100,peripheral,0.6,7,0.2944,"Признаков роли нет: связи 1 вх./0 исх., оборот 190 тыс. ₸",False,3,False,1,0,190000.0,0.0,1,0,0.0,,7,0,0.0,1,False,False
100000008238989100,terminal,0.5,24,0.3959,"Деньги оседают: получено 200 тыс. ₸ от 1 плательщика, исходящих ≥5 тыс. ₸ нет (узел раскрыт обходом)",False,2,False,1,0,200000.0,0.0,2,0,0.0,,7,0,0.0,1,False,False
100000008244300100,peripheral,0.8,1,0.3602,"Признаков роли нет: связи 5 вх./0 исх., оборот 65 тыс. ₸",False,1,False,5,0,65430.0,0.0,6,0,0.0,,8,1,0.0,1,False,False
100000008251939100,peripheral,1.0,11,0.2626,Граница выборки (4-е колено): исходящие не видны; получено 44 тыс. ₸ от 1 плательщика,False,4,True,1,0,44360.0,0.0,1,0,0.0,,7,0,0.0,1,False,False
100000008254069100,transit,1.0,15,0.7063,Признаки транзита: ушло 108 тыс. ₸ при видимом входе 10 тыс. ₸ за ~0 дн. — приток вне выборки; блокировка отсекает 504 тыс. ₸,False,2,False,1,5,10200.0,107500.0,2,6,10.5392,0.0,8,0,9.4e-05,1,True,True
100000008254576100,peripheral,1.0,33,0.4652,"Признаков роли нет: связи 1 вх./1 исх., оборот 60 тыс. ₸",False,3,False,1,1,8000.0,60000.0,1,1,7.5,,7,0,2e-05,1,False,True
100000008255655100,peripheral,1.0,18,0.2249,Граница выборки (4-е колено): исходящие не видны; получено 5 тыс. ₸ от 1 плательщика,False,4,True,1,0,5400.0,0.0,1,0,0.0,,7,0,0.0,1,False,False
100000008258083100,peripheral,1.0,13,0.6645,"Признаков роли нет: связи 2 вх./2 исх., оборот 3,1 млн ₸; блокировка отсекает 5,4 млн ₸",False,2,False,2,2,3149500.0,2045650.0,13,6,0.6495,1.0,7,0,7.8e-05,1,True,False
100000008258458100,transit,1.0,2,0.7519,"Признаки транзита: ушло 1,6 млн ₸ при видимом входе 19 тыс. ₸ за ~0 дн. — приток вне выборки; блокировка отсекает 1,6 млн ₸",False,3,False,1,2,19000.0,1557988.0,1,4,81.9994,0.0,7,0,3.8e-05,1,False,True
100000008259451100,peripheral,1.0,12,0.2704,"Признаков роли нет: связи 1 вх./0 исх., оборот 55 тыс. ₸",False,3,False,1,0,55000.0,0.0,1,0,0.0,,7,0,0.0,1,False,False
100000008279405100,terminal,0.98,3,0.4223,"Деньги оседают: получено 235 тыс. ₸ от 1 плательщика, исходящих ≥5 тыс. ₸ нет (узел раскрыт обходом)",False,3,False,1,0,234738.0,0.0,2,0,0.0,,7,0,0.0,1,False,False
100000008283183100,peripheral,1.0,5,0.2538,"Признаков роли нет: связи 1 вх./0 исх., оборот 29 тыс. ₸",False,2,False,1,0,29000.0,0.0,1,0,0.0,,1,0,0.0,1,False,False
100000008289539100,peripheral,1.0,2,0.2359,"Признаков роли нет: связи 1 вх./0 исх., оборот 15 тыс. ₸",False,2,False,1,0,14912.0,0.0,1,0,0.0,,7,0,0.0,1,False,False
100000008293431100,peripheral,1.0,3,0.5344,"Признаков роли нет: связи 1 вх./5 исх., оборот 297 тыс. ₸; в ядре-кольце из 85; блокировка отсекает 312 тыс. ₸",False,3,False,1,5,15000.0,297000.0,1,7,19.8,,7,0,5.7e-05,1,True,True
100000008295429100,terminal,1.0,7,0.4307,"Деньги оседают: получено 352 тыс. ₸ от 1 плательщика, исходящих ≥5 тыс. ₸ нет (узел раскрыт обходом)",False,3,False,1,0,352000.0,0.0,1,0,0.0,,7,0,0.0,1,False,False
100000008297199100,peripheral,1.0,3,0.262,"Признаков роли нет: связи 1 вх./0 исх., оборот 42 тыс. ₸",False,3,False,1,0,42268.0,0.0,1,0,0.0,,7,0,0.0,1,False,False
100000008304115100,peripheral,1.0,16,0.2684,"Признаков роли нет: связи 1 вх./0 исх., оборот 51 тыс. ₸",False,1,False,1,0,51000.0,0.0,1,0,0.0,,1,1,0.0,1,False,False
100000008304139100,distributor,1.0,19,0.9063,"Признаки веерной раздачи: 24 получателя, отправлено 1,7 млн ₸; в ядре-кольце из 85; блокировка отсекает 2,0 млн ₸",False,1,False,4,24,189329.75,1692997.0,4,43,8.9421,1.5,7,1,0.00131,1,True,True
100000008306857100,peripheral,1.0,13,0.2868,"Признаков роли нет: связи 1 вх./0 исх., оборот 125 тыс. ₸",False,3,False,1,0,125000.0,0.0,1,0,0.0,,2,0,0.0,1,False,False
100000008308418100,peripheral,1.0,10,0.2672,Граница выборки (4-е колено): исходящие не видны; получено 50 тыс. ₸ от 1 плательщика,False,4,True,1,0,50000.0,0.0,1,0,0.0,,7,0,0.0,1,False,False
100000008309514100,peripheral,1.0,6,0.2399,"Признаков роли нет: связи 1 вх./0 исх., оборот 17 тыс. ₸",False,3,False,1,0,17200.0,0.0,1,0,0.0,,1,0,0.0,1,False,False
100000008314203100,peripheral,1.0,1,0.1871,"Признаков роли нет: связи 2 вх./2 исх., оборот 382 тыс. ₸; курьер из исходного списка",True,0,False,2,2,382076.0,327000.0,10,13,,1.0,9,2,0.0,1,True,False
100000008314863100,peripheral,1.0,8,0.2331,"Признаков роли нет: связи 1 вх./0 исх., оборот 12 тыс. ₸",False,3,False,1,0,12000.0,0.0,1,0,0.0,,10,0,0.0,1,False,False
100000008321975100,peripheral,1.0,21,0.2255,Граница выборки (4-е колено): исходящие не видны; получено 6 тыс. ₸ от 1 плательщика,False,4,True,1,0,5900.0,0.0,1,0,0.0,,7,0,0.0,1,False,False
100000008324800100,transit,1.0,19,0.8078,"Признаки транзита: пришло 526 тыс. ₸, ушло 97% за ~0 дн.; связи 3→1; блокировка отсекает 1,0 млн ₸",False,2,False,3,1,526500.0,511000.0,17,13,0.9706,0.0,7,0,1.9e-05,2,True,False
100000008327791100,peripheral,1.0,18,0.2324,Граница выборки (4-е колено): исходящие не видны; получено 11 тыс. ₸ от 1 плательщика,False,4,True,1,0,11000.0,0.0,1,0,0.0,,7,0,0.0,1,False,False
100000008331280100,peripheral,1.0,28,0.2615,Граница выборки (4-е колено): исходящие не видны; получено 41 тыс. ₸ от 1 плательщика,False,4,True,1,0,41000.0,0.0,2,0,0.0,,7,0,0.0,1,False,False
100000008332511100,peripheral,1.0,9,0.2826,"Признаков роли нет: связи 1 вх./0 исх., оборот 100 тыс. ₸",False,3,False,1,0,100000.0,0.0,1,0,0.0,,9,0,0.0,1,False,False
100000008333492100,peripheral,1.0,4,0.2969,Граница выборки (4-е колено): исходящие не видны; получено 216 тыс. ₸ от 1 плательщика,False,4,True,1,0,216400.0,0.0,1,0,0.0,,9,0,0.0,1,False,False
100000008335401100,peripheral,1.0,14,0.29,"Признаков роли нет: связи 1 вх./0 исх., оборот 150 тыс. ₸",False,2,False,1,0,150000.0,0.0,3,0,0.0,,9,0,0.0,1,False,False
100000008336318100,peripheral,1.0,4,0.2928,Граница выборки (4-е колено): исходящие не видны; получено 170 тыс. ₸ от 1 плательщика,False,4,True,1,0,170000.0,0.0,1,0,0.0,,8,0,0.0,1,False,False
100000008337304100,peripheral,1.0,3,0.2841,Граница выборки (4-е колено): исходящие не видны; получено 105 тыс. ₸ от 1 плательщика,False,4,True,1,0,105465.0,0.0,2,0,0.0,,7,0,0.0,1,False,False
100000008343415100,peripheral,1.0,22,0.2826,Граница выборки (4-е колено): исходящие не видны; получено 100 тыс. ₸ от 1 плательщика,False,4,True,1,0,100000.0,0.0,3,0,0.0,,7,0,0.0,1,False,False
100000008343874100,peripheral,1.0,22,0.6077,"Признаков роли нет: связи 2 вх./2 исх., оборот 284 тыс. ₸; блокировка отсекает 460 тыс. ₸",False,3,False,2,2,283535.0,176400.0,2,5,0.6221,1.5,7,0,3.9e-05,1,False,False
100000008346837100,coordinator,1.0,1,0.9857,"Кандидат в координаторы: собирает от 9 плательщиков (254 тыс. ₸) и раздаёт 25 получателям (1,3 млн ₸); в ядре-кольце из 85; синхронный сбор: 4 плат. в 1 день; блокировка отсекает 2,0 млн ₸",False,2,False,9,25,254359.0,1258643.0,12,26,4.9483,0.0,7,0,0.008981,4,True,True
100000008349675100,peripheral,0.56,14,0.4447,"Признаков роли нет: связи 1 вх./1 исх., оборот 47 тыс. ₸",False,1,False,1,1,46520.0,36650.0,1,2,0.7878,0.0,1,1,0.0,1,False,False
100000008349740100,peripheral,1.0,7,0.2747,Граница выборки (4-е колено): исходящие не видны; получено 70 тыс. ₸ от 1 плательщика,False,4,True,1,0,70000.0,0.0,2,0,0.0,,7,0,0.0,1,False,False
100000008352542100,peripheral,1.0,8,0.2681,"Признаков роли нет: связи 1 вх./0 исх., оборот 50 тыс. ₸",False,2,False,1,0,50220.0,0.0,1,0,0.0,,10,0,0.0,1,False,False
100000008356606100,peripheral,0.84,2,0.3602,"Признаков роли нет: связи 2 вх./0 исх., оборот 168 тыс. ₸",False,2,False,2,0,168500.0,0.0,2,0,0.0,,7,0,0.0,1,False,False
100000008376089100,peripheral,1.0,13,0.2879,"Признаков роли нет: связи 1 вх./0 исх., оборот 135 тыс. ₸",False,2,False,1,0,135000.0,0.0,1,0,0.0,,7,0,0.0,1,False,False
100000008376785100,peripheral,1.0,7,0.298,Граница выборки (4-е колено): исходящие не видны; получено 234 тыс. ₸ от 1 плательщика,False,4,True,1,0,234250.0,0.0,2,0,0.0,,7,0,0.0,1,False,False
100000008379273100,peripheral,1.0,11,0.5445,"Признаков роли нет: связи 2 вх./4 исх., оборот 38 тыс. ₸; в ядре-кольце из 85",False,3,False,2,4,36000.0,38000.0,2,4,1.0556,8.5,7,0,0.001701,1,True,False
100000008383405100,peripheral,1.0,25,0.2497,"Признаков роли нет: связи 1 вх./0 исх., оборот 25 тыс. ₸",False,1,False,1,0,25000.0,0.0,2,0,0.0,,1,1,0.0,1,False,False
100000008388049100,terminal,1.0,13,0.4356,"Деньги оседают: получено 496 тыс. ₸ от 1 плательщика, исходящих ≥5 тыс. ₸ нет (узел раскрыт обходом)",False,3,False,1,0,496400.0,0.0,1,0,0.0,,2,0,0.0,1,False,False
100000008389800100,transit,1.0,2,0.8317,"Признаки транзита: ушло 402 тыс. ₸ при видимом входе 189 тыс. ₸ за ~1 дн. — приток вне выборки; блокировка отсекает 1,8 млн ₸",False,2,False,3,7,189000.0,401620.0,3,8,2.125,1.0,7,0,0.000159,1,True,True
100000008405209100,peripheral,1.0,18,0.2701,"Признаков роли нет: связи 1 вх./0 исх., оборот 54 тыс. ₸",False,3,False,1,0,54400.0,0.0,1,0,0.0,,7,0,0.0,1,False,False
100000008406609100,peripheral,1.0,12,0.2577,"Признаков роли нет: связи 1 вх./0 исх., оборот 34 тыс. ₸",False,2,False,1,0,34000.0,0.0,1,0,0.0,,8,0,0.0,1,False,False
100000008413748100,transit,0.58,18,0.8112,"Признаки транзита: ушло 1,4 млн ₸ при видимом входе 26 тыс. ₸ за ~1 дн. — приток вне выборки; в ядре-кольце из 85; блокировка отсекает 1,4 млн ₸",False,2,False,2,18,26480.0,1377320.22,2,21,52.0136,1.0,7,0,0.000625,2,True,True
100000008416433100,peripheral,1.0,12,0.2437,"Признаков роли нет: связи 1 вх./0 исх., оборот 20 тыс. ₸",False,3,False,1,0,20000.0,0.0,1,0,0.0,,7,0,0.0,1,False,False
100000008417029100,peripheral,1.0,4,0.2826,"Признаков роли нет: связи 1 вх./0 исх., оборот 100 тыс. ₸",False,3,False,1,0,100000.0,0.0,1,0,0.0,,9,0,0.0,1,False,False
100000008417359100,transit,1.0,18,0.597,Признаки транзита: ушло 111 тыс. ₸ при видимом входе 41 тыс. ₸ за ~1 дн. — приток вне выборки; в ядре-кольце из 85; блокировка отсекает 152 тыс. ₸,False,3,False,1,2,40810.0,110760.0,2,3,2.714,1.0,7,0,0.0,1,True,True
100000008418835100,peripheral,1.0,15,0.2045,"Признаков роли нет: связи 1 вх./4 исх., оборот 1,4 млн ₸; курьер из исходного списка",True,0,False,1,4,1372000.0,186179.0,67,6,,2.0,1,1,0.000317,1,False,False
100000008418934100,terminal,1.0,12,0.431,"Деньги оседают: получено 360 тыс. ₸ от 1 плательщика, исходящих ≥5 тыс. ₸ нет (узел раскрыт обходом)",False,2,False,1,0,360000.0,0.0,1,0,0.0,,1,0,0.0,1,False,False
100000008422226100,peripheral,1.0,10,0.279,"Признаков роли нет: связи 1 вх./0 исх., оборот 87 тыс. ₸",False,3,False,1,0,87450.0,0.0,1,0,0.0,,7,0,0.0,1,False,False
100000008427027100,terminal,1.0,8,0.4284,"Деньги оседают: получено 300 тыс. ₸ от 1 плательщика, исходящих ≥5 тыс. ₸ нет (узел раскрыт обходом)",False,3,False,1,0,300000.0,0.0,1,0,0.0,,10,0,0.0,1,False,False
100000008430691100,transit,1.0,2,0.7248,Признаки транзита: ушло 605 тыс. ₸ при видимом входе 20 тыс. ₸ за ~0 дн. — приток вне выборки; блокировка отсекает 625 тыс. ₸,False,3,False,1,2,20000.0,604900.0,1,2,30.245,0.0,7,0,2e-05,1,True,True
100000008432942100,peripheral,1.0,10,0.2628,"Признаков роли нет: связи 1 вх./0 исх., оборот 45 тыс. ₸",False,3,False,1,0,44542.0,0.0,2,0,0.0,,7,0,0.0,1,False,False
100000008436257100,peripheral,1.0,18,0.326,"Признаков роли нет: связи 2 вх./0 исх., оборот 35 тыс. ₸",False,3,False,2,0,35000.0,0.0,2,0,0.0,,7,0,0.0,2,False,False
100000008438656100,peripheral,1.0,8,0.5454,"Признаков роли нет: связи 2 вх./1 исх., оборот 80 тыс. ₸",False,1,False,2,1,80000.0,5000.0,2,1,0.0625,7.0,10,1,2.4e-05,1,False,False
100000008443341100,transit,0.96,16,0.7245,"Признаки транзита: ушло 50 тыс. ₸ при видимом входе 34 тыс. ₸ за ~2,5 дн. — приток вне выборки; в ядре-кольце из 85",False,1,False,2,3,34500.0,50000.0,2,4,1.4493,2.5,7,1,0.00036,1,True,True
100000008454065100,peripheral,1.0,12,0.2486,"Признаков роли нет: связи 1 вх./0 исх., оборот 24 тыс. ₸",False,3,False,1,0,24050.0,0.0,1,0,0.0,,7,0,0.0,1,False,False
100000008459449100,peripheral,1.0,3,0.2697,"Признаков роли нет: связи 1 вх./0 исх., оборот 54 тыс. ₸",False,3,False,1,0,53700.0,0.0,1,0,0.0,,7,0,0.0,1,False,False
100000008460102100,distributor,1.0,13,0.7895,"Признаки веерной раздачи: 31 получатель, отправлено 477 тыс. ₸; блокировка отсекает 494 тыс. ₸",False,3,False,1,31,17500.0,476570.0,1,34,27.2326,0.0,1,0,0.000978,1,False,True
100000008461217100,peripheral,1.0,8,0.2414,Граница выборки (4-е колено): исходящие не видны; получено 18 тыс. ₸ от 1 плательщика,False,4,True,1,0,18000.0,0.0,1,0,0.0,,10,0,0.0,1,False,False
100000008461532100,transit,1.0,28,0.8434,"Признаки транзита: ушло 2,5 млн ₸ при видимом входе 565 тыс. ₸ за ~0 дн. — приток вне выборки; блокировка отсекает 3,6 млн ₸",False,2,False,2,8,565300.0,2530090.0,2,9,4.4757,0.0,7,0,0.000271,1,True,True
100000008463968100,peripheral,1.0,6,0.2304,"Признаков роли нет: связи 1 вх./0 исх., оборот 10 тыс. ₸",False,3,False,1,0,10000.0,0.0,1,0,0.0,,1,0,0.0,1,False,False
100000008465789100,transit,0.9,4,0.7655,"Признаки транзита: ушло 1,9 млн ₸ при видимом входе 30 тыс. ₸ за ~0 дн. — приток вне выборки; блокировка отсекает 1,9 млн ₸",False,3,False,1,16,30099.0,1858100.0,1,17,61.7329,0.0,8,0,0.000845,1,True,True
100000008466579100,transit,0.78,4,0.8288,"Признаки транзита: ушло 1,9 млн ₸ при видимом входе 37 тыс. ₸ за ~0,5 дн. — приток вне выборки; блокировка отсекает 2,4 млн ₸",False,2,False,2,17,36952.0,1933000.0,2,20,52.3111,0.5,8,0,0.000506,1,True,True
100000008468762100,peripheral,0.82,4,0.3604,"Признаков роли нет: связи 2 вх./0 исх., оборот 170 тыс. ₸",False,3,False,2,0,170000.0,0.0,2,0,0.0,,8,0,0.0,2,False,False
100000008469048100,peripheral,1.0,3,0.3005,Граница выборки (4-е колено): исходящие не видны; получено 265 тыс. ₸ от 1 плательщика,False,4,True,1,0,265200.0,0.0,7,0,0.0,,7,0,0.0,1,False,False
100000008470470100,peripheral,1.0,5,0.2574,"Признаков роли нет: связи 1 вх./0 исх., оборот 34 тыс. ₸",False,1,False,1,0,33547.0,0.0,1,0,0.0,,1,1,0.0,1,False,False
100000008471634100,peripheral,1.0,27,0.2437,Граница выборки (4-е колено): исходящие не видны; получено 20 тыс. ₸ от 1 плательщика,False,4,True,1,0,20000.0,0.0,1,0,0.0,,7,0,0.0,1,False,False
100000008472324100,terminal,0.56,7,0.3996,"Деньги оседают: получено 205 тыс. ₸ от 1 плательщика, исходящих ≥5 тыс. ₸ нет (узел раскрыт обходом)",False,3,False,1,0,205200.0,0.0,1,0,0.0,,7,0,0.0,1,False,False
100000008473207100,terminal,0.54,17,0.3984,"Деньги оседают: получено 202 тыс. ₸ от 1 плательщика, исходящих ≥5 тыс. ₸ нет (узел раскрыт обходом)",False,2,False,1,0,202000.0,0.0,4,0,0.0,,11,0,0.0,1,False,False
100000008473765100,peripheral,1.0,3,0.2549,"Признаков роли нет: связи 1 вх./0 исх., оборот 30 тыс. ₸",False,3,False,1,0,30000.0,0.0,1,0,0.0,,7,0,0.0,1,False,False
100000008474308100,peripheral,1.0,16,0.3451,"Признаков роли нет: связи 1 вх./1 исх., оборот 14 тыс. ₸; в ядре-кольце из 85",False,2,False,1,1,14000.0,10000.0,2,1,0.7143,,7,0,0.0,1,True,False
100000008474391100,peripheral,1.0,24,0.2437,"Признаков роли нет: связи 1 вх./0 исх., оборот 20 тыс. ₸",False,3,False,1,0,20000.0,0.0,1,0,0.0,,7,0,0.0,1,False,False
100000008477350100,coordinator,1.0,3,0.9969,"Кандидат в координаторы: собирает от 11 плательщиков (610 тыс. ₸) и раздаёт 39 получателям (3,4 млн ₸); в ядре-кольце из 85; блокировка отсекает 4,7 млн ₸",False,2,False,11,39,610100.0,3374866.0,14,44,5.5317,0.0,7,0,0.002517,2,True,True
100000008478414100,peripheral,1.0,5,0.2304,"Признаков роли нет: связи 1 вх./0 исх., оборот 10 тыс. ₸",False,2,False,1,0,10000.0,0.0,1,0,0.0,,1,0,0.0,1,False,False
100000008486520100,peripheral,1.0,2,0.4434,"Признаков роли нет: связи 1 вх./1 исх., оборот 36 тыс. ₸",False,1,False,1,1,35720.0,14000.0,2,1,0.3919,,7,1,1.9e-05,1,False,False
100000008488166100,peripheral,1.0,6,0.2254,"Признаков роли нет: связи 1 вх./0 исх., оборот 6 тыс. ₸",False,3,False,1,0,5600.0,0.0,1,0,0.0,,1,0,0.0,1,False,False
100000008489604100,peripheral,1.0,6,0.2324,"Признаков роли нет: связи 1 вх./0 исх., оборот 11 тыс. ₸",False,3,False,1,0,11000.0,0.0,1,0,0.0,,1,0,0.0,1,False,False
100000008489922100,distributor,1.0,4,0.9099,"Признаки веерной раздачи: 36 получателей, отправлено 3,8 млн ₸; блокировка отсекает 4,1 млн ₸",False,3,False,3,36,262010.0,3789900.0,5,41,14.4647,1.0,8,0,0.000872,2,True,True
100000008490127100,peripheral,1.0,7,0.5804,"Признаков роли нет: связи 1 вх./6 исх., оборот 923 тыс. ₸; блокировка отсекает 1,4 млн ₸",False,3,False,1,6,431755.0,923000.0,2,9,2.1378,,7,0,0.000115,1,False,True
100000008491390100,peripheral,1.0,10,0.2591,"Признаков роли нет: связи 1 вх./0 исх., оборот 36 тыс. ₸",False,3,False,1,0,36000.0,0.0,1,0,0.0,,7,0,0.0,1,False,False
100000008493007100,transit,1.0,6,0.6052,"Признаки транзита: пришло 26 тыс. ₸, ушло 100% за ~1 дн.; связи 1→1",False,3,False,1,1,26150.0,26150.0,1,1,1.0,1.0,1,0,1e-06,1,False,False
100000008497298100,terminal,1.0,12,0.438,"Деньги оседают: получено 600 тыс. ₸ от 1 плательщика, исходящих ≥5 тыс. ₸ нет (узел раскрыт обходом)",False,2,False,1,0,600000.0,0.0,1,0,0.0,,1,0,0.0,1,False,False
100000008501413100,transit,1.0,15,0.5799,"Признаки транзита: пришло 5 тыс. ₸, ушло 102% за ~2 дн.; связи 1→1",False,3,False,1,1,5000.0,5100.0,1,1,1.02,2.0,8,0,2.1e-05,1,False,False
100000008502995100,peripheral,1.0,21,0.2497,"Признаков роли нет: связи 1 вх./0 исх., оборот 25 тыс. ₸",False,3,False,1,0,25000.0,0.0,2,0,0.0,,7,0,0.0,1,False,False
100000008503177100,peripheral,1.0,3,0.2575,"Признаков роли нет: связи 1 вх./0 исх., оборот 34 тыс. ₸",False,3,False,1,0,33951.0,0.0,1,0,0.0,,7,0,0.0,1,False,False
100000008507703100,peripheral,1.0,6,0.2534,"Признаков роли нет: связи 1 вх./0 исх., оборот 28 тыс. ₸",False,3,False,1,0,28500.0,0.0,1,0,0.0,,1,0,0.0,1,False,False
100000008512552100,transit,1.0,18,0.8503,"Признаки транзита: ушло 1,3 млн ₸ при видимом входе 394 тыс. ₸ за ~0 дн. — приток вне выборки; в ядре-кольце из 85; блокировка отсекает 1,7 млн ₸",False,2,False,4,6,394360.0,1302275.0,9,11,3.3022,0.0,7,0,0.000431,2,True,True
100000008512827100,transit,1.0,4,0.8462,"Признаки транзита: ушло 1,9 млн ₸ при видимом входе 108 тыс. ₸ за ~1 дн. — приток вне выборки; блокировка отсекает 2,1 млн ₸",False,2,False,3,10,107949.0,1944500.0,3,10,18.0131,1.0,9,0,0.000137,1,False,True
100000008513251100,peripheral,1.0,0,0.0,Нет переводов ≥5 тыс. ₸ внутри банка за июль; курьер из исходного списка,True,0,False,0,0,0.0,0.0,0,0,,,0,0,0.0,0,False,False
100000008514970100,peripheral,1.0,22,0.5218,"Признаков роли нет: связи 1 вх./1 исх., оборот 380 тыс. ₸; блокировка отсекает 411 тыс. ₸",False,3,False,1,1,379966.0,31000.0,1,1,0.0816,0.0,1,0,1e-06,1,False,False
100000008516839100,peripheral,1.0,12,0.1853,"Признаков роли нет: связи 3 вх./0 исх., оборот 155 тыс. ₸; курьер из исходного списка",True,0,False,3,0,155000.0,0.0,4,0,,,10,1,0.0,2,False,False
100000008517061100,peripheral,1.0,12,0.32,"Граница выборки (4-е колено): исходящие не видны; получено 1,8 млн ₸ от 1 плательщика",False,4,True,1,0,1844000.0,0.0,4,0,0.0,,7,0,0.0,1,False,False
100000008517538100,transit,0.78,4,0.8326,"Признаки транзита: ушло 1,4 млн ₸ при видимом входе 156 тыс. ₸ за ~1,5 дн. — приток вне выборки; блокировка отсекает 1,6 млн ₸",False,3,False,3,17,155500.0,1439000.0,6,18,9.254,1.5,8,0,0.000246,1,False,True
100000008522127100,peripheral,1.0,4,0.1147,"Признаков роли нет: связи 0 вх./1 исх., оборот 145 тыс. ₸; курьер из исходного списка",True,0,False,0,1,0.0,145000.0,0,3,,,0,0,0.0,0,False,False
100000008524903100,peripheral,1.0,10,0.2366,Граница выборки (4-е колено): исходящие не видны; получено 15 тыс. ₸ от 1 плательщика,False,4,True,1,0,15000.0,0.0,1,0,0.0,,7,0,0.0,1,False,False
100000008525136100,peripheral,1.0,1,0.2353,Граница выборки (4-е колено): исходящие не видны; получено 14 тыс. ₸ от 1 плательщика,False,4,True,1,0,14100.0,0.0,1,0,0.0,,7,0,0.0,1,False,False
100000008531133100,transit,1.0,2,0.6824,Признаки транзита: ушло 158 тыс. ₸ при видимом входе 25 тыс. ₸ за ~0 дн. — приток вне выборки; блокировка отсекает 183 тыс. ₸,False,2,False,1,3,25000.0,158271.68,1,3,6.3309,0.0,7,0,2.3e-05,1,False,True
100000008531186100,peripheral,1.0,1,0.2868,"Признаков роли нет: связи 1 вх./0 исх., оборот 125 тыс. ₸",False,2,False,1,0,125000.0,0.0,1,0,0.0,,9,0,0.0,1,False,False
100000008532050100,terminal,1.0,7,0.4343,"Деньги оседают: получено 455 тыс. ₸ от 1 плательщика, исходящих ≥5 тыс. ₸ нет (узел раскрыт обходом)",False,3,False,1,0,455156.0,0.0,1,0,0.0,,7,0,0.0,1,False,False
100000008536546100,terminal,1.0,4,0.4924,"Деньги оседают: получено 250 тыс. ₸ от 2 плательщиков, исходящих ≥5 тыс. ₸ нет (узел раскрыт обходом)",False,3,False,2,0,250000.0,0.0,2,0,0.0,,8,0,0.0,2,False,False
100000008537380100,peripheral,1.0,6,0.2275,"Признаков роли нет: связи 1 вх./0 исх., оборот 8 тыс. ₸",False,3,False,1,0,8000.0,0.0,1,0,0.0,,1,0,0.0,1,False,False
100000008545727100,transit,1.0,14,0.7653,"Признаки транзита: ушло 1,9 млн ₸ при видимом входе 30 тыс. ₸ за ~0 дн. — приток вне выборки; блокировка отсекает 1,9 млн ₸",False,2,False,1,6,30000.0,1866500.0,1,7,62.2167,0.0,9,0,0.000134,1,True,True
100000008546855100,consolidator,0.66,1,0.8326,"Признаки консолидации: 6 плательщиков (курьеров: 0), вход 72 тыс. ₸, дальше 2 получ., удержано 86%; синхронный сбор: 5 плат. в 1 день; блокировка отсекает 102 тыс. ₸",False,2,False,6,2,71790.0,10000.0,8,2,0.1393,0.0,7,0,5.9e-05,5,True,False
100000008547295100,peripheral,1.0,9,0.2366,"Признаков роли нет: связи 1 вх./0 исх., оборот 15 тыс. ₸",False,3,False,1,0,15000.0,0.0,1,0,0.0,,1,0,0.0,1,False,False
100000008547844100,transit,0.5,4,0.8359,"Признаки транзита: ушло 2,0 млн ₸ при видимом входе 178 тыс. ₸ за ~0 дн. — приток вне выборки; блокировка отсекает 6,3 млн ₸",False,2,False,3,19,177600.0,2042199.0,3,21,11.4989,0.0,8,0,0.001788,1,True,True
100000008547948100,distributor,0.96,4,0.9189,"Признаки веерной раздачи: 26 получателей, отправлено 5,2 млн ₸; синхронный сбор: 4 плат. в 1 день; блокировка отсекает 8,2 млн ₸",False,2,False,6,26,212665.0,5185600.0,7,31,24.3839,0.0,8,0,0.001132,4,True,True
100000008548853100,peripheral,1.0,6,0.2351,"Признаков роли нет: связи 1 вх./0 исх., оборот 14 тыс. ₸",False,3,False,1,0,14000.0,0.0,1,0,0.0,,1,0,0.0,1,False,False
100000008551752100,peripheral,1.0,10,0.3076,Граница выборки (4-е колено): исходящие не видны; получено 406 тыс. ₸ от 1 плательщика,False,4,True,1,0,406000.0,0.0,2,0,0.0,,7,0,0.0,1,False,False
100000008554390100,peripheral,1.0,13,0.2351,Граница выборки (4-е колено): исходящие не видны; получено 14 тыс. ₸ от 1 плательщика,False,4,True,1,0,14000.0,0.0,1,0,0.0,,1,0,0.0,1,False,False
100000008555233100,terminal,1.0,4,0.4338,"Деньги оседают: получено 441 тыс. ₸ от 1 плательщика, исходящих ≥5 тыс. ₸ нет (узел раскрыт обходом)",False,3,False,1,0,440600.0,0.0,1,0,0.0,,9,0,0.0,1,False,False
100000008555918100,peripheral,1.0,8,0.5096,"Признаков роли нет: связи 1 вх./2 исх., оборот 139 тыс. ₸; блокировка отсекает 183 тыс. ₸",False,1,False,1,2,139211.0,43300.0,1,2,0.311,,10,1,4.8e-05,1,False,False
100000008556318100,peripheral,0.66,8,0.3611,"Признаков роли нет: связи 2 вх./0 исх., оборот 180 тыс. ₸",False,1,False,2,0,180132.0,0.0,2,0,0.0,,10,1,0.0,1,False,False
100000008557672100,peripheral,1.0,5,0.2661,"Признаков роли нет: связи 1 вх./0 исх., оборот 49 тыс. ₸",False,2,False,1,0,49125.0,0.0,1,0,0.0,,1,0,0.0,1,False,False
100000008560263100,peripheral,1.0,7,0.2826,Граница выборки (4-е колено): исходящие не видны; получено 100 тыс. ₸ от 1 плательщика,False,4,True,1,0,100000.0,0.0,1,0,0.0,,7,0,0.0,1,False,False
100000008560717100,consolidator,1.0,3,0.9056,"Признаки консолидации: 7 плательщиков (курьеров: 1), вход 529 тыс. ₸, дальше 1 получ., удержано 95%; блокировка отсекает 554 тыс. ₸",False,1,False,7,1,529000.0,25000.0,9,1,0.0473,19.0,7,1,1.9e-05,2,False,False
100000008561016100,transit,1.0,4,0.6982,"Признаки транзита: пришло 180 тыс. ₸, ушло 103% за ~0 дн.; связи 1→1; блокировка отсекает 365 тыс. ₸",False,3,False,1,1,180000.0,185000.0,2,4,1.0278,0.0,9,0,2.2e-05,1,False,False
100000008566737100,terminal,0.96,3,0.4885,"Деньги оседают: получено 230 тыс. ₸ от 2 плательщиков, исходящих ≥5 тыс. ₸ нет (узел раскрыт обходом)",False,1,False,2,0,230000.0,0.0,2,0,0.0,,10,1,0.0,2,False,False
100000008568512100,peripheral,0.5,7,0.2953,"Признаков роли нет: связи 1 вх./0 исх., оборот 200 тыс. ₸",False,3,False,1,0,199640.0,0.0,1,0,0.0,,7,0,0.0,1,False,False
100000008571243100,peripheral,1.0,14,0.2878,"Признаков роли нет: связи 1 вх./0 исх., оборот 134 тыс. ₸",False,3,False,1,0,134000.0,0.0,1,0,0.0,,9,0,0.0,1,False,False
100000008571433100,peripheral,1.0,40,0.2223,"Признаков роли нет: связи 2 вх./2 исх., оборот 1,4 млн ₸; курьер из исходного списка",True,0,False,2,2,350000.0,1434000.0,2,3,,0.5,0,0,1e-06,1,True,False
100000008571443100,peripheral,1.0,1,0.341,"Признаков роли нет: связи 2 вх./0 исх., оборот 65 тыс. ₸",False,2,False,2,0,65000.0,0.0,2,0,0.0,,7,0,0.0,1,False,False
100000008575624100,peripheral,1.0,38,0.1096,"Признаков роли нет: связи 0 вх./3 исх., оборот 90 тыс. ₸; курьер из исходного списка",True,0,False,0,3,0.0,89500.0,0,5,,,0,0,0.0,0,False,False
100000008576243100,peripheral,1.0,1,0.3456,"Признаков роли нет: связи 2 вх./0 исх., оборот 83 тыс. ₸",False,3,False,2,0,82920.0,0.0,4,0,0.0,,8,0,0.0,2,False,False
100000008576528100,peripheral,1.0,7,0.253,"Признаков роли нет: связи 1 вх./0 исх., оборот 28 тыс. ₸",False,3,False,1,0,28000.0,0.0,1,0,0.0,,7,0,0.0,1,False,False
100000008579978100,transit,1.0,7,0.6491,Признаки транзита: ушло 77 тыс. ₸ при видимом входе 34 тыс. ₸ за ~0 дн. — приток вне выборки; блокировка отсекает 111 тыс. ₸,False,3,False,1,1,34000.0,77000.0,1,6,2.2647,0.0,7,0,1.9e-05,1,False,True
100000008582730100,transit,1.0,1,0.5059,"Признаки транзита: пришло 5 тыс. ₸, ушло 100% за ~0 дн.; связи 1→1",False,3,False,1,1,5000.0,5000.0,1,1,1.0,0.0,7,0,0.0,1,True,False
100000008583360100,peripheral,1.0,11,0.508,"Признаков роли нет: связи 1 вх./1 исх., оборот 170 тыс. ₸; блокировка отсекает 283 тыс. ₸",False,3,False,1,1,112843.0,170000.0,1,1,1.5065,5.0,7,0,1.9e-05,1,False,True
100000008583971100,peripheral,1.0,3,0.336,Граница выборки (4-е колено): исходящие не видны; получено 51 тыс. ₸ от 2 плательщиков,False,4,True,2,0,51000.0,0.0,2,0,0.0,,7,0,0.0,1,False,False
100000008586731100,peripheral,1.0,16,0.2331,"Признаков роли нет: связи 1 вх./0 исх., оборот 12 тыс. ₸",False,1,False,1,0,12000.0,0.0,1,0,0.0,,1,1,0.0,1,False,False
100000008587459100,peripheral,1.0,1,0.6172,"Признаков роли нет: связи 2 вх./2 исх., оборот 686 тыс. ₸; в ядре-кольце из 85; блокировка отсекает 868 тыс. ₸",False,2,False,2,2,181507.0,686500.0,2,4,3.7822,,7,0,1.8e-05,1,True,True
100000008588665100,peripheral,1.0,3,0.2497,Граница выборки (4-е колено): исходящие не видны; получено 25 тыс. ₸ от 1 плательщика,False,4,True,1,0,25000.0,0.0,1,0,0.0,,7,0,0.0,1,False,False
100000008595687100,peripheral,1.0,2,0.4868,"Признаков роли нет: связи 1 вх./1 исх., оборот 64 тыс. ₸; в ядре-кольце из 85",False,3,False,1,1,64395.0,10400.0,1,1,0.1615,1.0,7,0,0.000301,1,True,False
100000008596924100,peripheral,1.0,9,0.2826,"Признаков роли нет: связи 1 вх./0 исх., оборот 100 тыс. ₸",False,3,False,1,0,100000.0,0.0,1,0,0.0,,1,0,0.0,1,False,False
100000008598972100,peripheral,1.0,22,0.2863,"Признаков роли нет: связи 1 вх./0 исх., оборот 120 тыс. ₸",False,3,False,1,0,120000.0,0.0,1,0,0.0,,1,0,0.0,1,False,False
100000008599354100,peripheral,1.0,3,0.4991,"Признаков роли нет: связи 1 вх./1 исх., оборот 177 тыс. ₸; блокировка отсекает 215 тыс. ₸",False,3,False,1,1,177000.0,38200.0,1,2,0.2158,10.0,7,0,4e-06,1,False,False
100000008601794100,peripheral,1.0,42,0.2198,"Признаков роли нет: связи 2 вх./1 исх., оборот 871 тыс. ₸; курьер из исходного списка",True,0,False,2,1,494400.0,871400.0,8,13,,0.0,0,0,0.0,1,True,False
100000008603331100,transit,1.0,31,0.8308,"Признаки транзита: ушло 742 тыс. ₸ при видимом входе 40 тыс. ₸ за ~0 дн. — приток вне выборки; блокировка отсекает 2,2 млн ₸",False,2,False,2,6,39500.0,741774.0,3,6,18.7791,0.0,7,0,0.000196,1,True,True
100000008603629100,coordinator,1.0,3,1.0,"Кандидат в координаторы: собирает от 19 плательщиков (1,8 млн ₸) и раздаёт 61 получателю (5,0 млн ₸); в ядре-кольце из 85; синхронный сбор: 4 плат. в 1 день; блокировка отсекает 8,2 млн ₸",False,2,False,19,61,1817300.0,4986156.0,45,74,2.7437,0.0,7,0,0.005761,4,True,True
100000008612257100,peripheral,1.0,18,0.2288,"Признаков роли нет: связи 1 вх./0 исх., оборот 10 тыс. ₸",False,3,False,1,0,9500.0,0.0,1,0,0.0,,7,0,0.0,1,False,False
100000008619159100,peripheral,1.0,2,0.3087,Граница выборки (4-е колено): исходящие не видны; получено 446 тыс. ₸ от 1 плательщика,False,4,True,1,0,446400.0,0.0,2,0,0.0,,7,0,0.0,1,False,False
100000008619857100,peripheral,1.0,1,0.43,"Признаков роли нет: связи 1 вх./2 исх., оборот 29 тыс. ₸",False,3,False,1,2,29000.0,13000.0,1,2,0.4483,0.0,7,0,2e-06,1,False,False
100000008620570100,peripheral,1.0,1,0.5738,"Признаков роли нет: связи 2 вх./2 исх., оборот 145 тыс. ₸; блокировка отсекает 177 тыс. ₸",False,3,False,2,2,145000.0,31800.0,2,2,0.2193,0.0,7,0,3.3e-05,1,False,False
100000008624978100,peripheral,1.0,4,0.2846,"Признаков роли нет: связи 1 вх./0 исх., оборот 109 тыс. ₸",False,2,False,1,0,109000.0,0.0,1,0,0.0,,8,0,0.0,1,False,False
100000008625905100,peripheral,1.0,2,0.5632,"Признаков роли нет: связи 1 вх./2 исх., оборот 635 тыс. ₸; блокировка отсекает 833 тыс. ₸",False,3,False,1,2,197800.0,635000.0,1,2,3.2103,,7,0,4e-05,1,False,True
100000008628231100,transit,1.0,8,0.7372,Признаки транзита: ушло 628 тыс. ₸ при видимом входе 50 тыс. ₸ за ~1 дн. — приток вне выборки; блокировка отсекает 678 тыс. ₸,False,1,False,1,2,50000.0,627870.0,1,19,12.5574,1.0,10,1,4.8e-05,1,False,True
100000008628818100,peripheral,1.0,11,0.2642,Граница выборки (4-е колено): исходящие не видны; получено 46 тыс. ₸ от 1 плательщика,False,4,True,1,0,46310.0,0.0,1,0,0.0,,7,0,0.0,1,False,False
100000008629504100,peripheral,1.0,3,0.2437,Граница выборки (4-е колено): исходящие не видны; получено 20 тыс. ₸ от 1 плательщика,False,4,True,1,0,20000.0,0.0,1,0,0.0,,7,0,0.0,1,False,False
100000008629581100,peripheral,1.0,1,0.2701,"Признаков роли нет: связи 1 вх./0 исх., оборот 54 тыс. ₸",False,2,False,1,0,54184.0,0.0,1,0,0.0,,8,0,0.0,1,False,False
100000008631800100,peripheral,1.0,13,0.2341,Граница выборки (4-е колено): исходящие не видны; получено 13 тыс. ₸ от 1 плательщика,False,4,True,1,0,12850.0,0.0,1,0,0.0,,1,0,0.0,1,False,False
100000008632060100,peripheral,0.84,1,0.5492,"Признаков роли нет: связи 1 вх./9 исх., оборот 339 тыс. ₸; в ядре-кольце из 85; блокировка отсекает 345 тыс. ₸",False,3,False,1,9,6000.0,339200.0,1,12,56.5333,4.0,7,0,0.000537,1,True,True
100000008633099100,peripheral,1.0,10,0.4222,"Признаков роли нет: связи 1 вх./1 исх., оборот 19 тыс. ₸",False,3,False,1,1,19468.0,13500.0,1,1,0.6934,8.0,7,0,1.9e-05,1,False,False
100000008634520100,peripheral,1.0,4,0.2796,"Признаков роли нет: связи 1 вх./0 исх., оборот 90 тыс. ₸",False,3,False,1,0,90000.0,0.0,1,0,0.0,,8,0,0.0,1,False,False
100000008636603100,transit,1.0,2,0.7716,Признаки транзита: ушло 159 тыс. ₸ при видимом входе 35 тыс. ₸ за ~0 дн. — приток вне выборки; в ядре-кольце из 85; блокировка отсекает 195 тыс. ₸,False,2,False,2,6,35460.0,159375.0,2,7,4.4945,0.0,7,0,0.003475,1,True,True
100000008637537100,peripheral,1.0,1,0.242,"Признаков роли нет: связи 3 вх./3 исх., оборот 2,4 млн ₸; курьер из исходного списка",True,0,False,3,3,619890.0,2351495.0,22,30,,0.0,9,2,7.8e-05,2,True,False
100000008638859100,peripheral,1.0,10,0.2577,Граница выборки (4-е колено): исходящие не видны; получено 34 тыс. ₸ от 1 плательщика,False,4,True,1,0,34000.0,0.0,1,0,0.0,,9,0,0.0,1,False,False
100000008647905100,transit,1.0,23,0.7139,Признаки транзита: ушло 344 тыс. ₸ при видимом входе 50 тыс. ₸ за ~1 дн. — приток вне выборки; блокировка отсекает 394 тыс. ₸,False,2,False,1,2,50000.0,344222.0,1,2,6.8844,1.0,7,0,3.8e-05,1,False,True
100000008648783100,peripheral,1.0,13,0.2246,Граница выборки (4-е колено): исходящие не видны; получено 5 тыс. ₸ от 1 плательщика,False,4,True,1,0,5200.0,0.0,1,0,0.0,,1,0,0.0,1,False,False
100000008649416100,peripheral,1.0,18,0.2236,Граница выборки (4-е колено): исходящие не видны; получено 5 тыс. ₸ от 1 плательщика,False,4,True,1,0,5000.0,0.0,1,0,0.0,,7,0,0.0,1,False,False
100000008650785100,peripheral,1.0,2,0.2142,"Признаков роли нет: связи 2 вх./2 исх., оборот 120 тыс. ₸; курьер из исходного списка",True,0,False,2,2,92000.0,120120.0,2,2,,1.0,8,1,2.2e-05,1,False,False
100000008652094100,peripheral,1.0,10,0.2584,"Признаков роли нет: связи 1 вх./0 исх., оборот 35 тыс. ₸",False,3,False,1,0,35000.0,0.0,1,0,0.0,,7,0,0.0,1,False,False
100000008653041100,peripheral,1.0,6,0.253,"Признаков роли нет: связи 1 вх./0 исх., оборот 28 тыс. ₸",False,3,False,1,0,28000.0,0.0,1,0,0.0,,1,0,0.0,1,False,False
100000008654653100,peripheral,1.0,2,0.1049,"Признаков роли нет: связи 0 вх./1 исх., оборот 54 тыс. ₸; курьер из исходного списка",True,0,False,0,1,0.0,54000.0,0,1,,,0,0,0.0,0,False,False
100000008655035100,peripheral,1.0,14,0.2549,"Признаков роли нет: связи 1 вх./0 исх., оборот 30 тыс. ₸",False,2,False,1,0,30000.0,0.0,1,0,0.0,,2,0,0.0,1,False,False
100000008655779100,peripheral,1.0,20,0.4697,"Признаков роли нет: связи 1 вх./2 исх., оборот 47 тыс. ₸",False,3,False,1,2,47000.0,24704.0,1,2,0.5256,15.0,7,0,5.9e-05,1,False,False
100000008656043100,peripheral,1.0,5,0.2518,"Признаков роли нет: связи 1 вх./0 исх., оборот 26 тыс. ₸",False,2,False,1,0,26200.0,0.0,1,0,0.0,,1,0,0.0,1,False,False
100000008659445100,peripheral,1.0,35,0.2268,"Признаков роли нет: связи 3 вх./4 исх., оборот 875 тыс. ₸; курьер из исходного списка",True,0,False,3,4,138490.0,875150.0,7,18,,1.0,0,0,1e-06,2,True,False
100000008659950100,terminal,1.0,4,0.4244,"Деньги оседают: получено 246 тыс. ₸ от 1 плательщика, исходящих ≥5 тыс. ₸ нет (узел раскрыт обходом)",False,3,False,1,0,246000.0,0.0,1,0,0.0,,8,0,0.0,1,False,False
100000008661550100,peripheral,1.0,6,0.2467,"Признаков роли нет: связи 1 вх./0 исх., оборот 23 тыс. ₸",False,3,False,1,0,22800.0,0.0,1,0,0.0,,1,0,0.0,1,False,False
100000008661585100,peripheral,1.0,5,0.2622,"Признаков роли нет: связи 1 вх./0 исх., оборот 43 тыс. ₸",False,1,False,1,0,43141.0,0.0,1,0,0.0,,1,1,0.0,1,False,False
100000008662216100,peripheral,1.0,6,0.2518,"Признаков роли нет: связи 1 вх./0 исх., оборот 26 тыс. ₸",False,3,False,1,0,26200.0,0.0,1,0,0.0,,1,0,0.0,1,False,False
100000008662805100,peripheral,1.0,6,0.2391,"Признаков роли нет: связи 1 вх./0 исх., оборот 16 тыс. ₸",False,3,False,1,0,16500.0,0.0,1,0,0.0,,1,0,0.0,1,False,False
100000008663007100,peripheral,1.0,5,0.2351,"Признаков роли нет: связи 1 вх./0 исх., оборот 14 тыс. ₸",False,1,False,1,0,14000.0,0.0,1,0,0.0,,1,1,0.0,1,False,False
100000008663723100,peripheral,1.0,6,0.2379,"Признаков роли нет: связи 1 вх./0 исх., оборот 16 тыс. ₸",False,3,False,1,0,15600.0,0.0,1,0,0.0,,1,0,0.0,1,False,False
100000008664469100,peripheral,1.0,8,0.2497,"Признаков роли нет: связи 1 вх./0 исх., оборот 25 тыс. ₸",False,1,False,1,0,25000.0,0.0,1,0,0.0,,10,1,0.0,1,False,False
100000008664774100,peripheral,1.0,6,0.2388,"Признаков роли нет: связи 1 вх./0 исх., оборот 16 тыс. ₸",False,3,False,1,0,16300.0,0.0,1,0,0.0,,1,0,0.0,1,False,False
100000008665380100,peripheral,1.0,10,0.535,"Признаков роли нет: связи 2 вх./1 исх., оборот 69 тыс. ₸",False,1,False,2,1,69100.0,18200.0,2,1,0.2634,1.0,7,1,1.9e-05,1,False,False
100000008666075100,peripheral,1.0,5,0.2521,"Признаков роли нет: связи 1 вх./0 исх., оборот 26 тыс. ₸",False,1,False,1,0,26217.0,0.0,1,0,0.0,,1,1,0.0,1,False,False
100000008667058100,peripheral,1.0,5,0.2404,"Признаков роли нет: связи 1 вх./0 исх., оборот 18 тыс. ₸",False,1,False,1,0,17534.0,0.0,1,0,0.0,,1,1,0.0,1,False,False
100000008667795100,peripheral,1.0,6,0.2577,"Признаков роли нет: связи 1 вх./0 исх., оборот 34 тыс. ₸",False,3,False,1,0,34000.0,0.0,1,0,0.0,,1,0,0.0,1,False,False
100000008667799100,peripheral,1.0,6,0.2577,"Признаков роли нет: связи 1 вх./0 исх., оборот 34 тыс. ₸",False,3,False,1,0,34000.0,0.0,1,0,0.0,,1,0,0.0,1,False,False
100000008668099100,peripheral,1.0,6,0.2381,"Признаков роли нет: связи 1 вх./0 исх., оборот 16 тыс. ₸",False,3,False,1,0,15700.0,0.0,1,0,0.0,,1,0,0.0,1,False,False
100000008669037100,peripheral,1.0,0,0.0,Нет переводов ≥5 тыс. ₸ внутри банка за июль; курьер из исходного списка,True,0,False,0,0,0.0,0.0,0,0,,,0,0,0.0,0,False,False
100000008669310100,peripheral,1.0,10,0.2717,"Признаков роли нет: связи 1 вх./0 исх., оборот 60 тыс. ₸",False,3,False,1,0,59567.0,0.0,2,0,0.0,,7,0,0.0,1,False,False
100000008670667100,peripheral,1.0,5,0.2376,"Признаков роли нет: связи 1 вх./0 исх., оборот 16 тыс. ₸",False,1,False,1,0,15534.0,0.0,1,0,0.0,,1,1,0.0,1,False,False
100000008671026100,peripheral,1.0,5,0.2474,"Признаков роли нет: связи 1 вх./0 исх., оборот 24 тыс. ₸",False,1,False,1,0,23534.0,0.0,1,0,0.0,,1,1,0.0,1,False,False
100000008671081100,peripheral,1.0,6,0.2596,"Признаков роли нет: связи 1 вх./0 исх., оборот 37 тыс. ₸",False,3,False,1,0,37200.0,0.0,1,0,0.0,,1,0,0.0,1,False,False
100000008671129100,peripheral,1.0,6,0.2518,"Признаков роли нет: связи 1 вх./0 исх., оборот 26 тыс. ₸",False,3,False,1,0,26200.0,0.0,1,0,0.0,,1,0,0.0,1,False,False
100000008671929100,peripheral,1.0,8,0.2759,"Признаков роли нет: связи 1 вх./0 исх., оборот 75 тыс. ₸",False,1,False,1,0,75000.0,0.0,2,0,0.0,,10,1,0.0,1,False,False
100000008672162100,peripheral,1.0,5,0.2378,"Признаков роли нет: связи 1 вх./0 исх., оборот 16 тыс. ₸",False,1,False,1,0,15550.0,0.0,1,0,0.0,,1,1,0.0,1,False,False
100000008672200100,peripheral,1.0,5,0.2281,"Признаков роли нет: связи 1 вх./0 исх., оборот 9 тыс. ₸",False,1,False,1,0,8511.0,0.0,1,0,0.0,,1,1,0.0,1,False,False
100000008672480100,peripheral,1.0,5,0.2343,"Признаков роли нет: связи 1 вх./0 исх., оборот 13 тыс. ₸",False,2,False,1,0,13000.0,0.0,1,0,0.0,,1,0,0.0,1,False,False
100000008672493100,peripheral,1.0,6,0.2351,"Признаков роли нет: связи 1 вх./0 исх., оборот 14 тыс. ₸",False,3,False,1,0,14000.0,0.0,1,0,0.0,,1,0,0.0,1,False,False
100000008672603100,peripheral,1.0,1,0.2457,"Признаков роли нет: связи 1 вх./0 исх., оборот 21 тыс. ₸",False,2,False,1,0,21200.0,0.0,1,0,0.0,,8,0,0.0,1,False,False
100000008672762100,peripheral,1.0,5,0.2343,"Признаков роли нет: связи 1 вх./0 исх., оборот 13 тыс. ₸",False,2,False,1,0,13000.0,0.0,1,0,0.0,,1,0,0.0,1,False,False
100000008673001100,peripheral,1.0,12,0.1386,"Признаков роли нет: связи 1 вх./0 исх., оборот 80 тыс. ₸; курьер из исходного списка",True,0,False,1,0,80000.0,0.0,1,0,,,1,1,0.0,1,False,False
100000008675322100,peripheral,1.0,7,0.3049,Граница выборки (4-е колено): исходящие не видны; получено 340 тыс. ₸ от 1 плательщика,False,4,True,1,0,340000.0,0.0,4,0,0.0,,7,0,0.0,1,False,False
100000008676812100,terminal,0.96,23,0.4209,"Деньги оседают: получено 231 тыс. ₸ от 1 плательщика, исходящих ≥5 тыс. ₸ нет (узел раскрыт обходом)",False,3,False,1,0,230800.0,0.0,1,0,0.0,,7,0,0.0,1,False,False
100000008677215100,peripheral,1.0,24,0.2284,"Признаков роли нет: связи 1 вх./0 исх., оборот 9 тыс. ₸",False,3,False,1,0,9000.0,0.0,1,0,0.0,,7,0,0.0,1,False,False
100000008677368100,peripheral,1.0,10,0.2347,Граница выборки (4-е колено): исходящие не видны; получено 14 тыс. ₸ от 1 плательщика,False,4,True,1,0,13500.0,0.0,1,0,0.0,,7,0,0.0,1,False,False
100000008677518100,peripheral,1.0,6,0.2658,"Признаков роли нет: связи 1 вх./0 исх., оборот 49 тыс. ₸",False,3,False,1,0,48700.0,0.0,1,0,0.0,,1,0,0.0,1,False,False
100000008679986100,peripheral,1.0,5,0.2422,"Признаков роли нет: связи 1 вх./0 исх., оборот 19 тыс. ₸",False,1,False,1,0,19000.0,0.0,1,0,0.0,,1,1,0.0,1,False,False
100000008680061100,peripheral,1.0,1,0.2617,Граница выборки (4-е колено): исходящие не видны; получено 41 тыс. ₸ от 1 плательщика,False,4,True,1,0,41300.0,0.0,2,0,0.0,,7,0,0.0,1,False,False
100000008680451100,peripheral,1.0,5,0.2474,"Признаков роли нет: связи 1 вх./0 исх., оборот 24 тыс. ₸",False,1,False,1,0,23534.0,0.0,1,0,0.0,,1,1,0.0,1,False,False
100000008680731100,distributor,1.0,16,0.2421,"Признаки веерной раздачи: 27 получателей, отправлено 1,5 млн ₸; курьер, вход вне выборки",True,0,False,0,27,0.0,1464354.0,0,28,,,0,0,0.0,0,False,False
100000008680912100,peripheral,1.0,19,0.3824,"Признаков роли нет: связи 1 вх./1 исх., оборот 45 тыс. ₸",False,3,False,1,1,45112.0,5990.85,2,1,0.1328,3.0,7,0,0.0,1,True,False
100000008682426100,peripheral,1.0,12,0.2437,"Признаков роли нет: связи 1 вх./0 исх., оборот 20 тыс. ₸",False,3,False,1,0,20000.0,0.0,1,0,0.0,,7,0,0.0,1,False,False
100000008683818100,peripheral,1.0,5,0.2402,"Признаков роли нет: связи 1 вх./0 исх., оборот 17 тыс. ₸",False,2,False,1,0,17400.0,0.0,1,0,0.0,,1,0,0.0,1,False,False
100000008684452100,peripheral,1.0,6,0.2687,"Признаков роли нет: связи 1 вх./0 исх., оборот 52 тыс. ₸",False,3,False,1,0,51800.0,0.0,1,0,0.0,,1,0,0.0,1,False,False
100000008684767100,peripheral,1.0,6,0.2563,"Признаков роли нет: связи 1 вх./0 исх., оборот 31 тыс. ₸",False,3,False,1,0,31100.0,0.0,1,0,0.0,,1,0,0.0,1,False,False
100000008684951100,peripheral,1.0,6,0.2399,"Признаков роли нет: связи 1 вх./0 исх., оборот 17 тыс. ₸",False,3,False,1,0,17200.0,0.0,1,0,0.0,,1,0,0.0,1,False,False
100000008686214100,peripheral,1.0,3,0.2497,"Признаков роли нет: связи 1 вх./0 исх., оборот 25 тыс. ₸",False,3,False,1,0,25000.0,0.0,1,0,0.0,,7,0,0.0,1,False,False
100000008686234100,peripheral,1.0,1,0.2604,"Признаков роли нет: связи 1 вх./0 исх., оборот 40 тыс. ₸",False,1,False,1,0,39778.0,0.0,1,0,0.0,,7,1,0.0,1,False,False
100000008686247100,peripheral,1.0,25,0.3571,"Признаков роли нет: связи 1 вх./1 исх., оборот 22 тыс. ₸",False,3,False,1,1,22000.0,5000.0,2,1,0.2273,11.5,1,0,0.0,1,True,False
100000008686313100,consolidator,0.66,3,0.9447,"Признаки консолидации: 6 плательщиков (курьеров: 1), вход 1,9 млн ₸, дальше 7 получ., удержано 83%; в ядре-кольце из 85; блокировка отсекает 2,2 млн ₸",False,1,False,6,7,1912716.0,333800.0,16,13,0.1745,1.0,7,1,0.001985,2,True,False
100000008686494100,peripheral,1.0,6,0.2381,"Признаков роли нет: связи 1 вх./0 исх., оборот 16 тыс. ₸",False,3,False,1,0,15700.0,0.0,1,0,0.0,,1,0,0.0,1,False,False
100000008687492100,peripheral,1.0,5,0.2366,"Признаков роли нет: связи 1 вх./0 исх., оборот 15 тыс. ₸",False,2,False,1,0,15000.0,0.0,1,0,0.0,,1,0,0.0,1,False,False
100000008687617100,peripheral,1.0,6,0.2623,"Признаков роли нет: связи 1 вх./0 исх., оборот 43 тыс. ₸",False,3,False,1,0,43350.0,0.0,2,0,0.0,,1,0,0.0,1,False,False
100000008687671100,peripheral,1.0,5,0.2597,"Признаков роли нет: связи 1 вх./0 исх., оборот 38 тыс. ₸",False,1,False,1,0,37500.0,0.0,1,0,0.0,,1,1,0.0,1,False,False
100000008687733100,peripheral,1.0,6,0.2358,"Признаков роли нет: связи 1 вх./0 исх., оборот 15 тыс. ₸",False,3,False,1,0,14650.0,0.0,1,0,0.0,,1,0,0.0,1,False,False
100000008687990100,peripheral,1.0,6,0.2406,"Признаков роли нет: связи 1 вх./0 исх., оборот 18 тыс. ₸",False,3,False,1,0,17600.0,0.0,1,0,0.0,,1,0,0.0,1,False,False
100000008688109100,peripheral,1.0,6,0.234,"Признаков роли нет: связи 1 вх./0 исх., оборот 13 тыс. ₸",False,3,False,1,0,12800.0,0.0,1,0,0.0,,1,0,0.0,1,False,False
100000008688155100,peripheral,1.0,6,0.2475,"Признаков роли нет: связи 1 вх./0 исх., оборот 24 тыс. ₸",False,3,False,1,0,23600.0,0.0,1,0,0.0,,1,0,0.0,1,False,False
100000008688476100,peripheral,1.0,5,0.2483,"Признаков роли нет: связи 1 вх./0 исх., оборот 24 тыс. ₸",False,2,False,1,0,24000.0,0.0,1,0,0.0,,1,0,0.0,1,False,False
100000008688881100,peripheral,1.0,5,0.2625,"Признаков роли нет: связи 1 вх./0 исх., оборот 44 тыс. ₸",False,2,False,1,0,44211.0,0.0,1,0,0.0,,1,0,0.0,1,False,False
100000008690762100,peripheral,1.0,6,0.2522,"Признаков роли нет: связи 1 вх./0 исх., оборот 27 тыс. ₸",False,3,False,1,0,26750.0,0.0,1,0,0.0,,1,0,0.0,1,False,False
100000008690932100,peripheral,1.0,5,0.2469,"Признаков роли нет: связи 1 вх./0 исх., оборот 23 тыс. ₸",False,1,False,1,0,23000.0,0.0,1,0,0.0,,1,1,0.0,1,False,False
100000008691027100,peripheral,1.0,5,0.2404,"Признаков роли нет: связи 1 вх./0 исх., оборот 18 тыс. ₸",False,1,False,1,0,17534.0,0.0,1,0,0.0,,1,1,0.0,1,False,False
100000008691168100,peripheral,1.0,5,0.2483,"Признаков роли нет: связи 1 вх./0 исх., оборот 24 тыс. ₸",False,2,False,1,0,24000.0,0.0,1,0,0.0,,1,0,0.0,1,False,False
100000008691330100,peripheral,1.0,5,0.2458,"Признаков роли нет: связи 1 вх./0 исх., оборот 21 тыс. ₸",False,1,False,1,0,21440.0,0.0,1,0,0.0,,1,1,0.0,1,False,False
100000008691495100,peripheral,1.0,5,0.2525,"Признаков роли нет: связи 1 вх./0 исх., оборот 27 тыс. ₸",False,1,False,1,0,27000.0,0.0,1,0,0.0,,1,1,0.0,1,False,False
100000008692291100,transit,1.0,4,0.78,"Признаки транзита: пришло 160 тыс. ₸, ушло 98% за ~1 дн.; связи 3→3; блокировка отсекает 316 тыс. ₸",False,3,False,3,3,160000.0,156000.0,3,3,0.975,1.0,8,0,6.4e-05,2,False,False
100000008693069100,peripheral,1.0,5,0.2437,"Признаков роли нет: связи 1 вх./0 исх., оборот 20 тыс. ₸",False,1,False,1,0,20000.0,0.0,1,0,0.0,,1,1,0.0,1,False,False
100000008695133100,peripheral,1.0,6,0.2592,"Признаков роли нет: связи 1 вх./0 исх., оборот 37 тыс. ₸",False,3,False,1,0,36610.0,0.0,1,0,0.0,,1,0,0.0,1,False,False
100000008695157100,peripheral,1.0,17,0.308,Граница выборки (4-е колено): исходящие не видны; получено 426 тыс. ₸ от 1 плательщика,False,4,True,1,0,425546.0,0.0,3,0,0.0,,7,0,0.0,1,False,False
100000008695495100,peripheral,1.0,5,0.2454,"Признаков роли нет: связи 1 вх./0 исх., оборот 21 тыс. ₸",False,1,False,1,0,21000.0,0.0,1,0,0.0,,1,1,0.0,1,False,False
100000008695566100,peripheral,1.0,6,0.2574,"Признаков роли нет: связи 1 вх./0 исх., оборот 34 тыс. ₸",False,3,False,1,0,33700.0,0.0,1,0,0.0,,1,0,0.0,1,False,False
100000008695689100,peripheral,1.0,6,0.2518,"Признаков роли нет: связи 1 вх./0 исх., оборот 26 тыс. ₸",False,3,False,1,0,26200.0,0.0,1,0,0.0,,1,0,0.0,1,False,False
100000008696692100,peripheral,1.0,5,0.2422,"Признаков роли нет: связи 1 вх./0 исх., оборот 19 тыс. ₸",False,2,False,1,0,19000.0,0.0,1,0,0.0,,1,0,0.0,1,False,False
100000008696919100,peripheral,1.0,5,0.2567,"Признаков роли нет: связи 1 вх./0 исх., оборот 32 тыс. ₸",False,1,False,1,0,31945.0,0.0,1,0,0.0,,1,1,0.0,1,False,False
100000008697670100,peripheral,1.0,6,0.2507,"Признаков роли нет: связи 1 вх./0 исх., оборот 25 тыс. ₸",False,3,False,1,0,25350.0,0.0,1,0,0.0,,1,0,0.0,1,False,False
100000008699083100,peripheral,1.0,4,0.2985,Граница выборки (4-е колено): исходящие не видны; получено 238 тыс. ₸ от 1 плательщика,False,4,True,1,0,238500.0,0.0,1,0,0.0,,8,0,0.0,1,False,False
100000008701222100,peripheral,1.0,0,0.0,Нет переводов ≥5 тыс. ₸ внутри банка за июль; курьер из исходного списка,True,0,False,0,0,0.0,0.0,0,0,,,0,0,0.0,0,False,False
100000008701256100,peripheral,1.0,3,0.2715,"Признаков роли нет: связи 1 вх./0 исх., оборот 58 тыс. ₸",False,2,False,1,0,58250.0,0.0,1,0,0.0,,7,0,0.0,1,False,False
100000008701944100,peripheral,1.0,15,0.2688,"Признаков роли нет: связи 1 вх./0 исх., оборот 52 тыс. ₸",False,1,False,1,0,52124.0,0.0,1,0,0.0,,2,1,0.0,1,False,False
100000008703533100,peripheral,1.0,4,0.2759,Граница выборки (4-е колено): исходящие не видны; получено 75 тыс. ₸ от 1 плательщика,False,4,True,1,0,75000.0,0.0,1,0,0.0,,8,0,0.0,1,False,False
100000008706846100,peripheral,1.0,6,0.2354,"Признаков роли нет: связи 1 вх./0 исх., оборот 14 тыс. ₸",False,3,False,1,0,14200.0,0.0,1,0,0.0,,1,0,0.0,1,False,False
100000008706947100,peripheral,1.0,6,0.2399,"Признаков роли нет: связи 1 вх./0 исх., оборот 17 тыс. ₸",False,3,False,1,0,17200.0,0.0,1,0,0.0,,1,0,0.0,1,False,False
100000008707810100,peripheral,1.0,6,0.2518,"Признаков роли нет: связи 1 вх./0 исх., оборот 26 тыс. ₸",False,3,False,1,0,26200.0,0.0,1,0,0.0,,1,0,0.0,1,False,False
100000008708025100,peripheral,1.0,20,0.2304,"Признаков роли нет: связи 1 вх./0 исх., оборот 10 тыс. ₸",False,3,False,1,0,10000.0,0.0,1,0,0.0,,7,0,0.0,1,False,False
100000008708061100,peripheral,1.0,6,0.2281,"Признаков роли нет: связи 1 вх./0 исх., оборот 9 тыс. ₸",False,3,False,1,0,8650.0,0.0,1,0,0.0,,1,0,0.0,1,False,False
100000008708207100,terminal,1.0,4,0.5023,"Деньги оседают: получено 465 тыс. ₸ от 2 плательщиков, исходящих ≥5 тыс. ₸ нет (узел раскрыт обходом)",False,3,False,2,0,465000.0,0.0,2,0,0.0,,9,0,0.0,2,False,False
100000008708368100,peripheral,1.0,5,0.2478,"Признаков роли нет: связи 1 вх./0 исх., оборот 24 тыс. ₸",False,1,False,1,0,23677.0,0.0,1,0,0.0,,1,1,0.0,1,False,False
100000008708595100,peripheral,1.0,6,0.2399,"Признаков роли нет: связи 1 вх./0 исх., оборот 17 тыс. ₸",False,3,False,1,0,17200.0,0.0,1,0,0.0,,1,0,0.0,1,False,False
100000008708743100,peripheral,1.0,6,0.2378,"Признаков роли нет: связи 1 вх./0 исх., оборот 16 тыс. ₸",False,3,False,1,0,15550.0,0.0,1,0,0.0,,1,0,0.0,1,False,False
100000008710791100,distributor,0.94,4,0.9067,"Признаки веерной раздачи: 23 получателя, отправлено 5,5 млн ₸; блокировка отсекает 6,0 млн ₸",False,2,False,3,23,181510.0,5521511.0,3,25,30.4199,0.0,9,0,0.000315,1,False,True
100000008710843100,peripheral,0.84,4,0.6655,"Признаков роли нет: связи 2 вх./13 исх., оборот 2,0 млн ₸; блокировка отсекает 2,2 млн ₸",False,2,False,2,13,33944.0,1985500.0,3,14,58.4934,4.0,8,0,0.001236,1,True,True
100000008710913100,peripheral,1.0,4,0.2351,Граница выборки (4-е колено): исходящие не видны; получено 14 тыс. ₸ от 1 плательщика,False,4,True,1,0,14000.0,0.0,1,0,0.0,,8,0,0.0,1,False,False
100000008712036100,peripheral,1.0,6,0.2454,"Признаков роли нет: связи 1 вх./0 исх., оборот 21 тыс. ₸",False,3,False,1,0,21000.0,0.0,1,0,0.0,,1,0,0.0,1,False,False
100000008712184100,peripheral,1.0,6,0.2414,"Признаков роли нет: связи 1 вх./0 исх., оборот 18 тыс. ₸",False,3,False,1,0,18000.0,0.0,1,0,0.0,,1,0,0.0,1,False,False
100000008712827100,peripheral,1.0,6,0.2764,"Признаков роли нет: связи 1 вх./0 исх., оборот 76 тыс. ₸",False,3,False,1,0,76000.0,0.0,1,0,0.0,,1,0,0.0,1,False,False
100000008712991100,peripheral,1.0,6,0.2738,"Признаков роли нет: связи 1 вх./0 исх., оборот 66 тыс. ₸",False,3,False,1,0,66100.0,0.0,1,0,0.0,,1,0,0.0,1,False,False
100000008713270100,transit,1.0,9,0.6729,Признаки транзита: ушло 190 тыс. ₸ при видимом входе 30 тыс. ₸ за ~2 дн. — приток вне выборки; блокировка отсекает 220 тыс. ₸,False,2,False,1,3,30000.0,190000.0,1,3,6.3333,2.0,1,0,1e-06,1,False,True
100000008713685100,peripheral,1.0,6,0.2663,"Признаков роли нет: связи 1 вх./0 исх., оборот 50 тыс. ₸",False,3,False,1,0,49700.0,0.0,1,0,0.0,,1,0,0.0,1,False,False
100000008714412100,peripheral,0.82,14,0.2927,"Признаков роли нет: связи 1 вх./0 исх., оборот 169 тыс. ₸",False,3,False,1,0,169000.0,0.0,1,0,0.0,,9,0,0.0,1,False,False
100000008715513100,peripheral,1.0,13,0.2571,Граница выборки (4-е колено): исходящие не видны; получено 32 тыс. ₸ от 1 плательщика,False,4,True,1,0,32500.0,0.0,1,0,0.0,,1,0,0.0,1,False,False
100000008715887100,peripheral,1.0,6,0.2414,"Признаков роли нет: связи 1 вх./0 исх., оборот 18 тыс. ₸",False,3,False,1,0,18000.0,0.0,1,0,0.0,,1,0,0.0,1,False,False
100000008716072100,peripheral,1.0,6,0.2334,"Признаков роли нет: связи 1 вх./0 исх., оборот 12 тыс. ₸",False,3,False,1,0,12100.0,0.0,1,0,0.0,,1,0,0.0,1,False,False
100000008716222100,peripheral,1.0,5,0.2414,"Признаков роли нет: связи 1 вх./0 исх., оборот 18 тыс. ₸",False,1,False,1,0,18000.0,0.0,1,0,0.0,,1,1,0.0,1,False,False
100000008716439100,peripheral,1.0,5,0.2334,"Признаков роли нет: связи 1 вх./0 исх., оборот 12 тыс. ₸",False,1,False,1,0,12267.0,0.0,1,0,0.0,,1,1,0.0,1,False,False
100000008716773100,peripheral,1.0,5,0.238,"Признаков роли нет: связи 1 вх./0 исх., оборот 16 тыс. ₸",False,1,False,1,0,15677.0,0.0,1,0,0.0,,1,1,0.0,1,False,False
100000008717340100,peripheral,1.0,5,0.2617,"Признаков роли нет: связи 1 вх./0 исх., оборот 42 тыс. ₸",False,1,False,1,0,41500.0,0.0,1,0,0.0,,1,1,0.0,1,False,False
100000008717341100,peripheral,1.0,5,0.2357,"Признаков роли нет: связи 1 вх./0 исх., оборот 15 тыс. ₸",False,1,False,1,0,14627.0,0.0,1,0,0.0,,1,1,0.0,1,False,False
100000008717375100,peripheral,1.0,1,0.2541,"Признаков роли нет: связи 1 вх./0 исх., оборот 30 тыс. ₸",False,2,False,1,0,29506.0,0.0,1,0,0.0,,8,0,0.0,1,False,False
100000008717802100,peripheral,1.0,6,0.2514,"Признаков роли нет: связи 1 вх./0 исх., оборот 26 тыс. ₸",False,3,False,1,0,26150.0,0.0,1,0,0.0,,1,0,0.0,1,False,False
100000008718089100,peripheral,1.0,5,0.2376,"Признаков роли нет: связи 1 вх./0 исх., оборот 16 тыс. ₸",False,1,False,1,0,15534.0,0.0,1,0,0.0,,1,1,0.0,1,False,False
100000008718811100,peripheral,1.0,6,0.2756,"Признаков роли нет: связи 1 вх./0 исх., оборот 73 тыс. ₸",False,3,False,1,0,73300.0,0.0,1,0,0.0,,1,0,0.0,1,False,False
100000008720668100,peripheral,1.0,6,0.2385,"Признаков роли нет: связи 1 вх./0 исх., оборот 16 тыс. ₸",False,3,False,1,0,16000.0,0.0,1,0,0.0,,1,0,0.0,1,False,False
100000008720798100,peripheral,1.0,5,0.2376,"Признаков роли нет: связи 1 вх./0 исх., оборот 16 тыс. ₸",False,1,False,1,0,15534.0,0.0,1,0,0.0,,1,1,0.0,1,False,False
100000008720856100,peripheral,1.0,9,0.4559,"Признаков роли нет: связи 1 вх./1 исх., оборот 46 тыс. ₸",False,3,False,1,1,18105.0,46000.0,1,2,2.5407,,7,0,2e-05,1,False,True
100000008721637100,transit,1.0,9,0.6819,Признаки транзита: ушло 127 тыс. ₸ при видимом входе 24 тыс. ₸ за ~0 дн. — приток вне выборки; блокировка отсекает 151 тыс. ₸,False,3,False,1,2,24041.0,127000.0,1,2,5.2826,0.0,7,0,7.3e-05,1,False,True
100000008722328100,peripheral,1.0,5,0.2478,"Признаков роли нет: связи 1 вх./0 исх., оборот 24 тыс. ₸",False,1,False,1,0,23677.0,0.0,1,0,0.0,,1,1,0.0,1,False,False
100000008722417100,transit,1.0,7,0.7457,"Признаки транзита: ушло 720 тыс. ₸ при видимом входе 332 тыс. ₸ за ~0 дн. — приток вне выборки; блокировка отсекает 1,1 млн ₸",False,3,False,1,3,331900.0,720000.0,1,6,2.1693,0.0,7,0,5.8e-05,1,False,True
100000008722541100,peripheral,1.0,7,0.3016,Граница выборки (4-е колено): исходящие не видны; получено 280 тыс. ₸ от 1 плательщика,False,4,True,1,0,280000.0,0.0,4,0,0.0,,7,0,0.0,1,False,False
100000008723830100,transit,1.0,2,0.7959,"Признаки транзита: пришло 460 тыс. ₸, ушло 99% за ~1 дн.; связи 2→1; блокировка отсекает 915 тыс. ₸",False,1,False,2,1,459785.0,455000.0,2,1,0.9896,1.0,7,1,2e-05,1,False,False
100000008724279100,peripheral,1.0,2,0.2328,"Признаков роли нет: связи 1 вх./0 исх., оборот 12 тыс. ₸",False,1,False,1,0,11750.0,0.0,1,0,0.0,,7,1,0.0,1,False,False
100000008724461100,transit,1.0,4,0.682,Признаки транзита: ушло 130 тыс. ₸ при видимом входе 100 тыс. ₸ за ~0 дн. — приток вне выборки; блокировка отсекает 230 тыс. ₸,False,3,False,1,1,100111.0,130000.0,1,1,1.2986,0.0,9,0,2.2e-05,1,False,True
100000008727982100,peripheral,1.0,9,0.2549,Граница выборки (4-е колено): исходящие не видны; получено 30 тыс. ₸ от 1 плательщика,False,4,True,1,0,30000.0,0.0,2,0,0.0,,1,0,0.0,1,False,False
100000008728457100,peripheral,1.0,15,0.2633,"Признаков роли нет: связи 1 вх./0 исх., оборот 45 тыс. ₸",False,1,False,1,0,45000.0,0.0,1,0,0.0,,8,1,0.0,1,False,False
100000008729597100,peripheral,1.0,3,0.2781,"Признаков роли нет: связи 1 вх./0 исх., оборот 83 тыс. ₸",False,3,False,1,0,83090.0,0.0,1,0,0.0,,7,0,0.0,1,False,False
100000008729801100,peripheral,1.0,5,0.2404,"Признаков роли нет: связи 1 вх./0 исх., оборот 18 тыс. ₸",False,1,False,1,0,17534.0,0.0,1,0,0.0,,1,1,0.0,1,False,False
100000008730021100,peripheral,1.0,15,0.2762,"Признаков роли нет: связи 1 вх./0 исх., оборот 76 тыс. ₸",False,1,False,1,0,75555.0,0.0,3,0,0.0,,2,1,0.0,1,False,False
100000008730238100,peripheral,1.0,4,0.2855,Граница выборки (4-е колено): исходящие не видны; получено 113 тыс. ₸ от 1 плательщика,False,4,True,1,0,113000.0,0.0,1,0,0.0,,8,0,0.0,1,False,False
100000008730371100,terminal,1.0,3,0.5041,"Деньги оседают: получено 520 тыс. ₸ от 2 плательщиков, исходящих ≥5 тыс. ₸ нет (узел раскрыт обходом)",False,3,False,2,0,520000.0,0.0,3,0,0.0,,7,0,0.0,1,False,False
100000008730846100,consolidator,1.0,1,0.9257,"Признаки консолидации: 7 плательщиков (курьеров: 0), вход 155 тыс. ₸, дальше 3 получ., отдал больше, чем видно входящих; синхронный сбор: 4 плат. в 1 день; блокировка отсекает 683 тыс. ₸",False,2,False,7,3,155042.0,363370.0,11,4,2.3437,0.0,8,0,0.000141,4,False,True
100000008731444100,transit,1.0,3,0.8353,"Признаки транзита: ушло 880 тыс. ₸ при видимом входе 439 тыс. ₸ за ~0 дн. — приток вне выборки; блокировка отсекает 1,3 млн ₸",False,2,False,3,9,439000.0,879767.8,5,9,2.004,0.0,7,0,0.000124,1,False,True
100000008732098100,peripheral,1.0,5,0.238,"Признаков роли нет: связи 1 вх./0 исх., оборот 16 тыс. ₸",False,1,False,1,0,15677.0,0.0,1,0,0.0,,1,1,0.0,1,False,False
100000008732488100,peripheral,1.0,3,0.4898,"Признаков роли нет: связи 1 вх./1 исх., оборот 137 тыс. ₸; блокировка отсекает 147 тыс. ₸",False,3,False,1,1,137000.0,10000.0,1,1,0.073,0.0,7,0,1.9e-05,1,False,False
100000008733049100,peripheral,1.0,2,0.2304,"Признаков роли нет: связи 1 вх./0 исх., оборот 10 тыс. ₸",False,2,False,1,0,10000.0,0.0,1,0,0.0,,7,0,0.0,1,False,False
100000008733194100,peripheral,1.0,19,0.6576,"Признаков роли нет: связи 4 вх./8 исх., оборот 251 тыс. ₸; блокировка отсекает 2,1 млн ₸",False,2,False,4,8,251424.0,159695.0,4,8,0.6352,0.0,7,0,0.0002,2,True,False
100000008734279100,peripheral,1.0,17,0.2566,Граница выборки (4-е колено): исходящие не видны; получено 32 тыс. ₸ от 1 плательщика,False,4,True,1,0,31650.0,0.0,1,0,0.0,,7,0,0.0,1,False,False
100000008734364100,peripheral,1.0,5,0.2518,"Признаков роли нет: связи 1 вх./0 исх., оборот 26 тыс. ₸",False,2,False,1,0,26200.0,0.0,1,0,0.0,,1,0,0.0,1,False,False
100000008735384100,peripheral,1.0,5,0.2602,"Признаков роли нет: связи 1 вх./0 исх., оборот 39 тыс. ₸",False,1,False,1,0,39220.0,0.0,1,0,0.0,,1,1,0.0,1,False,False
100000008735802100,peripheral,1.0,10,0.2785,Граница выборки (4-е колено): исходящие не видны; получено 85 тыс. ₸ от 1 плательщика,False,4,True,1,0,85000.0,0.0,2,0,0.0,,7,0,0.0,1,False,False
100000008735832100,peripheral,1.0,6,0.2406,"Признаков роли нет: связи 1 вх./0 исх., оборот 18 тыс. ₸",False,3,False,1,0,17600.0,0.0,1,0,0.0,,1,0,0.0,1,False,False
100000008736173100,peripheral,1.0,5,0.2561,"Признаков роли нет: связи 1 вх./0 исх., оборот 31 тыс. ₸",False,1,False,1,0,31060.0,0.0,1,0,0.0,,1,1,0.0,1,False,False
100000008736394100,peripheral,1.0,5,0.2385,"Признаков роли нет: связи 1 вх./0 исх., оборот 16 тыс. ₸",False,2,False,1,0,16000.0,0.0,1,0,0.0,,1,0,0.0,1,False,False
100000008736760100,peripheral,1.0,5,0.2702,"Признаков роли нет: связи 1 вх./0 исх., оборот 55 тыс. ₸",False,1,False,1,0,54757.0,0.0,1,0,0.0,,1,1,0.0,1,False,False
100000008736940100,peripheral,1.0,35,0.6131,"Признаков роли нет: связи 3 вх./3 исх., оборот 451 тыс. ₸; блокировка отсекает 633 тыс. ₸",False,1,False,3,3,451090.0,182100.0,13,6,0.4037,0.0,1,1,1e-06,2,True,False
100000008737422100,peripheral,1.0,5,0.2765,"Признаков роли нет: связи 1 вх./0 исх., оборот 77 тыс. ₸",False,1,False,1,0,76903.0,0.0,1,0,0.0,,1,1,0.0,1,False,False
100000008737514100,peripheral,1.0,2,0.2785,"Признаков роли нет: связи 1 вх./0 исх., оборот 85 тыс. ₸",False,2,False,1,0,85000.0,0.0,1,0,0.0,,7,0,0.0,1,False,False
100000008737958100,peripheral,1.0,5,0.3371,"Признаков роли нет: связи 2 вх./0 исх., оборот 53 тыс. ₸",False,1,False,2,0,53373.0,0.0,2,0,0.0,,1,1,0.0,1,False,False
100000008738325100,peripheral,1.0,12,0.1626,"Признаков роли нет: связи 1 вх./1 исх., оборот 54 тыс. ₸; курьер из исходного списка",True,0,False,1,1,36550.0,54000.0,1,1,,,1,1,0.0,1,False,False
100000008738526100,peripheral,1.0,4,0.4994,"Признаков роли нет: связи 1 вх./1 исх., оборот 140 тыс. ₸; блокировка отсекает 155 тыс. ₸",False,3,False,1,1,15000.0,140000.0,1,1,9.3333,5.0,8,0,2.1e-05,1,False,True
100000008738658100,peripheral,1.0,6,0.2541,"Признаков роли нет: связи 1 вх./0 исх., оборот 30 тыс. ₸",False,3,False,1,0,29920.0,0.0,1,0,0.0,,1,0,0.0,1,False,False
100000008739887100,peripheral,0.84,3,0.6112,"Признаков роли нет: связи 2 вх./2 исх., оборот 307 тыс. ₸; блокировка отсекает 521 тыс. ₸",False,3,False,2,2,214000.0,307000.0,3,2,1.4346,4.0,7,0,3.8e-05,1,False,True
100000008740295100,peripheral,1.0,4,0.3032,Граница выборки (4-е колено): исходящие не видны; получено 300 тыс. ₸ от 1 плательщика,False,4,True,1,0,300000.0,0.0,1,0,0.0,,8,0,0.0,1,False,False
100000008740793100,peripheral,1.0,6,0.2454,"Признаков роли нет: связи 1 вх./0 исх., оборот 21 тыс. ₸",False,3,False,1,0,21000.0,0.0,1,0,0.0,,1,0,0.0,1,False,False
100000008741372100,peripheral,1.0,5,0.259,"Признаков роли нет: связи 1 вх./0 исх., оборот 36 тыс. ₸",False,1,False,1,0,35975.0,0.0,1,0,0.0,,1,1,0.0,1,False,False
100000008742053100,transit,0.96,4,0.769,"Признаки транзита: ушло 2,8 млн ₸ при видимом входе 10 тыс. ₸ за ~3 дн. — приток вне выборки; блокировка отсекает 2,8 млн ₸",False,3,False,1,12,10000.0,2789000.0,1,12,278.9,3.0,8,0,0.000121,1,False,True
100000008742266100,peripheral,1.0,5,0.2454,"Признаков роли нет: связи 1 вх./0 исх., оборот 21 тыс. ₸",False,2,False,1,0,21000.0,0.0,1,0,0.0,,1,0,0.0,1,False,False
100000008743913100,transit,1.0,4,0.8548,"Признаки транзита: ушло 1,9 млн ₸ при видимом входе 149 тыс. ₸ за ~0 дн. — приток вне выборки; блокировка отсекает 3,7 млн ₸",False,2,False,3,13,149300.0,1850600.0,3,13,12.3952,0.0,9,0,0.000306,2,False,True
100000008744364100,peripheral,1.0,6,0.2479,"Признаков роли нет: связи 1 вх./0 исх., оборот 24 тыс. ₸",False,3,False,1,0,23700.0,0.0,1,0,0.0,,1,0,0.0,1,False,False
100000008744799100,peripheral,1.0,6,0.2339,"Признаков роли нет: связи 1 вх./0 исх., оборот 13 тыс. ₸",False,3,False,1,0,12600.0,0.0,1,0,0.0,,1,0,0.0,1,False,False
100000008744849100,peripheral,1.0,5,0.2627,"Признаков роли нет: связи 1 вх./0 исх., оборот 44 тыс. ₸",False,1,False,1,0,44445.0,0.0,1,0,0.0,,1,1,0.0,1,False,False
100000008745474100,peripheral,1.0,5,0.2614,"Признаков роли нет: связи 1 вх./0 исх., оборот 41 тыс. ₸",False,1,False,1,0,40559.0,0.0,1,0,0.0,,1,1,0.0,1,False,False
100000008745489100,peripheral,1.0,5,0.2707,"Признаков роли нет: связи 1 вх./0 исх., оборот 56 тыс. ₸",False,1,False,1,0,55539.0,0.0,1,0,0.0,,1,1,0.0,1,False,False
100000008745643100,peripheral,1.0,5,0.245,"Признаков роли нет: связи 1 вх./0 исх., оборот 20 тыс. ₸",False,1,False,1,0,20313.0,0.0,1,0,0.0,,1,1,0.0,1,False,False
100000008745676100,peripheral,1.0,6,0.258,Граница выборки (4-е колено): исходящие не видны; получено 35 тыс. ₸ от 1 плательщика,False,4,True,1,0,34547.0,0.0,1,0,0.0,,1,0,0.0,1,False,False
100000008745725100,peripheral,1.0,5,0.2649,"Признаков роли нет: связи 1 вх./0 исх., оборот 47 тыс. ₸",False,1,False,1,0,47060.0,0.0,1,0,0.0,,1,1,0.0,1,False,False
100000008745863100,peripheral,1.0,6,0.2467,"Признаков роли нет: связи 1 вх./0 исх., оборот 23 тыс. ₸",False,3,False,1,0,22900.0,0.0,1,0,0.0,,1,0,0.0,1,False,False
100000008745884100,peripheral,1.0,6,0.2437,"Признаков роли нет: связи 1 вх./0 исх., оборот 20 тыс. ₸",False,3,False,1,0,20000.0,0.0,1,0,0.0,,1,0,0.0,1,False,False
100000008746025100,peripheral,1.0,5,0.2461,"Признаков роли нет: связи 1 вх./0 исх., оборот 22 тыс. ₸",False,1,False,1,0,22000.0,0.0,1,0,0.0,,1,1,0.0,1,False,False
100000008746449100,transit,0.96,4,0.7527,"Признаки транзита: ушло 1,0 млн ₸ при видимом входе 10 тыс. ₸ за ~3 дн. — приток вне выборки; блокировка отсекает 1,0 млн ₸",False,3,False,1,10,10000.0,1009000.0,1,10,100.9,3.0,8,0,0.000166,1,False,True
100000008746673100,peripheral,1.0,5,0.2694,"Признаков роли нет: связи 1 вх./0 исх., оборот 53 тыс. ₸",False,1,False,1,0,53048.0,0.0,1,0,0.0,,1,1,0.0,1,False,False
100000008747113100,peripheral,0.54,8,0.3627,"Признаков роли нет: связи 2 вх./0 исх., оборот 198 тыс. ₸",False,1,False,2,0,197801.0,0.0,2,0,0.0,,10,1,0.0,2,False,False
100000008748408100,distributor,0.68,9,0.7769,"Признаки веерной раздачи: 21 получатель, отправлено 1,5 млн ₸; блокировка отсекает 2,4 млн ₸",False,1,False,1,21,360000.0,1499960.0,2,22,4.1666,0.0,1,1,7e-06,1,False,True
100000008748795100,peripheral,1.0,10,0.2649,"Признаков роли нет: связи 1 вх./0 исх., оборот 47 тыс. ₸",False,3,False,1,0,47057.0,0.0,1,0,0.0,,7,0,0.0,1,False,False
100000008748914100,transit,1.0,8,0.8502,"Признаки транзита: ушло 4,5 млн ₸ при видимом входе 180 тыс. ₸ за ~1 дн. — приток вне выборки; блокировка отсекает 10,5 млн ₸",False,1,False,2,13,180000.0,4471847.0,9,21,24.8436,1.0,1,1,0.000641,1,True,True
100000008749063100,peripheral,1.0,5,0.2422,"Признаков роли нет: связи 1 вх./0 исх., оборот 19 тыс. ₸",False,1,False,1,0,19000.0,0.0,1,0,0.0,,1,1,0.0,1,False,False
100000008749405100,peripheral,1.0,6,0.2595,"Признаков роли нет: связи 1 вх./0 исх., оборот 37 тыс. ₸",False,3,False,1,0,37150.0,0.0,1,0,0.0,,1,0,0.0,1,False,False
100000008749406100,peripheral,1.0,5,0.2397,"Признаков роли нет: связи 1 вх./0 исх., оборот 17 тыс. ₸",False,1,False,1,0,17144.0,0.0,1,0,0.0,,1,1,0.0,1,False,False
100000008749618100,peripheral,1.0,5,0.2651,"Признаков роли нет: связи 1 вх./0 исх., оборот 47 тыс. ₸",False,1,False,1,0,47280.0,0.0,1,0,0.0,,1,1,0.0,1,False,False
100000008749900100,peripheral,1.0,6,0.2398,"Признаков роли нет: связи 1 вх./0 исх., оборот 17 тыс. ₸",False,3,False,1,0,17150.0,0.0,1,0,0.0,,1,0,0.0,1,False,False
100000008749989100,peripheral,1.0,5,0.2385,"Признаков роли нет: связи 1 вх./0 исх., оборот 16 тыс. ₸",False,2,False,1,0,16000.0,0.0,1,0,0.0,,1,0,0.0,1,False,False
100000008750464100,peripheral,1.0,6,0.2279,"Признаков роли нет: связи 1 вх./0 исх., оборот 8 тыс. ₸",False,3,False,1,0,8500.0,0.0,1,0,0.0,,1,0,0.0,1,False,False
100000008751349100,peripheral,1.0,28,0.2328,"Признаков роли нет: связи 1 вх./0 исх., оборот 12 тыс. ₸",False,3,False,1,0,11630.0,0.0,1,0,0.0,,7,0,0.0,1,False,False
100000008751380100,terminal,1.0,4,0.498,"Деньги оседают: получено 346 тыс. ₸ от 2 плательщиков, исходящих ≥5 тыс. ₸ нет (узел раскрыт обходом)",False,3,False,2,0,345780.0,0.0,2,0,0.0,,9,0,0.0,1,False,False
100000008751429100,peripheral,1.0,35,0.5464,"Признаков роли нет: связи 3 вх./1 исх., оборот 386 тыс. ₸; блокировка отсекает 459 тыс. ₸",False,1,False,3,1,386200.0,72600.0,6,2,0.188,2.0,1,1,0.0,2,True,False
100000008752616100,transit,0.96,4,0.8242,"Признаки транзита: ушло 1,3 млн ₸ при видимом входе 65 тыс. ₸ за ~2,5 дн. — приток вне выборки; блокировка отсекает 1,3 млн ₸",False,2,False,2,7,64510.0,1265000.0,2,7,19.6094,2.5,9,0,0.000139,1,False,True
100000008753061100,peripheral,1.0,6,0.2533,"Признаков роли нет: связи 1 вх./0 исх., оборот 28 тыс. ₸",False,3,False,1,0,28400.0,0.0,2,0,0.0,,1,0,0.0,1,False,False
100000008753193100,peripheral,1.0,5,0.2587,"Признаков роли нет: связи 1 вх./0 исх., оборот 35 тыс. ₸",False,1,False,1,0,35225.0,0.0,1,0,0.0,,1,1,0.0,1,False,False
100000008753897100,peripheral,1.0,6,0.2486,"Признаков роли нет: связи 1 вх./0 исх., оборот 24 тыс. ₸",False,3,False,1,0,24050.0,0.0,1,0,0.0,,1,0,0.0,1,False,False
100000008754608100,peripheral,1.0,6,0.2336,"Признаков роли нет: связи 1 вх./0 исх., оборот 12 тыс. ₸",False,3,False,1,0,12300.0,0.0,1,0,0.0,,1,0,0.0,1,False,False
100000008754747100,peripheral,1.0,6,0.2637,"Признаков роли нет: связи 1 вх./0 исх., оборот 46 тыс. ₸",False,3,False,1,0,45500.0,0.0,1,0,0.0,,1,0,0.0,1,False,False
100000008754997100,peripheral,1.0,6,0.2414,"Признаков роли нет: связи 1 вх./0 исх., оборот 18 тыс. ₸",False,3,False,1,0,18000.0,0.0,1,0,0.0,,1,0,0.0,1,False,False
100000008755168100,peripheral,1.0,6,0.2406,"Признаков роли нет: связи 1 вх./0 исх., оборот 18 тыс. ₸",False,3,False,1,0,17600.0,0.0,1,0,0.0,,1,0,0.0,1,False,False
100000008755361100,peripheral,1.0,5,0.2357,"Признаков роли нет: связи 1 вх./0 исх., оборот 15 тыс. ₸",False,1,False,1,0,14627.0,0.0,1,0,0.0,,1,1,0.0,1,False,False
100000008755580100,peripheral,1.0,6,0.2385,"Признаков роли нет: связи 1 вх./0 исх., оборот 16 тыс. ₸",False,3,False,1,0,16000.0,0.0,1,0,0.0,,1,0,0.0,1,False,False
100000008755754100,peripheral,1.0,9,0.2268,"Признаков роли нет: связи 1 вх./0 исх., оборот 7 тыс. ₸",False,3,False,1,0,7000.0,0.0,1,0,0.0,,1,0,0.0,1,False,False
100000008757301100,peripheral,1.0,3,0.2716,Граница выборки (4-е колено): исходящие не видны; получено 58 тыс. ₸ от 1 плательщика,False,4,True,1,0,58398.0,0.0,3,0,0.0,,7,0,0.0,1,False,False
100000008757369100,transit,1.0,3,0.6386,Признаки транзита: ушло 58 тыс. ₸ при видимом входе 26 тыс. ₸ за ~0 дн. — приток вне выборки,False,3,False,1,1,25961.0,58398.0,1,3,2.2495,0.0,7,0,1.9e-05,1,False,True
100000008758106100,peripheral,1.0,4,0.2304,Граница выборки (4-е колено): исходящие не видны; получено 10 тыс. ₸ от 1 плательщика,False,4,True,1,0,10000.0,0.0,1,0,0.0,,8,0,0.0,1,False,False
100000008758168100,transit,1.0,4,0.8235,"Признаки транзита: ушло 1,5 млн ₸ при видимом входе 75 тыс. ₸ за ~1,5 дн. — приток вне выборки; блокировка отсекает 1,6 млн ₸",False,2,False,2,5,75410.0,1533600.0,2,5,20.3368,1.5,9,0,5.6e-05,1,False,True
100000008758607100,peripheral,1.0,4,0.2236,Граница выборки (4-е колено): исходящие не видны; получено 5 тыс. ₸ от 1 плательщика,False,4,True,1,0,5000.0,0.0,1,0,0.0,,8,0,0.0,1,False,False
100000008759795100,peripheral,1.0,13,0.2394,Граница выборки (4-е колено): исходящие не видны; получено 17 тыс. ₸ от 1 плательщика,False,4,True,1,0,17000.0,0.0,1,0,0.0,,1,0,0.0,1,False,False
100000008759857100,transit,0.96,4,0.7271,Признаки транзита: ушло 994 тыс. ₸ при видимом входе 5 тыс. ₸ за ~3 дн. — приток вне выборки; блокировка отсекает 999 тыс. ₸,False,3,False,1,2,5000.0,994000.0,1,3,198.8,3.0,9,0,7e-06,1,False,True
100000008760098100,peripheral,0.84,4,0.5268,"Признаков роли нет: связи 1 вх./1 исх., оборот 390 тыс. ₸; блокировка отсекает 397 тыс. ₸",False,3,False,1,1,7000.0,390000.0,1,1,55.7143,4.0,9,0,7e-06,1,False,True
100000008761132100,peripheral,1.0,4,0.2304,Граница выборки (4-е колено): исходящие не видны; получено 10 тыс. ₸ от 1 плательщика,False,4,True,1,0,10000.0,0.0,1,0,0.0,,8,0,0.0,1,False,False
100000008761219100,transit,1.0,4,0.7869,"Признаки транзита: ушло 375 тыс. ₸ при видимом входе 50 тыс. ₸ за ~0,5 дн. — приток вне выборки; блокировка отсекает 425 тыс. ₸",False,3,False,2,2,50000.0,375000.0,2,2,7.5,0.5,9,0,4.2e-05,1,False,True
100000008761220100,peripheral,1.0,4,0.2304,Граница выборки (4-е колено): исходящие не видны; получено 10 тыс. ₸ от 1 плательщика,False,4,True,1,0,10000.0,0.0,1,0,0.0,,8,0,0.0,1,False,False
100000008762005100,peripheral,1.0,4,0.2236,Граница выборки (4-е колено): исходящие не видны; получено 5 тыс. ₸ от 1 плательщика,False,4,True,1,0,5000.0,0.0,1,0,0.0,,8,0,0.0,1,False,False
100000008762728100,peripheral,1.0,2,0.2396,"Признаков роли нет: связи 1 вх./0 исх., оборот 17 тыс. ₸",False,2,False,1,0,17026.0,0.0,1,0,0.0,,7,0,0.0,1,False,False
100000008762832100,peripheral,1.0,8,0.4356,"Признаков роли нет: связи 1 вх./1 исх., оборот 150 тыс. ₸; блокировка отсекает 235 тыс. ₸",False,2,False,1,1,150000.0,85000.0,1,4,0.5667,,1,0,0.0,1,True,False
100000008762843100,peripheral,1.0,4,0.2268,Граница выборки (4-е колено): исходящие не видны; получено 7 тыс. ₸ от 1 плательщика,False,4,True,1,0,7000.0,0.0,1,0,0.0,,8,0,0.0,1,False,False
100000008762885100,peripheral,1.0,4,0.2268,Граница выборки (4-е колено): исходящие не видны; получено 7 тыс. ₸ от 1 плательщика,False,4,True,1,0,7000.0,0.0,1,0,0.0,,8,0,0.0,1,False,False
100000008763688100,peripheral,1.0,6,0.2454,"Признаков роли нет: связи 1 вх./0 исх., оборот 21 тыс. ₸",False,3,False,1,0,21000.0,0.0,1,0,0.0,,1,0,0.0,1,False,False
100000008764436100,peripheral,1.0,5,0.2345,"Признаков роли нет: связи 1 вх./0 исх., оборот 13 тыс. ₸",False,2,False,1,0,13100.0,0.0,1,0,0.0,,1,0,0.0,1,False,False
100000008764654100,peripheral,1.0,6,0.2514,"Признаков роли нет: связи 1 вх./0 исх., оборот 26 тыс. ₸",False,3,False,1,0,26150.0,0.0,1,0,0.0,,1,0,0.0,1,False,False
100000008765494100,peripheral,1.0,5,0.2483,"Признаков роли нет: связи 1 вх./0 исх., оборот 24 тыс. ₸",False,2,False,1,0,24000.0,0.0,1,0,0.0,,1,0,0.0,1,False,False
100000008765627100,peripheral,1.0,9,0.272,"Признаков роли нет: связи 1 вх./0 исх., оборот 60 тыс. ₸",False,2,False,1,0,60000.0,0.0,1,0,0.0,,1,0,0.0,1,False,False
100000008766031100,peripheral,1.0,4,0.2236,Граница выборки (4-е колено): исходящие не видны; получено 5 тыс. ₸ от 1 плательщика,False,4,True,1,0,5000.0,0.0,1,0,0.0,,8,0,0.0,1,False,False
100000008766764100,peripheral,1.0,4,0.2236,Граница выборки (4-е колено): исходящие не видны; получено 5 тыс. ₸ от 1 плательщика,False,4,True,1,0,5000.0,0.0,1,0,0.0,,8,0,0.0,1,False,False
100000008767027100,peripheral,1.0,4,0.2236,"Признаков роли нет: связи 1 вх./0 исх., оборот 5 тыс. ₸",False,3,False,1,0,5000.0,0.0,1,0,0.0,,9,0,0.0,1,False,False
100000008767065100,peripheral,1.0,4,0.2304,"Признаков роли нет: связи 1 вх./0 исх., оборот 10 тыс. ₸",False,3,False,1,0,10000.0,0.0,1,0,0.0,,9,0,0.0,1,False,False
100000008767925100,peripheral,1.0,5,0.2397,"Признаков роли нет: связи 1 вх./0 исх., оборот 17 тыс. ₸",False,1,False,1,0,17144.0,0.0,1,0,0.0,,1,1,0.0,1,False,False
100000008767950100,peripheral,1.0,6,0.2401,"Признаков роли нет: связи 1 вх./0 исх., оборот 17 тыс. ₸",False,3,False,1,0,17350.0,0.0,1,0,0.0,,1,0,0.0,1,False,False
100000008768896100,peripheral,1.0,5,0.2649,"Признаков роли нет: связи 1 вх./0 исх., оборот 47 тыс. ₸",False,1,False,1,0,47060.0,0.0,1,0,0.0,,1,1,0.0,1,False,False
100000008769097100,peripheral,1.0,6,0.2563,"Признаков роли нет: связи 1 вх./0 исх., оборот 31 тыс. ₸",False,3,False,1,0,31100.0,0.0,1,0,0.0,,1,0,0.0,1,False,False
100000008769636100,peripheral,1.0,5,0.247,"Признаков роли нет: связи 1 вх./0 исх., оборот 23 тыс. ₸",False,1,False,1,0,23118.0,0.0,1,0,0.0,,1,1,0.0,1,False,False
100000008770483100,peripheral,1.0,4,0.2236,Граница выборки (4-е колено): исходящие не видны; получено 5 тыс. ₸ от 1 плательщика,False,4,True,1,0,5000.0,0.0,1,0,0.0,,9,0,0.0,1,False,False
100000008771627100,peripheral,1.0,5,0.2391,"Признаков роли нет: связи 1 вх./0 исх., оборот 16 тыс. ₸",False,2,False,1,0,16500.0,0.0,1,0,0.0,,1,0,0.0,1,False,False
100000008771814100,peripheral,1.0,5,0.2479,"Признаков роли нет: связи 1 вх./0 исх., оборот 24 тыс. ₸",False,2,False,1,0,23700.0,0.0,1,0,0.0,,1,0,0.0,1,False,False
100000008771819100,peripheral,1.0,5,0.2601,"Признаков роли нет: связи 1 вх./0 исх., оборот 39 тыс. ₸",False,1,False,1,0,38900.0,0.0,1,0,0.0,,1,1,0.0,1,False,False
100000008772058100,peripheral,1.0,5,0.2672,"Признаков роли нет: связи 1 вх./0 исх., оборот 50 тыс. ₸",False,2,False,1,0,50000.0,0.0,1,0,0.0,,1,0,0.0,1,False,False
100000008772246100,peripheral,1.0,6,0.2628,"Признаков роли нет: связи 1 вх./0 исх., оборот 44 тыс. ₸",False,3,False,1,0,44500.0,0.0,1,0,0.0,,1,0,0.0,1,False,False
100000008773876100,peripheral,1.0,5,0.2512,"Признаков роли нет: связи 1 вх./0 исх., оборот 26 тыс. ₸",False,1,False,1,0,26120.0,0.0,1,0,0.0,,1,1,0.0,1,False,False
100000008774237100,peripheral,1.0,26,0.3879,"Признаков роли нет: связи 1 вх./1 исх., оборот 50 тыс. ₸",False,2,False,1,1,50000.0,10000.0,1,1,0.2,1.0,1,0,0.0,1,False,False
100000008775471100,terminal,1.0,4,0.4376,"Деньги оседают: получено 580 тыс. ₸ от 1 плательщика, исходящих ≥5 тыс. ₸ нет (узел раскрыт обходом)",False,3,False,1,0,580000.0,0.0,2,0,0.0,,8,0,0.0,1,False,False
100000008775747100,peripheral,1.0,4,0.2236,Граница выборки (4-е колено): исходящие не видны; получено 5 тыс. ₸ от 1 плательщика,False,4,True,1,0,5000.0,0.0,1,0,0.0,,8,0,0.0,1,False,False
100000008776298100,peripheral,1.0,5,0.2621,"Признаков роли нет: связи 1 вх./0 исх., оборот 43 тыс. ₸",False,1,False,1,0,42800.0,0.0,1,0,0.0,,1,1,0.0,1,False,False
100000008776310100,peripheral,1.0,6,0.2423,"Признаков роли нет: связи 1 вх./0 исх., оборот 19 тыс. ₸",False,3,False,1,0,19200.0,0.0,1,0,0.0,,1,0,0.0,1,False,False
100000008776420100,peripheral,1.0,6,0.2743,"Признаков роли нет: связи 1 вх./0 исх., оборот 70 тыс. ₸",False,3,False,1,0,69500.0,0.0,1,0,0.0,,1,0,0.0,1,False,False
100000008776576100,peripheral,1.0,5,0.2358,"Признаков роли нет: связи 1 вх./0 исх., оборот 15 тыс. ₸",False,1,False,1,0,14765.0,0.0,1,0,0.0,,1,1,0.0,1,False,False
100000008776720100,peripheral,1.0,6,0.2514,"Признаков роли нет: связи 1 вх./0 исх., оборот 26 тыс. ₸",False,3,False,1,0,26150.0,0.0,1,0,0.0,,1,0,0.0,1,False,False
100000008777088100,peripheral,1.0,5,0.2414,"Признаков роли нет: связи 1 вх./0 исх., оборот 18 тыс. ₸",False,1,False,1,0,18000.0,0.0,1,0,0.0,,1,1,0.0,1,False,False
100000008778010100,peripheral,1.0,6,0.2766,Граница выборки (4-е колено): исходящие не видны; получено 77 тыс. ₸ от 1 плательщика,False,4,True,1,0,76950.0,0.0,2,0,0.0,,1,0,0.0,1,False,False
100000008778753100,peripheral,1.0,27,0.2304,Граница выборки (4-е колено): исходящие не видны; получено 10 тыс. ₸ от 1 плательщика,False,4,True,1,0,10000.0,0.0,1,0,0.0,,7,0,0.0,1,False,False
100000008779584100,peripheral,1.0,5,0.2564,"Признаков роли нет: связи 1 вх./0 исх., оборот 31 тыс. ₸",False,1,False,1,0,31400.0,0.0,1,0,0.0,,1,1,0.0,1,False,False
100000008782056100,peripheral,1.0,5,0.2539,"Признаков роли нет: связи 1 вх./0 исх., оборот 29 тыс. ₸",False,1,False,1,0,29082.0,0.0,1,0,0.0,,1,1,0.0,1,False,False
100000008782421100,peripheral,1.0,5,0.2663,"Признаков роли нет: связи 1 вх./0 исх., оборот 50 тыс. ₸",False,1,False,1,0,49680.0,0.0,1,0,0.0,,1,1,0.0,1,False,False
100000008782800100,peripheral,1.0,5,0.2623,"Признаков роли нет: связи 1 вх./0 исх., оборот 43 тыс. ₸",False,1,False,1,0,43381.0,0.0,1,0,0.0,,1,1,0.0,1,False,False
